Sampling_date,Site,Replicate_number,Cyano,Green,Diatoms,Chlorophyll A,Velocity,Sample Type
2024-07-24,C1.5,1,0.2,0.31,0,0.51,0.18,Top rock
2024-07-24,C1.5,2,0.39,0,0.91,1.3,0.157,Top rock
2024-07-24,C1.5,3,0.15,0.36,0,0.51,0.192,Top rock
2024-07-24,C1.5,4,0.27,0.17,0.05,0.49,0.212,Top rock
2024-07-24,C1.5,5,0.4,0.09,0.01,0.5,0.225,Top rock
2024-07-24,C1.5,6,0.39,0,0.05,0.44,0.18,Top rock
2024-07-24,C1.5,7,0.18,0.04,0.16,0.38,0.132,Top rock
2024-07-24,C1.5,8,0.62,0.22,0.1,0.94,0.15,Top rock
2024-07-24,C1.5,9,0.43,0,0.12,0.55,0.145,Top rock
2024-07-24,C1.5,10,0.26,0.11,0,0.37,0.155,Top rock
2024-07-24,C1.5,11,0.34,0.16,0.17,0.67,0.089,Top rock
2024-07-24,C1.5,12,0.39,0.08,0.04,0.51,0.15,Top rock
2024-07-24,C1.5,13,0.25,0.01,0.11,0.37,0.18,Top rock
2024-07-24,C1.5,14,0.4,0,0,0.4,0.147,Top rock
2024-07-24,C1.5,15,0.87,0,0.56,1.43,0.082,Top rock
2024-07-24,C1.5,16,0.29,0.07,0.01,0.37,0.205,Top rock
2024-07-24,C1.5,17,0.27,0.12,0.02,0.41,0.175,Top rock
2024-07-24,C1.5,18,0.19,0,0.14,0.33,0.15,Top rock
2024-07-24,C1.5,19,0.32,0.02,0.06,0.4,0.345,Top rock
2024-07-24,C1.5,20,0.38,0.08,0.06,0.52,0.269,Top rock
2024-07-24,C2,1,0.23,0.47,0.18,0.88,0.107,Top rock
2024-07-24,C2,2,0.29,0.11,0.08,0.48,0.132,Top rock
2024-07-24,C2,3,1.13,0,0.2,1.33,0.125,Top rock
2024-07-24,C2,4,0.33,0,0.03,0.36,0.312,Top rock
2024-07-24,C2,5,0.21,0.02,0.01,0.24,0.232,Top rock
2024-07-24,C2,6,0.31,0,0,0.31,0.302,Top rock
2024-07-24,C2,7,0.42,0,0.38,0.8,0.17,Top rock
2024-07-24,C2,8,0.83,0,0,0.83,0.355,Top rock
2024-07-24,C2,9,0.42,0.15,0,0.57,0.11,Top rock
2024-07-24,C2,10,0.15,0.03,0,0.18,0.117,Top rock
2024-07-24,C2,11,0.31,0,0.18,0.49,0.22,Top rock
2024-07-24,C2,12,0.47,0,0.04,0.51,0.235,Top rock
2024-07-24,C2,13,0.23,0.02,0,0.25,0.23,Top rock
2024-07-24,C2,14,0.19,0.07,0,0.26,0.217,Top rock
2024-07-24,C2,15,0.44,0,0.21,0.65,0.077,Top rock
2024-07-24,C2,16,0.19,0.08,0.18,0.45,0.292,Top rock
2024-07-24,C2,17,0.2,0,0,0.2,0.207,Top rock
2024-07-24,C2,18,0.18,0,0,0.18,0.325,Top rock
2024-07-24,C2,19,0.32,0,0.09,0.41,0.242,Top rock
2024-07-24,C2,20,0.2,0.01,0,0.21,0.225,Top rock
2024-07-24,T1,1,0.23,0.05,0.01,0.29,0.245,Top rock
2024-07-24,T1,2,0.1,0.04,0,0.14,0.267,Top rock
2024-07-24,T1,3,0.35,0.15,0.25,0.75,0.222,Top rock
2024-07-24,T1,4,0.2,0.13,0.49,0.82,0.217,Top rock
2024-07-24,T1,5,0.44,0,1.4,1.84,0.087,Top rock
2024-07-24,T1,6,0.25,0.3,0,0.55,0.245,Top rock
2024-07-24,T1,7,0.44,0,1.87,2.31,0.207,Top rock
2024-07-24,T1,8,0.28,0,1.08,1.36,0.112,Top rock
2024-07-24,T1,9,0.15,0.14,0,0.29,0.14,Top rock
2024-07-24,T1,10,0.24,0.44,0.52,1.2,0.16,Top rock
2024-07-24,T1,11,0.36,0.17,1.07,1.6,0.08,Top rock
2024-07-24,T1,12,0.37,0,1.42,1.79,0.114,Top rock
2024-07-24,T1,13,0.27,0,1.01,1.28,0.105,Top rock
2024-07-24,T1,14,0.18,0.37,0.18,0.73,0.107,Top rock
2024-07-24,T1,15,0.32,0,0.93,1.25,0.152,Top rock
2024-07-24,T1,16,0.14,0.01,0,0.15,0.269,Top rock
2024-07-24,T1,17,0.07,0.11,0,0.18,0.132,Top rock
2024-07-24,T1,18,0.26,0.06,0.49,0.81,0.145,Top rock
2024-07-24,T1,19,0.14,0,0,0.14,0.25,Top rock
2024-07-24,T1,20,0.2,0.37,0.16,0.73,0.21,Top rock
2024-07-24,T2,1,0.12,0.18,0,0.3,0.132,Top rock
2024-07-24,T2,2,0.19,0.05,0.15,0.39,0.187,Top rock
2024-07-24,T2,3,0.2,0.41,0,0.61,0.227,Top rock
2024-07-24,T2,4,0.18,0.2,0,0.38,0.282,Top rock
2024-07-24,T2,5,0.11,0.24,0,0.35,0.177,Top rock
2024-07-24,T2,6,0.22,0.07,0.18,0.47,0.074,Top rock
2024-07-24,T2,7,0.13,0.12,0,0.25,0.142,Top rock
2024-07-24,T2,8,0.14,0.12,0.03,0.29,0.112,Top rock
2024-07-24,T2,9,0.57,0,0.78,1.35,0.157,Top rock
2024-07-24,T2,10,0.21,0.29,0.18,0.68,0.12,Top rock
2024-07-24,T2,11,0.23,0,0.36,0.59,0.18,Top rock
2024-07-24,T2,12,0.1,0.41,0,0.51,0.132,Top rock
2024-07-24,T2,13,0.31,0,0.78,1.09,0.082,Top rock
2024-07-24,T2,14,0.36,0.13,0.5,0.99,0.95,Top rock
2024-07-24,T2,15,0.22,0.35,0,0.57,0.135,Top rock
2024-07-24,T2,16,0.21,0.21,0,0.42,0.13,Top rock
2024-07-24,T2,17,0.23,0.19,0.34,0.76,0.105,Top rock
2024-07-24,T2,18,0.16,0.23,0,0.39,0.097,Top rock
2024-07-24,T2,19,0.34,0.09,0.09,0.52,0.08,Top rock
2024-07-24,T2,20,0.16,0.36,0.07,0.59,0.089,Top rock
2024-07-24,T3,1,0.3,0,1.31,1.61,0.26,Top rock
2024-07-24,T3,2,0.03,0.24,0,0.27,0.175,Top rock
2024-07-24,T3,3,0.32,0,1.19,1.51,0.195,Top rock
2024-07-24,T3,4,0.2,0.17,0.03,0.4,0.195,Top rock
2024-07-24,T3,5,0.12,0.05,0.13,0.3,0.105,Top rock
2024-07-24,T3,6,0.27,0,0.93,1.2,0.142,Top rock
2024-07-24,T3,7,0.18,0.03,0,0.21,0.097,Top rock
2024-07-24,T3,8,0.28,0,1.01,1.29,0.122,Top rock
2024-07-24,T3,9,0.09,0.11,0,0.2,0.087,Top rock
2024-07-24,T3,10,0.6,0,1,1.6,0.185,Top rock
2024-07-24,T3,11,0.3,0,0.44,0.74,0.122,Top rock
2024-07-24,T3,12,0.11,0.06,0,0.17,0.172,Top rock
2024-07-24,T3,13,0.21,0.06,0,0.27,0.185,Top rock
2024-07-24,T3,14,0.07,0.13,0,0.2,0.2,Top rock
2024-07-24,T3,15,0.13,0.05,0,0.18,0.195,Top rock
2024-07-24,T3,16,0.1,0.26,0,0.36,0.17,Top rock
2024-07-24,T3,17,0.15,0.47,0.36,0.98,0.155,Top rock
2024-07-24,T3,18,0.2,0.06,0.05,0.31,0.222,Top rock
2024-07-24,T3,19,0.33,0,0.93,1.26,0.13,Top rock
2024-07-24,T3,20,0.2,0.54,0,0.74,0.085,Top rock
2024-08-13,C1.5,1,0.19,0.06,0,0.25,0.12,Top rock
2024-08-13,C1.5,2,0.21,0.2,0,0.41,0.155,Top rock
2024-08-13,C1.5,3,0.21,0.39,0,0.6,0.125,Top rock
2024-08-13,C1.5,4,0.2,0.09,0,0.29,0.112,Top rock
2024-08-13,C1.5,5,0.08,0.47,0,0.55,0.105,Top rock
2024-08-13,C1.5,6,0.09,0.1,0,0.19,0.114,Top rock
2024-08-13,C1.5,7,0.1,0.1,0,0.2,0.122,Top rock
2024-08-13,C1.5,8,0.15,0.16,0,0.31,0.157,Top rock
2024-08-13,C1.5,9,0.13,0.29,0.01,0.43,0.074,Top rock
2024-08-13,C1.5,10,0.17,0.14,0,0.31,0.082,Top rock
2024-08-13,C1.5,11,0.3,0.22,0,0.52,0.105,Top rock
2024-08-13,C1.5,12,0.16,0.05,0,0.21,0.235,Top rock
2024-08-13,C1.5,13,0.14,0.05,0,0.19,0.137,Top rock
2024-08-13,C1.5,14,0.14,0.15,0,0.29,0.147,Top rock
2024-08-13,C1.5,15,0.09,0.11,0,0.2,0.055,Top rock
2024-08-13,C1.5,16,0.1,0.13,0,0.23,0.18,Top rock
2024-08-13,C1.5,17,0.6,0.17,0.1,0.87,0.142,Top rock
2024-08-13,C1.5,18,0.15,0.64,0,0.79,0.287,Top rock
2024-08-13,C1.5,19,0.19,0.09,0,0.28,0.18,Top rock
2024-08-13,C1.5,20,0.08,0.15,0,0.23,0.137,Top rock
2024-08-13,C2,1,0.17,0.32,0,0.49,0.095,Top rock
2024-08-13,C2,2,0.11,0.16,0.08,0.35,0.107,Top rock
2024-08-13,C2,3,0.65,0.01,0,0.66,0.24,Top rock
2024-08-13,C2,4,0.3,0.07,0.33,0.7,0.062,Top rock
2024-08-13,C2,5,0.06,0.08,0,0.14,0.167,Top rock
2024-08-13,C2,6,0.24,0.08,0.03,0.35,0.197,Top rock
2024-08-13,C2,7,0.14,0.08,0,0.22,0.152,Top rock
2024-08-13,C2,8,0.32,0,0.6,0.92,0.212,Top rock
2024-08-13,C2,9,0.21,0.02,0.04,0.27,0.297,Top rock
2024-08-13,C2,10,0.17,0.07,0.11,0.35,0.077,Top rock
2024-08-13,C2,11,0.15,0.03,0,0.18,0.117,Top rock
2024-08-13,C2,12,0.18,0.07,0.01,0.26,0.422,Top rock
2024-08-13,C2,13,0.08,0.78,0,0.86,0.217,Top rock
2024-08-13,C2,14,0.21,0.38,0.08,0.67,0.2,Top rock
2024-08-13,C2,15,0.06,0.24,0.1,0.4,0.107,Top rock
2024-08-13,C2,16,0.17,0.06,0,0.23,0.262,Top rock
2024-08-13,C2,17,0.18,0.02,0,0.2,0.167,Top rock
2024-08-13,C2,18,0.11,0.08,0,0.19,0.19,Top rock
2024-08-13,C2,19,0.23,0.15,0.08,0.46,0.072,Top rock
2024-08-13,C2,20,0.43,0.24,0.35,1.02,0.217,Top rock
2024-08-13,T1,1,0.08,0.04,0,0.12,0.157,Top rock
2024-08-13,T1,2,0.17,0,0,0.17,0.132,Top rock
2024-08-13,T1,3,0.08,0,0,0.08,0.2,Top rock
2024-08-13,T1,4,0.09,0.15,0,0.24,0.04,Top rock
2024-08-13,T1,5,0.06,0.05,0,0.11,0.087,Top rock
2024-08-13,T1,6,0.75,0.04,0.25,1.04,0.18,Top rock
2024-08-13,T1,7,0.09,0,0,0.09,0.14,Top rock
2024-08-13,T1,8,0.24,0,0.62,0.86,0.12,Top rock
2024-08-13,T1,9,0.2,0,1.18,1.38,0.077,Top rock
2024-08-13,T1,10,0.22,0.03,0.68,0.93,0.114,Top rock
2024-08-13,T1,11,0.21,0,0.83,1.04,0.047,Top rock
2024-08-13,T1,12,0.03,0.23,0.06,0.32,0.062,Top rock
2024-08-13,T1,13,0.12,0.01,0.73,0.86,0.04,Top rock
2024-08-13,T1,14,0.14,0.06,0.12,0.32,0.152,Top rock
2024-08-13,T1,15,0.06,0.07,0,0.13,0.137,Top rock
2024-08-13,T1,16,0.08,0.22,0,0.3,0.197,Top rock
2024-08-13,T1,17,0.06,0.05,0,0.11,0.247,Top rock
2024-08-13,T1,18,0.2,0.39,0,0.59,0.26,Top rock
2024-08-13,T1,19,0.15,0.02,0,0.17,0.114,Top rock
2024-08-13,T1,20,0.17,0.53,0.11,0.81,0.185,Top rock
2024-08-13,T2,1,0.21,0.18,0,0.39,0.091,Top rock
2024-08-13,T2,2,0.28,0.28,0,0.56,0.1,Top rock
2024-08-13,T2,3,0.14,0.41,0,0.55,0.16,Top rock
2024-08-13,T2,4,0.24,0,0.91,1.15,0.047,Top rock
2024-08-13,T2,5,0.13,0.28,0.33,0.74,0.039,Top rock
2024-08-13,T2,6,0.42,0,1.53,1.95,0.06,Top rock
2024-08-13,T2,7,0.11,0.19,0.06,0.36,0.15,Top rock
2024-08-13,T2,8,0.12,0.75,0,0.87,0.162,Top rock
2024-08-13,T2,9,0.67,0,2.31,2.98,0.117,Top rock
2024-08-13,T2,10,0.23,0.12,0.31,0.66,0.022,Top rock
2024-08-13,T2,11,0.8,0,1.99,2.79,0.1,Top rock
2024-08-13,T2,12,1.2,0,5.31,6.51,0.07,Top rock
2024-08-13,T2,13,0.21,0,1.09,1.3,0.032,Top rock
2024-08-13,T2,14,0.17,0,0.74,0.91,0.04,Top rock
2024-08-13,T2,15,0.27,0,2.36,2.63,0.028,Top rock
2024-08-13,T2,16,0.25,0.53,0.28,1.06,0.097,Top rock
2024-08-13,T2,17,0.4,0,0.69,1.09,0.065,Top rock
2024-08-13,T2,18,1.87,0,1.1,2.97,0.08,Top rock
2024-08-13,T2,19,0.37,0.13,0.87,1.37,0.052,Top rock
2024-08-13,T2,20,0.17,0.47,0,0.64,0.157,Top rock
2024-08-13,T2,21,0.26,0.8,0.53,1.59,0.107,Top rock
2024-08-13,T3,1,0.14,0.14,0,0.28,0.095,Top rock
2024-08-13,T3,2,0.1,0.13,0,0.23,0.192,Top rock
2024-08-13,T3,3,1.12,0,3.42,4.54,0.077,Top rock
2024-08-13,T3,4,0.2,0.27,0.08,0.55,0.165,Top rock
2024-08-13,T3,5,0.15,0.39,0.11,0.65,0.112,Top rock
2024-08-13,T3,6,0.33,0.28,0.79,1.4,0.17,Top rock
2024-08-13,T3,7,0.21,0.37,0.62,1.2,0.097,Top rock
2024-08-13,T3,8,0.14,0.33,0,0.47,0.12,Top rock
2024-08-13,T3,9,0.24,0.49,0,0.73,0.202,Top rock
2024-08-13,T3,10,0.26,0.38,0,0.64,0.147,Top rock
2024-08-13,T3,11,0.11,0.45,0,0.56,0.089,Top rock
2024-08-13,T3,12,0.14,0.34,0,0.48,0.162,Top rock
2024-08-13,T3,13,0.19,0.05,0,0.24,0.13,Top rock
2024-08-13,T3,14,0.15,0.03,0,0.18,0.197,Top rock
2024-08-13,T3,15,0.23,0.21,0,0.44,0.322,Top rock
2024-08-13,T3,16,0.06,0.19,0,0.25,0.165,Top rock
2024-08-13,T3,17,0.19,0.1,0,0.29,0.072,Top rock
2024-08-13,T3,18,0.21,0.28,0,0.49,0.081,Top rock
2024-08-13,T3,19,0.12,0,0,0.12,0.08,Top rock
2024-08-13,T3,20,0.16,0.18,0,0.34,0.097,Top rock
2024-09-26,C2,1,0.68,0.41,0.58,1.67,1,Top rock
2024-09-26,C2,2,0.72,0.62,0.84,2.18,1.33,Top rock
2024-09-26,C2,3,0.54,0.51,0.38,1.43,0.76,Top rock
2024-09-26,C2,4,0.96,0.5,0.35,1.81,0.73,Top rock
2024-09-26,C2,5,0.58,0.31,0.15,1.04,1.13,Top rock
2024-09-26,C2,6,0.84,0.61,0.45,1.9,1.27,Top rock
2024-09-26,C2,7,1.07,0.46,0.69,2.22,1.04,Top rock
2024-09-26,C2,8,0.72,0.5,0.32,1.54,1.05,Top rock
2024-09-26,C2,9,0.48,0.18,0.33,0.99,1.04,Top rock
2024-09-26,C2,10,0.99,0.26,0.02,1.27,1.1,Top rock
2024-09-26,C2,11,0.84,0,3.79,4.63,0.59,Top rock
2024-09-26,C2,12,0.48,0.22,0.03,0.73,0.68,Top rock
2024-09-26,C2,13,0.73,1.06,0.95,2.74,0.86,Top rock
2024-09-26,C2,14,0.8,0.29,1.1,2.19,1.32,Top rock
2024-09-26,C2,15,0.84,0.16,0.96,1.96,0.77,Top rock
2024-09-26,C2,16,1.36,0.19,1.24,2.79,0.83,Top rock
2024-09-26,C2,17,0.76,0.16,0,0.92,0.58,Top rock
2024-09-26,C2,18,0.52,0.35,0.65,1.52,0.81,Top rock
2024-09-26,C2,19,1.12,0.48,4.28,5.88,0.57,Top rock
2024-09-26,C2,20,0.65,0.05,0,0.7,1.02,Top rock
2024-09-26,T1,1,0.26,0.38,0.02,0.66,0.72,Top rock
2024-09-26,T1,2,0.26,0.16,0,0.42,0.73,Top rock
2024-09-26,T1,3,0.5,0.26,0,0.76,0.9,Top rock
2024-09-26,T1,4,0.55,0.36,0.11,1.02,0.44,Top rock
2024-09-26,T1,5,0.19,0.21,0,0.4,0.88,Top rock
2024-09-26,T1,6,0.34,0,0,0.34,0.75,Top rock
2024-09-26,T1,7,0.32,0.06,0,0.38,0.78,Top rock
2024-09-26,T1,8,0.07,0.04,0,0.11,0.6,Top rock
2024-09-26,T1,9,0.11,0.16,0,0.27,0.9,Top rock
2024-09-26,T1,10,0.08,0.07,0,0.15,0.89,Top rock
2024-09-26,T1,11,0.1,0.12,0,0.22,0.74,Top rock
2024-09-26,T1,12,0.35,0.14,0.23,0.72,-0.07,Top rock
2024-09-26,T1,13,0.26,0.14,0.12,0.52,1.15,Top rock
2024-09-26,T1,14,0.42,0.63,0.55,1.6,0.85,Top rock
2024-09-26,T1,15,0.31,0.37,0.11,0.79,0.67,Top rock
2024-09-26,T1,16,0.15,0.58,0.15,0.88,0.7,Top rock
2024-09-26,T1,17,0.6,0,3.92,4.52,0.16,Top rock
2024-09-26,T1,18,0.74,0.77,0.95,2.46,0.55,Top rock
2024-09-26,T1,19,0.36,0.23,0.01,0.6,0.65,Top rock
2024-09-26,T1,20,0.28,0.37,0.15,0.8,0.71,Top rock
2024-09-26,T2,1,0.33,0,0.14,0.47,0.9,Top rock
2024-09-26,T2,2,0.25,0,0.08,0.33,0.76,Top rock
2024-09-26,T2,3,0.17,0,0,0.17,1.03,Top rock
2024-09-26,T2,4,0.89,0,4.49,5.38,0.06,Top rock
2024-09-26,T2,5,0.16,0.09,0,0.25,0.64,Top rock
2024-09-26,T2,6,0.19,0.13,0.11,0.43,0.65,Top rock
2024-09-26,T2,7,0.24,0.06,0,0.3,0.92,Top rock
2024-09-26,T2,8,0.21,0.24,0.16,0.61,0.62,Top rock
2024-09-26,T2,9,0.39,0,0,0.39,0.71,Top rock
2024-09-26,T2,10,1.6,0,6.89,8.49,0.37,Top rock
2024-09-26,T2,11,0.38,0.03,0,0.41,0.72,Top rock
2024-09-26,T2,12,0.88,0,0.51,1.39,0.35,Top rock
2024-09-26,T2,13,0.16,0.25,0,0.41,0.4,Top rock
2024-09-26,T2,14,0.29,0.08,0,0.37,0.54,Top rock
2024-09-26,T2,15,0.93,0,2.67,3.6,0.74,Top rock
2024-09-26,T2,16,0.07,0.21,0.08,0.36,0.41,Top rock
2024-09-26,T2,17,0.13,0.52,0,0.65,0.32,Top rock
2024-09-26,T2,18,0.39,0,0,0.39,0.55,Top rock
2024-09-26,T2,19,0.39,0,1.12,1.51,0.54,Top rock
2024-09-26,T2,20,0.68,0,0.4,1.08,0.32,Top rock
2024-09-26,T3,1,0.21,0.2,0.09,0.5,0.8,Top rock
2024-09-26,T3,2,1.65,0,0.48,2.13,1.09,Top rock
2024-09-26,T3,3,0.27,0.07,0,0.34,1.12,Top rock
2024-09-26,T3,4,0.25,0.1,0.03,0.38,1.22,Top rock
2024-09-26,T3,5,0.21,0.57,0,0.78,1.08,Top rock
2024-09-26,T3,6,0.09,0.02,0,0.11,1.08,Top rock
2024-09-26,T3,7,0.15,0.36,0,0.51,0.81,Top rock
2024-09-26,T3,8,0.25,0.06,0,0.31,0.65,Top rock
2024-09-26,T3,9,0.16,0.15,0,0.31,0.71,Top rock
2024-09-26,T3,10,0.21,0.05,0,0.26,0.6,Top rock
2024-09-26,T3,11,0.21,0.28,0,0.49,0.51,Top rock
2024-09-26,T3,12,0.19,0.3,0,0.49,0.6,Top rock
2024-09-26,T3,13,0.24,0,0,0.24,0.52,Top rock
2024-09-26,T3,14,0.18,0.21,0,0.39,0.61,Top rock
2024-09-26,T3,15,0.17,0.01,0,0.18,0.86,Top rock
2024-09-26,T3,16,0.19,0.32,0,0.51,0.77,Top rock
2024-09-26,T3,17,0.18,0.23,0.04,0.45,0.81,Top rock
2024-09-26,T3,18,0.55,0.08,0,0.63,0.49,Top rock
2024-09-26,T3,19,0.29,0,0,0.29,0.53,Top rock
2024-09-26,T3,20,0.12,0.12,0,0.24,0.37,Top rock
2024-10-26,C1.5,1,0.32,0.15,0.57,1.04,0.34,Top rock
2024-10-26,C1.5,2,0.43,0.15,0.57,1.15,0.23,Top rock
2024-10-26,C1.5,3,0.49,0,3.43,3.92,0.3,Top rock
2024-10-26,C1.5,4,0,0.66,0.35,1.01,0.42,Top rock
2024-10-26,C1.5,5,0.05,0.07,0,0.12,0.44,Top rock
2024-10-26,C1.5,6,0.95,0.19,0.12,1.26,0.24,Top rock
2024-10-26,C1.5,7,0.71,0,1.24,1.95,0.48,Top rock
2024-10-26,C1.5,8,0.63,0.1,1.17,1.9,0.23,Top rock
2024-10-26,C1.5,9,0.24,0.06,1.4,1.7,0.34,Top rock
2024-10-26,C1.5,10,0.58,0,3.76,4.34,0.49,Top rock
2024-10-26,C1.5,11,0.19,0.26,0.55,1,0.55,Top rock
2024-10-26,C1.5,12,0.24,0.03,0.35,0.62,0.41,Top rock
2024-10-26,C1.5,13,0.06,0.03,0,0.09,0.81,Top rock
2024-10-26,C1.5,14,0.01,0.11,0.38,0.5,0.34,Top rock
2024-10-26,C1.5,15,0.02,0.08,0,0.1,0.32,Top rock
2024-10-26,C1.5,16,0.92,0,0.27,1.19,0.67,Top rock
2024-10-26,C1.5,17,0.06,0.25,0.06,0.37,0.57,Top rock
2024-10-26,C1.5,18,0.69,0,0.12,0.81,0.87,Top rock
2024-10-26,C1.5,19,0.12,0.16,0,0.28,0.67,Top rock
2024-10-26,C1.5,20,0,0.39,0.25,0.64,0.42,Top rock
2024-10-26,C2,1,0.33,0.17,0,0.5,0.44,Top rock
2024-10-26,C2,2,2.69,0,5.48,8.17,0.34,Top rock
2024-10-26,C2,3,0.39,0.22,0,0.61,0.5,Top rock
2024-10-26,C2,4,0.6,0,0.33,0.93,0.26,Top rock
2024-10-26,C2,5,0.17,0.27,0,0.44,0.56,Top rock
2024-10-26,C2,6,0.97,0,5.06,6.03,0.19,Top rock
2024-10-26,C2,7,1.57,0,6.57,8.14,0.39,Top rock
2024-10-26,C2,8,0.98,0,3.16,4.14,0.61,Top rock
2024-10-26,C2,9,0.46,0,1.97,2.43,0.22,Top rock
2024-10-26,C2,10,0.34,0.01,0.15,0.5,0.34,Top rock
2024-10-26,C2,11,0.4,0.35,0,0.75,0.43,Top rock
2024-10-26,C2,12,0.81,0,1.88,2.69,0.52,Top rock
2024-10-26,C2,13,1.11,0,3.91,5.02,0.27,Top rock
2024-10-26,C2,14,0.46,2.74,1.17,4.37,0.01,Top rock
2024-10-26,C2,15,0.53,0,1.14,1.67,0.46,Top rock
2024-10-26,C2,16,0.28,0.65,0.18,1.11,0.43,Top rock
2024-10-26,C2,17,0.57,0,0.44,1.01,0.31,Top rock
2024-10-26,C2,18,0.67,0,3.5,4.17,-0.06,Top rock
2024-10-26,C2,19,1.48,0,6.82,8.3,0.55,Top rock
2024-10-26,C2,20,0.54,0.37,0.65,1.56,0.49,Top rock
2024-10-26,T1,1,1.23,0,5.17,6.4,0.27,Top rock
2024-10-26,T1,2,0.36,0,1.11,1.47,0.29,Top rock
2024-10-26,T1,3,1.83,0,8.88,10.71,0.31,Top rock
2024-10-26,T1,4,0.71,0,2.05,2.76,0.49,Top rock
2024-10-26,T1,5,0.07,0.03,0,0.1,0.31,Top rock
2024-10-26,T1,6,0.55,0,2.84,3.39,0.36,Top rock
2024-10-26,T1,7,0.34,0,1.48,1.82,0.27,Top rock
2024-10-26,T1,8,0.38,0,2.12,2.5,0.23,Top rock
2024-10-26,T1,9,0.52,0,2.88,3.4,0.38,Top rock
2024-10-26,T1,10,0.16,0.08,0.76,1,0.02,Top rock
2024-10-26,T1,11,0.68,0,4.06,4.74,0.21,Top rock
2024-10-26,T1,12,0.04,0.11,0,0.15,0.29,Top rock
2024-10-26,T1,13,0.66,0,3.28,3.94,0.03,Top rock
2024-10-26,T1,14,0.63,0,0.64,1.27,0.64,Top rock
2024-10-26,T1,15,0.58,0,2.68,3.26,0.7,Top rock
2024-10-26,T1,16,0.51,0.46,0.22,1.19,0.5,Top rock
2024-10-26,T1,17,0.81,0,3.59,4.4,0.54,Top rock
2024-10-26,T1,18,0.32,0.05,0.67,1.04,0.6,Top rock
2024-10-26,T1,19,0.23,0.17,0.14,0.54,0.33,Top rock
2024-10-26,T1,20,0.35,0.21,0.94,1.5,0.45,Top rock
2024-10-26,T2,1,0.38,0.07,0,0.45,0.47,Top rock
2024-10-26,T2,2,1.17,0,1.68,2.85,0.55,Top rock
2024-10-26,T2,3,1.06,0,3.46,4.52,0.39,Top rock
2024-10-26,T2,4,0.26,0.63,0,0.89,0.26,Top rock
2024-10-26,T2,5,0.1,0.14,0,0.24,0.41,Top rock
2024-10-26,T2,6,1.72,0,3.68,5.4,0.47,Top rock
2024-10-26,T2,7,3.51,0,0.33,3.84,0.4,Top rock
2024-10-26,T2,8,0.28,0,0.73,1.01,0.38,Top rock
2024-10-26,T2,9,0.16,0.34,0,0.5,0.49,Top rock
2024-10-26,T2,10,0.65,0,3.08,3.73,0.39,Top rock
2024-10-26,T2,11,0.08,0.08,0.44,0.6,0.14,Top rock
2024-10-26,T2,12,0.29,0.06,0.78,1.13,0.11,Top rock
2024-10-26,T2,13,0.22,0.04,0.72,0.98,0.15,Top rock
2024-10-26,T2,14,0.7,0,3.07,3.77,0.15,Top rock
2024-10-26,T2,15,0.65,0,3.09,3.74,0.22,Top rock
2024-10-26,T2,16,0.06,0.13,0,0.19,0.09,Top rock
2024-10-26,T2,17,0.97,0,2.58,3.55,0.37,Top rock
2024-10-26,T2,18,1.17,0,0.41,1.58,0.17,Top rock
2024-10-26,T2,19,0.21,0.41,0,0.62,0.27,Top rock
2024-10-26,T2,20,0.38,1.33,0,1.71,0.53,Top rock
2024-10-26,T3,1,0.15,0.24,0,0.39,0.52,Top rock
2024-10-26,T3,2,0.09,0.18,0,0.27,0.4,Top rock
2024-10-26,T3,3,0.06,0.1,0,0.16,0.26,Top rock
2024-10-26,T3,4,0.54,0.44,0.33,1.31,0.36,Top rock
2024-10-26,T3,5,0.16,0.5,0.39,1.05,0.52,Top rock
2024-10-26,T3,6,0.16,0.4,0.36,0.92,0.21,Top rock
2024-10-26,T3,7,1.61,0,3.03,4.64,0.58,Top rock
2024-10-26,T3,8,1.76,0,0.69,2.45,0.38,Top rock
2024-10-26,T3,9,3.07,0,0.38,3.45,0.29,Top rock
2024-10-26,T3,10,0.15,0.05,0,0.2,0.37,Top rock
2024-10-26,T3,11,0.19,0.29,0.06,0.54,0.31,Top rock
2024-10-26,T3,12,1.31,0,2.06,3.37,0.52,Top rock
2024-10-26,T3,13,0.11,0.26,0.35,0.72,0.6,Top rock
2024-10-26,T3,14,0.1,0.35,0,0.45,0.27,Top rock
2024-10-26,T3,15,1.04,0,0.4,1.44,0.75,Top rock
2024-10-26,T3,16,2.19,0,0.23,2.42,0.55,Top rock
2024-10-26,T3,17,0.25,0,0.7,0.95,0.34,Top rock
2024-10-26,T3,18,0.12,0,0,0.12,0.31,Top rock
2024-10-26,T3,19,0.26,0,0,0.26,0.46,Top rock
2024-10-26,T3,20,0.11,0.36,0.04,0.51,0.24,Top rock
2024-11-14,C1.5,1,0,0.03,0,0.03,0.3,Top rock
2024-11-14,C1.5,2,0.06,0.22,0,0.28,0.34,Top rock
2024-11-14,C1.5,3,0.08,0.17,0,0.25,0.47,Top rock
2024-11-14,C1.5,4,0.05,0.11,0,0.16,0.24,Top rock
2024-11-14,C1.5,5,0.03,0,0,0.03,0.33,Top rock
2024-11-14,C1.5,6,0.06,0.07,0,0.13,0.35,Top rock
2024-11-14,C1.5,7,0.14,0.61,0.1,0.85,0.17,Top rock
2024-11-14,C1.5,8,0.31,0.35,0.3,0.96,0.2,Top rock
2024-11-14,C1.5,9,0.23,0.45,0.19,0.87,0.12,Top rock
2024-11-14,C1.5,10,0.12,0.19,0.03,0.34,0.27,Top rock
2024-11-14,C1.5,11,0.12,0.99,0.05,1.16,0.17,Top rock
2024-11-14,C1.5,12,0.07,0.09,0,0.16,0.23,Top rock
2024-11-14,C1.5,13,0.22,0.19,0,0.41,0.22,Top rock
2024-11-14,C1.5,14,0.53,0,0.4,0.93,0.69,Top rock
2024-11-14,C1.5,15,0.09,0.26,0,0.35,0.38,Top rock
2024-11-14,C1.5,16,1.14,0,0.4,1.54,0.32,Top rock
2024-11-14,C1.5,17,0.11,0.04,0,0.15,0.43,Top rock
2024-11-14,C1.5,18,0.2,0.03,0,0.23,0.68,Top rock
2024-11-14,C1.5,19,0.2,0.48,0,0.68,0.26,Top rock
2024-11-14,C1.5,20,0.17,0.47,0,0.64,0.42,Top rock
2024-11-14,C2,1,0.1,0.23,0,0.33,0.22,Top rock
2024-11-14,C2,2,0.07,0.23,0,0.3,0.24,Top rock
2024-11-14,C2,3,0.14,0.56,0,0.7,0.3,Top rock
2024-11-14,C2,4,0.24,0.09,0.41,0.74,0.04,Top rock
2024-11-14,C2,5,0.11,0.2,0,0.31,0.39,Top rock
2024-11-14,C2,6,0.09,0.12,0,0.21,0.34,Top rock
2024-11-14,C2,7,0.36,0.18,0.15,0.69,0.54,Top rock
2024-11-14,C2,8,0.04,0.02,0,0.06,0.33,Top rock
2024-11-14,C2,9,0.01,0.08,0,0.09,0.11,Top rock
2024-11-14,C2,10,0.17,0.2,0.16,0.53,0.06,Top rock
2024-11-14,C2,11,0.09,0.26,0,0.35,0.54,Top rock
2024-11-14,C2,12,0.11,0.51,0,0.62,0.32,Top rock
2024-11-14,C2,13,0.38,0.52,0.58,1.48,0.57,Top rock
2024-11-14,C2,14,0.1,0.04,0,0.14,0.27,Top rock
2024-11-14,C2,15,0.05,0.05,0,0.1,0.34,Top rock
2024-11-14,C2,16,0.27,0.64,0,0.91,0.03,Top rock
2024-11-14,C2,17,0.4,0,0.17,0.57,0.79,Top rock
2024-11-14,C2,18,0.14,0.76,0.02,0.92,0.54,Top rock
2024-11-14,C2,19,0.28,0,0.44,0.72,0.16,Top rock
2024-11-14,C2,20,0.14,0.21,0,0.35,0.21,Top rock
2024-11-14,T1,1,0.14,0.29,0,0.43,0.25,Top rock
2024-11-14,T1,2,0.19,0.04,0,0.23,0.16,Top rock
2024-11-14,T1,3,0.4,0,1.97,2.37,0.04,Top rock
2024-11-14,T1,4,0.29,0.05,1.15,1.49,0.04,Top rock
2024-11-14,T1,5,0.17,0.25,0,0.42,0.3,Top rock
2024-11-14,T1,6,0.26,0.05,0.46,0.77,0,Top rock
2024-11-14,T1,7,0.14,0.11,0,0.25,0.31,Top rock
2024-11-14,T1,8,0.05,0.19,0,0.24,0.36,Top rock
2024-11-14,T1,9,0.12,0.4,0,0.52,0.3,Top rock
2024-11-14,T1,10,0.23,0.36,0.13,0.72,0.22,Top rock
2024-11-14,T1,11,0.19,0.37,0.09,0.65,0.16,Top rock
2024-11-14,T1,12,0.27,0,0.63,0.9,-0.01,Top rock
2024-11-14,T1,13,0.1,0,0,0.1,0.18,Top rock
2024-11-14,T1,14,0.09,0.06,0,0.15,0.18,Top rock
2024-11-14,T1,15,0.08,0.21,0,0.29,0.02,Top rock
2024-11-14,T1,16,0.22,0.26,0.02,0.5,0.1,Top rock
2024-11-14,T1,17,0.07,0.13,0,0.2,0.33,Top rock
2024-11-14,T1,18,0.09,0.05,0,0.14,0.21,Top rock
2024-11-14,T1,19,0.35,0.15,1.5,2,0.08,Top rock
2024-11-14,T1,20,0.2,0.32,0.08,0.6,0.23,Top rock
2024-11-14,T2,1,0.49,0,2.54,3.03,0.12,Top rock
2024-11-14,T2,2,0.29,0.53,0.86,1.68,0.19,Top rock
2024-11-14,T2,3,0.26,0.44,0,0.7,0.31,Top rock
2024-11-14,T2,4,0.69,0,1.15,1.84,0.09,Top rock
2024-11-14,T2,5,0.53,0,0.7,1.23,0.22,Top rock
2024-11-14,T2,6,0.2,0.48,0.01,0.69,0.23,Top rock
2024-11-14,T2,7,0.31,0.39,1.5,2.2,0.22,Top rock
2024-11-14,T2,8,0.29,0.99,0.99,2.27,0.24,Top rock
2024-11-14,T2,9,0.01,0.22,0,0.23,0.18,Top rock
2024-11-14,T2,10,0.84,0,2.35,3.19,0.11,Top rock
2024-11-14,T2,11,0.43,0.08,1.91,2.42,0.04,Top rock
2024-11-14,T2,12,1.19,0,5.81,7,0.17,Top rock
2024-11-14,T2,13,0.32,0.19,0.47,0.98,0.15,Top rock
2024-11-14,T2,14,0.4,0.17,0.45,1.02,0.2,Top rock
2024-11-14,T2,15,0.68,0.21,1.61,2.5,0.08,Top rock
2024-11-14,T2,16,1.23,0,3.87,5.1,0.07,Top rock
2024-11-14,T2,17,0.01,0.01,0,0.02,0.29,Top rock
2024-11-14,T2,18,0.25,0.37,0.21,0.83,0.09,Top rock
2024-11-14,T2,19,0.5,0.63,0.72,1.85,0.28,Top rock
2024-11-14,T2,20,2.27,0.68,6.57,9.52,0.22,Top rock
2024-11-14,T3,1,0.05,0.21,0,0.26,0.3,Top rock
2024-11-14,T3,2,0.05,0.07,0,0.12,0.26,Top rock
2024-11-14,T3,3,0.08,0.26,0,0.34,0.24,Top rock
2024-11-14,T3,4,0.06,0.08,0,0.14,0.25,Top rock
2024-11-14,T3,5,0.27,0,1.07,1.34,0.12,Top rock
2024-11-14,T3,6,0.16,0.43,0.28,0.87,0.1,Top rock
2024-11-14,T3,7,0.59,0.22,0.15,0.96,0.26,Top rock
2024-11-14,T3,8,0.26,0.16,0.42,0.84,0.15,Top rock
2024-11-14,T3,9,0.16,0.22,0.21,0.59,0.1,Top rock
2024-11-14,T3,10,0.15,0.13,0,0.28,0.29,Top rock
2024-11-14,T3,11,0.12,0.19,0,0.31,0.25,Top rock
2024-11-14,T3,12,0.04,0.01,0,0.05,0.32,Top rock
2024-11-14,T3,13,0.1,0.04,0,0.14,0.21,Top rock
2024-11-14,T3,14,0.09,0.08,0,0.17,0.11,Top rock
2024-11-14,T3,15,0.08,0.22,0,0.3,0.14,Top rock
2024-11-14,T3,16,0.03,0.18,0,0.21,0.05,Top rock
2024-11-14,T3,17,0.16,0,0.47,0.63,0.04,Top rock
2024-11-14,T3,18,0.07,0.18,0,0.25,0.17,Top rock
2024-11-14,T3,19,0.03,0.14,0,0.17,0.08,Top rock
2024-11-14,T3,20,0.04,0.1,0,0.14,0.14,Top rock
2025-01-16,C1.5,1,0.68,0,1.36,2.04,0.54,Top rock
2025-01-16,C1.5,2,0.01,0.26,0,0.27,0.22,Top rock
2025-01-16,C1.5,3,0.09,0.2,0.25,0.54,0.43,Top rock
2025-01-16,C1.5,4,0.07,0.29,0,0.36,0.51,Top rock
2025-01-16,C1.5,5,0.19,0.11,0.43,0.73,0.38,Top rock
2025-01-16,C1.5,6,0.29,0.29,0.48,1.06,0.14,Top rock
2025-01-16,C1.5,7,0.43,0,1.4,1.83,0,Top rock
2025-01-16,C1.5,8,0.16,0.19,0.61,0.96,0.19,Top rock
2025-01-16,C1.5,9,0.04,0.31,0.04,0.39,0.21,Top rock
2025-01-16,C1.5,10,0.18,0,0.58,0.76,0.08,Top rock
2025-01-16,C1.5,11,0.11,0.18,0.26,0.55,0.12,Top rock
2025-01-16,C1.5,12,0.09,0.3,0.22,0.61,0.35,Top rock
2025-01-16,C1.5,13,0.08,0.04,0,0.12,0.45,Top rock
2025-01-16,C1.5,14,0.05,0.33,0,0.38,0.4,Top rock
2025-01-16,C1.5,15,0.09,0.1,0,0.19,0.52,Top rock
2025-01-16,C1.5,16,0.12,0.1,0,0.22,0.58,Top rock
2025-01-16,C1.5,17,0.05,0.15,0,0.2,0.26,Top rock
2025-01-16,C1.5,18,0.09,0.53,0.11,0.73,0.26,Top rock
2025-01-16,C1.5,19,0.07,0.3,0.06,0.43,0.24,Top rock
2025-01-16,C1.5,20,0.07,0.49,0,0.56,0.29,Top rock
2025-01-16,C2,1,0.11,0.35,0.85,1.31,0.49,Top rock
2025-01-16,C2,2,0.06,0.7,0.04,0.8,0.51,Top rock
2025-01-16,C2,3,0.13,0.71,0.33,1.17,0.63,Top rock
2025-01-16,C2,4,0.11,0.59,0.56,1.26,0.24,Top rock
2025-01-16,C2,5,1.04,0,2.02,3.06,0.42,Top rock
2025-01-16,C2,6,0.13,0.13,0,0.26,0.61,Top rock
2025-01-16,C2,7,0.31,0.25,1.01,1.57,0.54,Top rock
2025-01-16,C2,8,0.13,0.34,0.27,0.74,0.32,Top rock
2025-01-16,C2,9,0.02,0.62,0,0.64,0.27,Top rock
2025-01-16,C2,10,0,0.47,0,0.47,0.37,Top rock
2025-01-16,C2,11,0.1,0.38,0.16,0.64,0.41,Top rock
2025-01-16,C2,12,0.09,0.35,0.25,0.69,0.09,Top rock
2025-01-16,C2,13,0.16,0.4,0.52,1.08,0.17,Top rock
2025-01-16,C2,14,0.04,0.52,0,0.56,0.37,Top rock
2025-01-16,C2,15,0.1,0.42,0.26,0.78,0.23,Top rock
2025-01-16,C2,16,0.49,0,1.8,2.29,0.05,Top rock
2025-01-16,C2,17,0.5,0,3.74,4.24,0.11,Top rock
2025-01-16,C2,18,0.18,0.31,0.04,0.53,0.44,Top rock
2025-01-16,C2,19,0.06,0.16,0,0.22,0.44,Top rock
2025-01-16,C2,20,0.22,0.24,0,0.46,0.55,Top rock
2025-01-16,T1,1,0.18,0.03,0.71,0.92,0.11,Top rock
2025-01-16,T1,2,0.2,0.18,0.29,0.67,0.39,Top rock
2025-01-16,T1,3,0.15,0.14,1.22,1.51,0.27,Top rock
2025-01-16,T1,4,0.26,0.11,0.86,1.23,0.36,Top rock
2025-01-16,T1,5,0.37,0,3.2,3.57,0.26,Top rock
2025-01-16,T1,6,0.36,0,2.44,2.8,0.25,Top rock
2025-01-16,T1,7,0.72,0,3.44,4.16,0.05,Top rock
2025-01-16,T1,8,0.21,0,1.09,1.3,0.24,Top rock
2025-01-16,T1,9,0.13,0.56,1.18,1.87,0.09,Top rock
2025-01-16,T1,10,0.95,0,4.58,5.53,0.31,Top rock
2025-01-16,T1,11,0.29,0,2.62,2.91,0.33,Top rock
2025-01-16,T1,12,0.64,0,3.52,4.16,0.22,Top rock
2025-01-16,T1,13,0.35,0,2.38,2.73,0.14,Top rock
2025-01-16,T1,14,0.39,0.01,1.67,2.07,0.23,Top rock
2025-01-16,T1,15,0.11,0.06,0.65,0.82,0.51,Top rock
2025-01-16,T1,16,0.09,0.11,0.42,0.62,0.28,Top rock
2025-01-16,T1,17,0.39,0,1.7,2.09,0.12,Top rock
2025-01-16,T1,18,0.14,0,0.7,0.84,0.34,Top rock
2025-01-16,T1,19,0.33,0,1.2,1.53,0.07,Top rock
2025-01-16,T1,20,0.18,0,1.14,1.32,0.34,Top rock
2025-01-16,T2,1,0.32,0,0.88,1.2,0.2,Top rock
2025-01-16,T2,2,0.35,0,1.28,1.63,0.28,Top rock
2025-01-16,T2,3,0.36,0,0.88,1.24,0.23,Top rock
2025-01-16,T2,4,0.55,0,2.09,2.64,0.18,Top rock
2025-01-16,T2,5,0.19,0.53,0.32,1.04,0.17,Top rock
2025-01-16,T2,6,0.39,0,1.39,1.78,0.11,Top rock
2025-01-16,T2,7,1.36,0,8.28,9.64,0.03,Top rock
2025-01-16,T2,8,0.18,0,0.82,1,0.15,Top rock
2025-01-16,T2,9,0.38,0,1.54,1.92,0.06,Top rock
2025-01-16,T2,10,0.58,0,1.94,2.52,0.03,Top rock
2025-01-16,T2,11,0.17,0,0.61,0.78,0.03,Top rock
2025-01-16,T2,12,0.86,0,3.68,4.54,0.11,Top rock
2025-01-16,T2,13,0.41,0,1.31,1.72,0.15,Top rock
2025-01-16,T2,14,0.4,0,1.21,1.61,0.19,Top rock
2025-01-16,T2,15,0.36,0,0.99,1.35,0.13,Top rock
2025-01-16,T2,16,0.12,0.54,0,0.66,0.23,Top rock
2025-01-16,T2,17,0.4,0.19,0.91,1.5,0.3,Top rock
2025-01-16,T2,18,0.56,0,1.93,2.49,0.22,Top rock
2025-01-16,T2,19,0.28,0.48,0.75,1.51,0.24,Top rock
2025-01-16,T2,20,0.06,0.21,0.08,0.35,0,Top rock
2025-01-16,T3,1,0.58,0,1.28,1.86,0.34,Top rock
2025-01-16,T3,2,0.08,0.16,0.09,0.33,0.18,Top rock
2025-01-16,T3,3,0.05,0.27,0.03,0.35,0.08,Top rock
2025-01-16,T3,4,0.08,0.05,0,0.13,0.23,Top rock
2025-01-16,T3,5,0.31,0,0.6,0.91,0.2,Top rock
2025-01-16,T3,6,0.13,0.18,0,0.31,0.27,Top rock
2025-01-16,T3,7,0,0.14,0,0.14,0.31,Top rock
2025-01-16,T3,8,0.06,0.16,0,0.22,0.2,Top rock
2025-01-16,T3,9,0.06,0.28,0.02,0.36,0.13,Top rock
2025-01-16,T3,10,0.05,0.12,0,0.17,0.18,Top rock
2025-01-16,T3,11,0.11,0.09,0.32,0.52,0.11,Top rock
2025-01-16,T3,12,0.09,0.07,0.32,0.48,0.22,Top rock
2025-01-16,T3,13,0.21,0,0.45,0.66,0.49,Top rock
2025-01-16,T3,14,0.06,0.2,0.03,0.29,0.21,Top rock
2025-01-16,T3,15,0.04,0.24,0,0.28,0.24,Top rock
2025-01-16,T3,16,0.09,0.24,0,0.33,0.25,Top rock
2025-01-16,T3,17,0.17,0,0.7,0.87,0.18,Top rock
2025-01-16,T3,18,0.05,0.07,0,0.12,0.12,Top rock
2025-01-16,T3,19,0.15,0.02,0.39,0.56,0.18,Top rock
2025-01-16,T3,20,0.07,0.16,0,0.23,0.3,Top rock
2025-03-11,C1.5,1,0.02,0,0,0.02,0.39,Top rock
2025-03-11,C1.5,2,0.02,0.15,0,0.17,0.46,Top rock
2025-03-11,C1.5,3,0.35,0,1.8,2.15,0.22,Top rock
2025-03-11,C1.5,4,0.08,0.28,0,0.36,0.38,Top rock
2025-03-11,C1.5,5,0.02,0.02,0,0.04,0.47,Top rock
2025-03-11,C1.5,6,0.03,0.3,0,0.33,0.14,Top rock
2025-03-11,C1.5,7,0.05,0.2,0.09,0.34,0.08,Top rock
2025-03-11,C1.5,8,0.15,0.05,0,0.2,0.46,Top rock
2025-03-11,C1.5,9,0.02,0.08,0,0.1,0.4,Top rock
2025-03-11,C1.5,10,0.43,0.11,0,0.54,0.31,Top rock
2025-03-11,C1.5,11,0.01,0.02,0,0.03,0.71,Top rock
2025-03-11,C1.5,12,0.04,0.05,0,0.09,0.58,Top rock
2025-03-11,C1.5,13,0.02,0.02,0,0.04,0.6,Top rock
2025-03-11,C1.5,14,0.03,0,0,0.03,0.67,Top rock
2025-03-11,C1.5,15,0.01,0.03,0,0.04,0.37,Top rock
2025-03-11,C1.5,16,0.18,0,0.52,0.7,0.39,Top rock
2025-03-11,C1.5,17,0.01,0.04,0,0.05,0.32,Top rock
2025-03-11,C1.5,18,0.05,0.35,0,0.4,0.2,Top rock
2025-03-11,C1.5,19,0,0.07,0,0.07,0.05,Top rock
2025-03-11,C1.5,20,0.03,0.18,0,0.21,0.36,Top rock
2025-03-11,C2,1,0.09,0.22,0.24,0.55,0.01,Top rock
2025-03-11,C2,2,0.01,0,0,0.01,0.26,Top rock
2025-03-11,C2,3,0.03,0.03,0,0.06,0.44,Top rock
2025-03-11,C2,4,0.17,0,1.35,1.52,0.28,Top rock
2025-03-11,C2,5,0.18,0,0.84,1.02,0.12,Top rock
2025-03-11,C2,6,0.06,0.08,0,0.14,0.16,Top rock
2025-03-11,C2,7,0.02,0.11,0,0.13,0.22,Top rock
2025-03-11,C2,8,0,0.14,0,0.14,0.26,Top rock
2025-03-11,C2,9,0.07,0,0,0.07,0.51,Top rock
2025-03-11,C2,10,0.01,0.07,0,0.08,0.32,Top rock
2025-03-11,C2,11,0.02,0.3,0,0.32,0.22,Top rock
2025-03-11,C2,12,0.02,0.05,0,0.07,0.37,Top rock
2025-03-11,C2,13,0.01,0.03,0,0.04,0.42,Top rock
2025-03-11,C2,14,0.04,0.02,0,0.06,0.28,Top rock
2025-03-11,C2,15,0.08,0.23,0,0.31,0.51,Top rock
2025-03-11,C2,16,0.68,0.15,0.13,0.96,0.22,Top rock
2025-03-11,C2,17,0.3,0,1.75,2.05,0.06,Top rock
2025-03-11,C2,18,0.01,0,0,0.01,0.42,Top rock
2025-03-11,C2,19,0.01,0,0,0.01,0.47,Top rock
2025-03-11,C2,20,0.26,0,1.37,1.63,0.13,Top rock
2025-03-11,T1,1,0.09,0.12,0.28,0.49,0.06,Top rock
2025-03-11,T1,2,0.25,0,1.32,1.57,0.12,Top rock
2025-03-11,T1,3,0.04,0.31,0,0.35,0.27,Top rock
2025-03-11,T1,4,0.02,0.01,0,0.03,0.2,Top rock
2025-03-11,T1,5,0.05,0.4,0,0.45,0.08,Top rock
2025-03-11,T1,6,0.02,0.02,0,0.04,0.33,Top rock
2025-03-11,T1,7,0,0,0,0,0.48,Top rock
2025-03-11,T1,8,0.14,0,0.5,0.64,0.03,Top rock
2025-03-11,T1,9,0.19,0,0.9,1.09,-0.02,Top rock
2025-03-11,T1,10,0.07,0.14,0.15,0.36,0.21,Top rock
2025-03-11,T1,11,0.08,0.12,0.11,0.31,0.04,Top rock
2025-03-11,T1,12,1.79,0,4.85,6.64,0.06,Top rock
2025-03-11,T1,13,0.01,0,0,0.01,0.32,Top rock
2025-03-11,T1,14,0.01,0.01,0,0.02,0.14,Top rock
2025-03-11,T1,15,0.08,0.07,0,0.15,-0.03,Top rock
2025-03-11,T1,16,0.04,0.12,0,0.16,0.14,Top rock
2025-03-11,T1,17,0.4,0,1.62,2.02,0.24,Top rock
2025-03-11,T1,18,0.22,0,0.92,1.14,0.2,Top rock
2025-03-11,T1,19,0.02,0.06,0,0.08,0.4,Top rock
2025-03-11,T1,20,0.52,0,2.52,3.04,0.07,Top rock
2025-03-11,T2,1,0.06,0.23,0.16,0.45,0.24,Top rock
2025-03-11,T2,2,0.35,0,0.71,1.06,0.17,Top rock
2025-03-11,T2,3,0.5,0,1.51,2.01,0.2,Top rock
2025-03-11,T2,4,0.65,0,1.53,2.18,0.29,Top rock
2025-03-11,T2,5,0.52,0,1.25,1.77,0.12,Top rock
2025-03-11,T2,6,0.17,0.02,0.44,0.63,0.11,Top rock
2025-03-11,T2,7,0.45,0,1.44,1.89,0.17,Top rock
2025-03-11,T2,8,0.25,0,0.72,0.97,0.17,Top rock
2025-03-11,T2,9,2.26,0,5.31,7.57,0.13,Top rock
2025-03-11,T2,10,0.3,0,1.23,1.53,0.06,Top rock
2025-03-11,T2,11,0.68,0,4.23,4.91,0.03,Top rock
2025-03-11,T2,12,0.42,0,1.67,2.09,0.08,Top rock
2025-03-11,T2,13,0.21,0,0.73,0.94,0.06,Top rock
2025-03-11,T2,14,0.41,0,1.15,1.56,0.02,Top rock
2025-03-11,T2,15,0.62,0,2.37,2.99,0.11,Top rock
2025-03-11,T2,16,0.11,0,0.27,0.38,0.18,Top rock
2025-03-11,T2,17,0.38,0,1.04,1.42,0.16,Top rock
2025-03-11,T2,18,0.31,0,0.67,0.98,0.3,Top rock
2025-03-11,T2,19,0.09,0.11,0.17,0.37,0.25,Top rock
2025-03-11,T2,20,0.51,0,1.28,1.79,0.17,Top rock
2025-05-21,C1.5,1,0,0.03,0,0.03,0.29,Top rock
2025-05-21,C1.5,2,0.07,0.04,0,0.11,0.42,Top rock
2025-05-21,C1.5,3,0.01,0.21,0,0.22,0.21,Top rock
2025-05-21,C1.5,4,0.07,0.22,0,0.29,0.52,Top rock
2025-05-21,C1.5,5,0.01,0.01,0,0.02,0.27,Top rock
2025-05-21,C1.5,6,0.04,0.22,0,0.26,0.28,Top rock
2025-05-21,C1.5,7,0.07,0.13,0,0.2,0.14,Top rock
2025-05-21,C1.5,8,0.02,0.08,0,0.1,0.35,Top rock
2025-05-21,C1.5,9,0.04,0.02,0,0.06,0.21,Top rock
2025-05-21,C1.5,10,0.04,0.05,0,0.09,0.57,Top rock
2025-05-21,C1.5,11,0.06,0.27,0,0.33,0.54,Top rock
2025-05-21,C1.5,12,0.02,0.05,0,0.07,0.54,Top rock
2025-05-21,C1.5,13,0.24,0.09,0,0.33,0.37,Top rock
2025-05-21,C1.5,14,0.23,0,0,0.23,0.3,Top rock
2025-05-21,C1.5,15,0.04,0.21,0,0.25,0.3,Top rock
2025-05-21,C1.5,16,0.15,0.32,0,0.47,0.49,Top rock
2025-05-21,C1.5,17,0.02,0.02,0,0.04,0.61,Top rock
2025-05-21,C1.5,18,0.05,0.34,0,0.39,0.4,Top rock
2025-05-21,C1.5,19,0.11,0.37,0,0.48,0.31,Top rock
2025-05-21,C1.5,20,0.05,0.16,0,0.21,0.33,Top rock
2025-05-23,C2,1,0,0.01,0,0.01,0.34,Top rock
2025-05-23,C2,2,0.05,0.1,0,0.15,0.49,Top rock
2025-05-23,C2,3,0.02,0.23,0,0.25,0.67,Top rock
2025-05-23,C2,4,0.02,0,0,0.02,0.26,Top rock
2025-05-23,C2,5,0.03,0.17,0,0.2,0.47,Top rock
2025-05-23,C2,6,0.06,0.01,0,0.07,0.33,Top rock
2025-05-23,C2,7,0,0.17,0,0.17,0.34,Top rock
2025-05-23,C2,8,0.06,0.19,0,0.25,0.18,Top rock
2025-05-23,C2,9,0.04,0.13,0,0.17,0.1,Top rock
2025-05-23,C2,10,0.13,0.2,0,0.33,0.17,Top rock
2025-05-23,C2,11,0.06,0.06,0,0.12,0.33,Top rock
2025-05-23,C2,12,0,0.13,0,0.13,0.27,Top rock
2025-05-23,C2,13,0.06,0.43,0,0.49,0.25,Top rock
2025-05-23,C2,14,0.02,0.09,0,0.11,0.55,Top rock
2025-05-23,C2,15,0.18,0.14,0,0.32,0.25,Top rock
2025-05-23,C2,16,0.15,0.01,0,0.16,0.57,Top rock
2025-05-23,C2,17,0.07,0.52,0,0.59,0.3,Top rock
2025-05-23,C2,18,0.32,0.03,0,0.35,0.5,Top rock
2025-05-23,C2,19,0.01,0.21,0,0.22,0.25,Top rock
2025-05-23,C2,20,0.03,0.09,0,0.12,0.48,Top rock
2025-05-19,T1,1,1.44,0,7.63,9.07,0.15,Top rock
2025-05-19,T1,2,0.12,0.01,0,0.13,0.07,Top rock
2025-05-19,T1,3,0.024,0.05,0,0.074,0.25,Top rock
2025-05-19,T1,4,0.16,0.38,0,0.54,0.06,Top rock
2025-05-19,T1,5,0.15,0.02,0,0.17,0.12,Top rock
2025-05-19,T1,6,0.08,0.17,0,0.25,0.06,Top rock
2025-05-19,T1,7,0.13,0.32,0,0.45,0.34,Top rock
2025-05-19,T1,8,0.1,0.03,0,0.13,0.04,Top rock
2025-05-19,T1,9,0.16,0.43,0,0.59,0.36,Top rock
2025-05-19,T1,10,0.15,0.2,0,0.35,0.1,Top rock
2025-05-19,T1,11,0.38,0,2.15,2.53,0.12,Top rock
2025-05-19,T1,12,0.31,0.15,0,0.46,0.3,Top rock
2025-05-19,T1,13,0.15,0.24,0,0.39,0.29,Top rock
2025-05-19,T1,14,0.19,0.12,0,0.31,0.21,Top rock
2025-05-19,T1,15,0.3,0.18,0.24,0.72,0.41,Top rock
2025-05-19,T1,16,0.23,0.16,0,0.39,0.53,Top rock
2025-05-19,T1,17,0.48,0.08,0,0.56,0.55,Top rock
2025-05-19,T1,18,1.05,0,6.22,7.27,0.21,Top rock
2025-05-19,T1,19,0.63,0.12,0,0.75,0.39,Top rock
2025-05-19,T1,20,0.5,0.32,0.9,1.72,0.41,Top rock
2025-05-22,T2,1,0.45,0,1.68,2.13,0.13,Top rock
2025-05-22,T2,2,0.37,0,1.15,1.52,0.07,Top rock
2025-05-22,T2,3,0.58,0,2.21,2.79,0.16,Top rock
2025-05-22,T2,4,0.3,0,1.21,1.51,0.14,Top rock
2025-05-22,T2,5,0.53,0,2.04,2.57,0.19,Top rock
2025-05-22,T2,6,0.43,0,1.87,2.3,0.22,Top rock
2025-05-22,T2,7,0.82,0,3.55,4.37,0.22,Top rock
2025-05-22,T2,8,0.7,0,3.22,3.92,0.14,Top rock
2025-05-22,T2,9,0.8,0,4.13,4.93,0.15,Top rock
2025-05-22,T2,10,0.02,0.2,0.05,0.27,0.1,Top rock
2025-05-22,T2,11,0.65,0,3.32,3.97,0.11,Top rock
2025-05-22,T2,12,0.43,0,2.08,2.51,0.08,Top rock
2025-05-22,T2,13,0.73,0,3.57,4.3,0.06,Top rock
2025-05-22,T2,14,0.87,0,4.43,5.3,0.06,Top rock
2025-05-22,T2,15,0.43,0,2.2,2.63,0.06,Top rock
2025-05-22,T2,16,0.5,0,2.22,2.72,0.05,Top rock
2025-05-22,T2,17,0.33,0,1.45,1.78,0.06,Top rock
2025-05-22,T2,18,1.01,0,4.88,5.89,0.08,Top rock
2025-05-22,T2,19,0.99,0,4.65,5.64,0.06,Top rock
2025-05-22,T2,20,0.38,0,1.55,1.93,0.05,Top rock
2025-05-20,T3,1,0.85,0,4.48,5.33,0.01,Top rock
2025-05-20,T3,2,0.04,0.19,0,0.23,0.17,Top rock
2025-05-20,T3,3,0.78,0,3.49,4.27,0.15,Top rock
2025-05-20,T3,4,0.1,0.19,0,0.29,0.27,Top rock
2025-05-20,T3,5,0.13,0.22,0.22,0.57,0.2,Top rock
2025-05-20,T3,6,0.98,0,3.73,4.71,0.2,Top rock
2025-05-20,T3,7,0.79,0,3.37,4.16,0.16,Top rock
2025-05-20,T3,8,0.04,0.21,0,0.25,0.15,Top rock
2025-05-20,T3,9,0.06,0.15,0,0.21,0.22,Top rock
2025-05-20,T3,10,0.03,0.06,0,0.09,0.09,Top rock
2025-05-20,T3,11,0.08,0.02,0.21,0.31,0.29,Top rock
2025-05-20,T3,12,0.04,0.1,0,0.14,0.18,Top rock
2025-05-20,T3,13,0.06,0.24,0,0.3,0.23,Top rock
2025-05-20,T3,14,0.08,0.28,0,0.36,0.3,Top rock
2025-05-20,T3,15,0.08,0.14,0.22,0.44,0.1,Top rock
2025-05-20,T3,16,0.05,0.19,0,0.24,0.19,Top rock
2025-05-20,T3,17,0.11,0.32,0,0.43,0.33,Top rock
2025-05-20,T3,18,0.18,0.3,0.16,0.64,0.18,Top rock
2025-05-20,T3,19,0.07,0.17,0,0.24,0.3,Top rock
2025-05-20,T3,20,0.02,0.2,0,0.22,0.55,Top rock
2025-06-10,C1.5,1,0.04,0.28,0.02,0.34,0.25,Top rock
2025-06-10,C1.5,2,0.06,0.41,0,0.47,0.29,Top rock
2025-06-10,C1.5,3,0.18,0.45,0.02,0.65,0.4,Top rock
2025-06-10,C1.5,4,0.13,0.22,0,0.35,0.26,Top rock
2025-06-10,C1.5,5,0.58,0.59,0.45,1.62,0.12,Top rock
2025-06-10,C1.5,6,0.13,1.47,0.36,1.96,0.12,Top rock
2025-06-10,C1.5,7,0.37,0,0.84,1.21,0.26,Top rock
2025-06-10,C1.5,8,0.42,1.51,0.25,2.18,0.37,Top rock
2025-06-10,C1.5,9,0.17,0.5,0.3,0.97,0.17,Top rock
2025-06-10,C1.5,10,0.24,0,1.12,1.36,0.2,Top rock
2025-06-10,C1.5,11,0.13,0.38,0.25,0.76,0.33,Top rock
2025-06-10,C1.5,12,0.23,0.22,0.14,0.59,0.43,Top rock
2025-06-10,C1.5,13,0.27,0.56,0.21,1.04,0.34,Top rock
2025-06-10,C1.5,14,0.2,1.01,0,1.21,0.17,Top rock
2025-06-10,C1.5,15,0.26,0.53,0.06,0.85,0.74,Top rock
2025-06-10,C1.5,16,0.23,0.1,0,0.33,0.26,Top rock
2025-06-10,C1.5,17,0.27,1.22,0.14,1.63,0.85,Top rock
2025-06-10,C1.5,18,0.22,1.66,0.18,2.06,0.44,Top rock
2025-06-10,C1.5,19,0.19,0.55,0.02,0.76,0.6,Top rock
2025-06-10,C1.5,20,0.26,0.81,0.04,1.11,0.65,Top rock
2025-06-10,C2,1,0.13,0.25,0,0.38,0.65,Top rock
2025-06-10,C2,2,0.04,0.01,0,0.05,0.57,Top rock
2025-06-10,C2,3,0.06,0.33,0,0.39,0.19,Top rock
2025-06-10,C2,4,0.23,1.05,0,1.28,0.66,Top rock
2025-06-10,C2,5,0.12,0.74,0,0.86,0.56,Top rock
2025-06-10,C2,6,0.27,0.6,0,0.87,0.36,Top rock
2025-06-10,C2,7,0.26,0.41,0,0.67,0.16,Top rock
2025-06-10,C2,8,0.11,0.31,0,0.42,0.48,Top rock
2025-06-10,C2,9,0.41,0,1.48,1.89,0.18,Top rock
2025-06-10,C2,10,0.26,0.36,0.11,0.73,0.28,Top rock
2025-06-10,C2,11,0.26,0.34,0.15,0.75,0.04,Top rock
2025-06-10,C2,12,0.16,0.63,0,0.79,0.29,Top rock
2025-06-10,C2,13,0.13,0.86,0,0.99,0.11,Top rock
2025-06-10,C2,14,0.13,1.29,0,1.42,0.41,Top rock
2025-06-10,C2,15,0.31,1.04,0.23,1.58,0.24,Top rock
2025-06-10,C2,16,0.15,0.72,0,0.87,0.16,Top rock
2025-06-10,C2,17,0.08,0.24,0,0.32,0.16,Top rock
2025-06-10,C2,18,0.37,0,0.8,1.17,0.28,Top rock
2025-06-10,C2,19,0.06,1.25,0,1.31,0.52,Top rock
2025-06-10,C2,20,0.07,0.43,0,0.5,0.43,Top rock
2025-07-30,C2,1,1.54,0,6.84,8.38,0.69,Top rock
2025-07-30,C2,2,0.89,0,6,6.89,0.39,Top rock
2025-07-30,C2,3,1.3,0,7.6,8.9,0.71,Top rock
2025-07-30,C2,4,0.8,0,4.26,5.06,0.79,Top rock
2025-07-30,C2,5,1.17,0,7.09,8.26,0.52,Top rock
2025-07-30,C2,6,1.39,0,7.87,9.26,0.77,Top rock
2025-07-30,C2,7,0.52,0,3.95,4.47,0.47,Top rock
2025-07-30,C2,8,0.93,0,5.27,6.2,0.97,Top rock
2025-07-30,C2,9,1.35,0,7.05,8.4,0.54,Top rock
2025-07-30,C2,10,0.52,0,3.72,4.24,0.31,Top rock
2025-07-30,C2,11,0.85,0,5.07,5.92,0.48,Top rock
2025-07-30,C2,12,0.94,0,5.2,6.14,0.3,Top rock
2025-07-30,C2,13,1.7,0,8.49,10.19,0.59,Top rock
2025-07-30,C2,14,0.6,0,2.41,3.01,0.6,Top rock
2025-07-30,C2,15,2.61,0,4.31,6.92,0.53,Top rock
2025-07-30,C2,16,0.74,0,4.51,5.25,0.53,Top rock
2025-07-30,C2,17,1.02,0,6.1,7.12,0.37,Top rock
2025-07-30,C2,18,1.96,0,9.55,11.51,0.63,Top rock
2025-07-30,C2,19,0.81,0.16,0.25,1.22,0.69,Top rock
2025-07-30,C2,20,2,0,11.28,13.28,0.42,Top rock
2025-07-30,C1.5,1,0.01,0.34,0,0.35,0.47,Top rock
2025-07-30,C1.5,2,0.57,1.39,1.45,3.41,0.72,Top rock
2025-07-30,C1.5,3,0.11,1.31,0.27,1.69,0.5,Top rock
2025-07-30,C1.5,4,0.55,0,3.3,3.85,0.26,Top rock
2025-07-30,C1.5,5,0.12,0.55,0.81,1.48,0.6,Top rock
2025-07-30,C1.5,6,0.28,1,0.62,1.9,0.62,Top rock
2025-07-30,C1.5,7,0.23,0.67,1.35,2.25,0.19,Top rock
2025-07-30,C1.5,8,0.29,0.52,1.26,2.07,0.43,Top rock
2025-07-30,C1.5,9,0.87,0,4.3,5.17,0.55,Top rock
2025-07-30,C1.5,10,0.2,0.39,0.25,0.84,0.69,Top rock
2025-07-30,C1.5,11,0.08,0.59,0.11,0.78,0.67,Top rock
2025-07-30,C1.5,12,0.27,0.09,1.7,2.06,0.33,Top rock
2025-07-30,C1.5,13,0.04,0.53,0,0.57,0.58,Top rock
2025-07-30,C1.5,14,0.2,1.16,0.3,1.66,0.61,Top rock
2025-07-30,C1.5,15,0.38,0.13,0,0.51,0.88,Top rock
2025-07-30,C1.5,16,0.26,0.48,0.17,0.91,0.61,Top rock
2025-07-30,C1.5,17,0.36,0.46,1.81,2.63,0.56,Top rock
2025-07-30,C1.5,18,0.08,0.18,0,0.26,0.51,Top rock
2025-07-30,C1.5,19,0.55,0,2.62,3.17,0.39,Top rock
2025-07-30,C1.5,20,0.24,0,1.87,2.11,0.28,Top rock
2025-07-30,T1,1,0.66,0.5,3.12,4.28,0.46,Top rock
2025-07-30,T1,2,1.12,0.63,1.19,2.94,0.74,Top rock
2025-07-30,T1,3,0.22,0.21,0.6,1.03,0.65,Top rock
2025-07-30,T1,4,0.16,0.39,0,0.55,0.56,Top rock
2025-07-30,T1,5,0.59,0,3.53,4.12,0.38,Top rock
2025-07-30,T1,6,0.55,0,3.92,4.47,0.33,Top rock
2025-07-30,T1,7,1.12,0,8.35,9.47,0.2,Top rock
2025-07-30,T1,8,0.11,0,0.59,0.7,0.23,Top rock
2025-07-30,T1,9,0.78,0,3.73,4.51,0.42,Top rock
2025-07-30,T1,10,0.99,0.72,3.33,5.04,0.18,Top rock
2025-07-30,T1,11,0.23,0.6,1.55,2.38,0.48,Top rock
2025-07-30,T1,12,0.84,0,5,5.84,0.76,Top rock
2025-07-30,T1,13,0.84,0,5.12,5.96,0.52,Top rock
2025-07-30,T1,14,1.41,0,9.97,11.38,0.29,Top rock
2025-07-30,T1,15,0.9,0,4.16,5.06,0.69,Top rock
2025-07-30,T1,16,0.07,0.44,0.01,0.52,0.71,Top rock
2025-07-30,T1,17,0.68,0,4.08,4.76,0.51,Top rock
2025-07-30,T1,18,0.19,0.53,1.19,1.91,0.47,Top rock
2025-07-30,T1,19,0.48,0.33,2.85,3.66,0.59,Top rock
2025-07-30,T1,20,0.3,0.36,2.01,2.67,0.68,Top rock
2025-07-30,T2,1,0.29,0.77,0,1.06,0.71,Top rock
2025-07-30,T2,2,46,29,1.05,76.05,0.62,Top rock
2025-07-30,T2,3,0.64,1.47,1.37,3.48,0.34,Top rock
2025-07-30,T2,4,1.03,0,4.01,5.04,0.44,Top rock
2025-07-30,T2,5,0.71,0,3.72,4.43,0.37,Top rock
2025-07-30,T2,6,0.55,0.38,2.77,3.7,0.35,Top rock
2025-07-30,T2,7,0.32,0,1.92,2.24,0.29,Top rock
2025-07-30,T2,8,0.23,0.01,2.39,2.63,0.14,Top rock
2025-07-30,T2,9,0.48,0,2.59,3.07,0.13,Top rock
2025-07-30,T2,10,0.57,0,2.69,3.26,0.28,Top rock
2025-07-30,T2,11,0.24,0.9,1.37,2.51,0.24,Top rock
2025-07-30,T2,12,0.73,0,4.54,5.27,0.27,Top rock
2025-07-30,T2,13,0.6,0.73,1.13,2.46,0.28,Top rock
2025-07-30,T2,14,0.8,0.92,3.36,5.08,0.39,Top rock
2025-07-30,T2,15,0.34,0,1.95,2.29,0.29,Top rock
2025-07-30,T2,16,0.79,0,4.74,5.53,0.35,Top rock
2025-07-30,T2,17,0.04,0.32,0.54,0.9,0.38,Top rock
2025-07-30,T2,18,0.27,0,1.95,2.22,0.54,Top rock
2025-07-30,T2,19,0.62,0,3.75,4.37,0.22,Top rock
2025-07-30,T2,20,0.08,0.43,0,0.51,0.4,Top rock
2025-07-30,T3,1,0.21,0.27,0.61,1.09,0.35,Top rock
2025-07-30,T3,2,0.22,0.22,0.09,0.53,0.39,Top rock
2025-07-30,T3,3,0.44,0,1.91,2.35,0.47,Top rock
2025-07-30,T3,4,0.43,0,3.02,3.45,0.51,Top rock
2025-07-30,T3,5,0.51,0,2.34,2.85,0.48,Top rock
2025-07-30,T3,6,0.72,0,4.4,5.12,0.45,Top rock
2025-07-30,T3,7,0.08,0,0.49,0.57,0.45,Top rock
2025-07-30,T3,8,0.36,0,2.19,2.55,0.54,Top rock
2025-07-30,T3,9,0.78,0,5.33,6.11,0.57,Top rock
2025-07-30,T3,10,0.98,0,6.28,7.26,0.26,Top rock
2025-07-30,T3,11,0.19,0.54,1.16,1.89,0.36,Top rock
2025-07-30,T3,12,0.55,0.53,1.06,2.14,0.55,Top rock
2025-07-30,T3,13,1.47,0,8.53,10,0.37,Top rock
2025-07-30,T3,14,1.14,0,7.55,8.69,0.35,Top rock
2025-07-30,T3,15,0.72,0,6.05,6.77,0.55,Top rock
2025-08-27,T3,1,0.89,0,3.17,4.06,0.08,Top rock
2025-08-27,T3,2,0.11,0.07,0,0.18,0.33,Top rock
2025-08-27,T3,3,1.78,0,6.33,8.11,0.31,Top rock
2025-08-27,T3,4,0.66,0,2.34,3,0.12,Top rock
2025-08-27,T3,5,1.11,0,2.11,3.22,0.22,Top rock
2025-08-27,T3,6,0.8,0,2.8,3.6,0.24,Top rock
2025-08-27,T3,7,1.03,0,2.84,3.87,0.21,Top rock
2025-08-27,T3,8,0.28,0,0.97,1.25,0.22,Top rock
2025-08-27,T3,9,1.11,0,3.74,4.85,0.3,Top rock
2025-08-27,T3,10,1.35,0,3.57,4.92,0.1,Top rock
2025-08-27,T3,11,1.3,0,3.39,4.69,0.19,Top rock
2025-08-27,T3,12,1.51,0,4.33,5.84,0.23,Top rock
2025-08-27,T3,13,0.97,0,2.69,3.66,0.29,Top rock
2025-08-27,T3,14,1.42,0,4.18,5.6,0.31,Top rock
2025-08-27,T3,15,1.26,0,4.51,5.77,0.27,Top rock
2025-08-27,T3,16,1.72,0,5.09,6.81,0.43,Top rock
2025-08-27,T3,17,1.72,0,5.08,6.8,0.34,Top rock
2025-08-27,T3,18,1.39,0,4.9,6.29,0.11,Top rock
2025-08-27,T3,19,1.28,0,4.21,5.49,0.17,Top rock
2025-08-27,T3,20,1.2,0,3.94,5.14,0.33,Top rock
2025-08-27,T2,1,0.57,0,2.04,2.61,0.21,Top rock
2025-08-27,T2,2,1.88,0,7.97,9.85,0.19,Top rock
2025-08-27,T2,3,0.14,0.21,0.77,1.12,0.22,Top rock
2025-08-27,T2,4,0.63,0,2.33,2.96,0.16,Top rock
2025-08-27,T2,5,0.45,0,1.73,2.18,0.07,Top rock
2025-08-27,T2,6,0.93,0,3.73,4.66,0.1,Top rock
2025-08-27,T2,7,1.77,0,6.77,8.54,0.27,Top rock
2025-08-27,T2,8,1.05,0,4.9,5.95,0.07,Top rock
2025-08-27,T2,9,0.81,0,3.8,4.61,0.16,Top rock
2025-08-27,T2,10,0.35,0,1.26,1.61,0.05,Top rock
2025-08-27,T2,11,0.48,0,1.4,1.88,0.13,Top rock
2025-08-27,T2,12,0.61,0,3.31,3.92,0.14,Top rock
2025-08-27,T2,13,1.11,0,2.65,3.76,0.14,Top rock
2025-08-27,T2,14,0.62,0,1.92,2.54,0.14,Top rock
2025-08-27,T2,15,1.25,0,4.28,5.53,0.12,Top rock
2025-08-27,T2,16,1.77,0,5.72,7.49,0.38,Top rock
2025-08-27,T2,17,0.19,0.03,0,0.22,0.13,Top rock
2025-08-27,T2,18,0.34,0,0.76,1.1,0.08,Top rock
2025-08-27,T2,19,0.7,0,2.95,3.65,0.31,Top rock
2025-08-27,T2,20,1.94,0,7.68,9.62,0.09,Top rock
2025-08-27,T1,1,0.17,0.01,0,0.18,0.3,Top rock
2025-08-27,T1,2,1.32,0,4.63,5.95,0.43,Top rock
2025-08-27,T1,3,0.54,0,1.77,2.31,0.32,Top rock
2025-08-27,T1,4,0.09,0.11,0,0.2,0.16,Top rock
2025-08-27,T1,5,0.59,0,1.1,1.69,0.48,Top rock
2025-08-27,T1,6,0.28,0,0.43,0.71,0.03,Top rock
2025-08-27,T1,7,0.78,0,3.2,3.98,0.05,Top rock
2025-08-27,T1,8,0.46,0,1.79,2.25,0.06,Top rock
2025-08-27,T1,9,0.1,0.01,0,0.11,0.47,Top rock
2025-08-27,T1,10,1.73,0,6.79,8.52,0.36,Top rock
2025-08-27,T1,11,0.13,0.13,0,0.26,0.41,Top rock
2025-08-27,T1,12,0.73,0,3.97,4.7,0.19,Top rock
2025-08-27,T1,13,0.04,0.23,0,0.27,0.09,Top rock
2025-08-27,T1,14,0.59,0,1.41,2,0.12,Top rock
2025-08-27,T1,15,0.15,0.09,0.22,0.46,0.15,Top rock
2025-08-27,T1,16,0.32,0.41,0.09,0.82,0.12,Top rock
2025-08-27,T1,17,0.11,0.15,0,0.26,0.21,Top rock
2025-08-27,T1,18,0.16,0.05,0,0.21,0.61,Top rock
2025-08-27,T1,19,2.32,0,9.13,11.45,0.07,Top rock
2025-08-27,T1,20,0.14,0,0,0.14,0.25,Top rock
2025-08-27,C2,1,0.3,0.26,0.32,0.88,0.49,Top rock
2025-08-27,C2,2,0.34,0.1,0,0.44,1.1,Top rock
2025-08-27,C2,3,0,0.28,0.32,0.6,0.05,Top rock
2025-08-27,C2,4,0.33,0.07,0.13,0.53,0.16,Top rock
2025-08-27,C2,5,0.21,0.78,0.02,1.01,0.3,Top rock
2025-08-27,C2,6,0.31,0,0.25,0.56,0.04,Top rock
2025-08-27,C2,7,0.28,0,0.08,0.36,0.13,Top rock
2025-08-27,C2,8,0.18,0.01,0.07,0.26,0.06,Top rock
2025-08-27,C2,9,0.35,0,0.3,0.65,0.26,Top rock
2025-08-27,C2,10,0.3,0,0.15,0.45,0.11,Top rock
2025-08-27,C2,11,0.23,0.07,0.17,0.47,0.3,Top rock
2025-08-27,C2,12,2.71,0,10.34,13.05,0.19,Top rock
2025-08-27,C2,13,1.61,0,1.44,3.05,0.32,Top rock
2025-08-27,C2,14,0.93,0,2.02,2.95,0.3,Top rock
2025-08-27,C2,15,0.35,0,0.21,0.56,0.25,Top rock
2025-08-27,C2,16,0.49,0.42,2.32,3.23,0.05,Top rock
2025-08-27,C2,17,0.42,0,1.47,1.89,0.15,Top rock
2025-08-27,C2,18,3.71,0,15.95,19.66,0.16,Top rock
2025-08-27,C2,19,1.08,0,5.84,6.92,0.12,Top rock
2025-08-27,C2,20,0.31,0.42,0.26,0.99,0.15,Top rock
2025-08-27,C1.5,1,0.13,0.17,0,0.3,0.3,Top rock
2025-08-27,C1.5,2,0.08,0.2,0,0.28,0.2,Top rock
2025-08-27,C1.5,3,0.41,0.35,0.4,1.16,0.35,Top rock
2025-08-27,C1.5,4,0.17,0.14,0.26,0.57,0.26,Top rock
2025-08-27,C1.5,5,0.1,0.14,0.28,0.52,0.34,Top rock
2025-08-27,C1.5,6,1.55,0,6.16,7.71,0.07,Top rock
2025-08-27,C1.5,7,1.5,0,5.82,7.32,0.06,Top rock
2025-08-27,C1.5,8,0.68,0,0.25,0.93,0.08,Top rock
2025-08-27,C1.5,9,0.36,0,1.86,2.22,0.16,Top rock
2025-08-27,C1.5,10,0.76,0,2.38,3.14,0.24,Top rock
2025-08-27,C1.5,11,0.36,0,1.08,1.44,0.26,Top rock
2025-08-27,C1.5,12,0.25,0,0.37,0.62,0.22,Top rock
2025-08-27,C1.5,13,0.24,0,0.14,0.38,0.13,Top rock
2025-08-27,C1.5,14,0.26,0.14,0.16,0.56,0.42,Top rock
2025-08-27,C1.5,15,0.43,0.05,0.23,0.71,0.36,Top rock
2025-08-27,C1.5,16,0.17,0.24,0,0.41,0.4,Top rock
2025-08-27,C1.5,17,1.87,0,8.44,10.31,0.26,Top rock
2025-08-27,C1.5,18,2.42,0,11.46,13.88,0.42,Top rock
2025-08-27,C1.5,19,0.32,0.29,0.13,0.74,0.53,Top rock
2025-08-27,C1.5,20,0.26,0,0.14,0.4,0.39,Top rock
2023-01-15,C1.5,1,0.48,0,3.18,3.7,,Top rock
2023-01-15,C1.5,2,0.28,0,1.31,1.6,,Top rock
2023-01-15,C1.5,3,0.32,0,1.50,1.8,,Top rock
2023-01-15,C1.5,4,0.75,1.46,1.65,3.9,,Top rock
2023-01-15,C1.5,5,0.15,0.54,0.12,0.8,,Top rock
2023-01-15,C1.5,6,0.13,0,0.17,0.3,,Top rock
2023-01-15,C1.5,7,0.65,0,2.23,2.9,,Top rock
2023-01-15,C1.5,8,0.76,0,2.49,3.3,,Top rock
2023-01-15,C1.5,9,0.22,0.39,0.66,1.3,,Top rock
2023-01-15,C1.5,10,0.16,0.37,0.15,0.7,,Top rock
2023-01-15,C1.5,11,1.70,0,5.88,7.6,,Top rock
2023-01-15,C1.5,12,0.35,0,0.56,0.9,,Top rock
2023-01-15,C1.5,13,0.07,0.37,0.04,0.5,,Top rock
2023-01-15,C1.5,14,0.38,0,0.72,1.1,,Top rock
2023-01-15,C1.5,15,1.18,0,3.81,5.0,,Top rock
2023-01-15,C1.5,16,0.51,0,2.11,2.6,,Top rock
2023-01-15,C1.5,17,0.30,0.22,0.70,1.2,,Top rock
2023-01-15,C1.5,18,0.23,0.19,1.33,1.8,,Top rock
2023-01-15,C1.5,19,0.37,0,2.32,2.7,,Top rock
2023-01-15,C1.5,20,0.77,0,2.21,3.0,,Top rock
2023-01-15,C2,1,0.27,0,0.18,0.5,,Top rock
2023-01-15,C2,2,0.67,0,1.60,2.3,,Top rock
2023-01-15,C2,3,0.17,0.48,0.39,1.0,,Top rock
2023-01-15,C2,4,0.35,0,0.86,1.2,,Top rock
2023-01-15,C2,5,0.49,0.16,0.89,1.5,,Top rock
2023-01-15,C2,6,0.28,0.95,0.92,2.2,,Top rock
2023-01-15,C2,7,0.63,0,0.44,1.1,,Top rock
2023-01-15,C2,8,0.18,0.40,0.68,1.3,,Top rock
2023-01-15,C2,9,1.69,0,4.64,6.3,,Top rock
2023-01-15,C2,10,0.16,0.60,0.04,0.8,,Top rock
2023-01-15,C2,11,0.35,0.20,0.64,1.2,,Top rock
2023-01-15,C2,12,0.98,0,1.89,2.9,,Top rock
2023-01-15,C2,13,0.83,0,2.11,2.9,,Top rock
2023-01-15,C2,14,1.84,0,1.81,3.7,,Top rock
2023-01-15,C2,15,0.53,0.36,1.05,1.9,,Top rock
2023-01-15,C2,16,0.76,0.10,1.00,1.9,,Top rock
2023-01-15,C2,17,0.23,0.17,0.18,0.6,,Top rock
2023-01-15,C2,18,0.15,0.55,0.07,0.8,,Top rock
2023-01-15,C2,19,0.74,0.49,0.89,2.1,,Top rock
2023-01-15,C2,20,0.24,0.25,0.65,1.1,,Top rock
2023-01-15,T1,1,0.28,0.10,0.31,0.7,,Top rock
2023-01-15,T1,2,0.40,0,1.24,1.6,,Top rock
2023-01-15,T1,3,0.19,0,0.29,0.5,,Top rock
2023-01-15,T1,4,0.51,0.22,1.29,2.0,,Top rock
2023-01-15,T1,5,0.53,0,0.79,1.3,,Top rock
2023-01-15,T1,6,0.18,0.17,0.04,0.4,,Top rock
2023-01-15,T1,7,0.12,0.09,0.09,0.3,,Top rock
2023-01-15,T1,8,0.09,0.26,0.14,0.5,,Top rock
2023-01-15,T1,9,0.10,0.10,0.02,0.2,,Top rock
2023-01-15,T1,10,0.66,0,0.22,0.9,,Top rock
2023-01-15,T1,11,1.60,0,6.41,8.0,,Top rock
2023-01-15,T1,12,0.11,0.38,0,0.5,,Top rock
2023-01-15,T1,13,0.17,0.12,0,0.3,,Top rock
2023-01-15,T1,14,0.45,0,1.23,1.7,,Top rock
2023-01-15,T1,15,0.31,0.51,0.31,1.1,,Top rock
2023-01-15,T1,16,0.14,0.29,0.28,0.7,,Top rock
2023-01-15,T1,17,0.09,0.17,0,0.3,,Top rock
2023-01-15,T1,18,0.27,0.14,0.03,0.4,,Top rock
2023-01-15,T1,19,0.06,0.10,0,0.2,,Top rock
2023-01-15,T1,20,0.06,0.23,0,0.3,,Top rock
2023-01-15,T2,1,1.04,0,4.53,5.6,,Top rock
2023-01-15,T2,2,1.25,0,4.74,6.0,,Top rock
2023-01-15,T2,3,0.25,0,1.17,1.4,,Top rock
2023-01-15,T2,4,3.89,0,1.58,5.5,,Top rock
2023-01-15,T2,5,1.08,0,5.26,6.3,,Top rock
2023-01-15,T2,6,1.80,0,8.92,10.7,,Top rock
2023-01-15,T2,7,0.12,0.03,0.16,0.3,,Top rock
2023-01-15,T2,8,0.89,0,3.59,4.5,,Top rock
2023-01-15,T2,9,0.58,0,0.67,1.3,,Top rock
2023-01-15,T2,10,4.58,0,1.80,6.4,,Top rock
2023-01-15,T2,11,0.99,0,3.55,4.5,,Top rock
2023-01-15,T2,12,0.64,0,2.44,3.1,,Top rock
2023-01-15,T2,13,1.04,0,4.04,5.1,,Top rock
2023-01-15,T2,14,0.64,0,2.67,3.3,,Top rock
2023-01-15,T2,15,1.66,0,5.18,6.8,,Top rock
2023-01-15,T2,16,0.59,0,0.33,0.9,,Top rock
2023-01-15,T2,17,0.56,0,2.55,3.1,,Top rock
2023-01-15,T2,18,1.38,0,4.42,5.8,,Top rock
2023-01-15,T2,19,0.23,0,1.28,1.5,,Top rock
2023-01-15,T2,20,1.67,0,6.44,8.1,,Top rock
2023-01-15,T3,1,0.08,0.29,0,0.4,,Top rock
2023-01-15,T3,2,0.07,0.63,0,0.7,,Top rock
2023-01-15,T3,3,0.07,0.18,0,0.3,,Top rock
2023-01-15,T3,4,0.07,0.36,0,0.4,,Top rock
2023-01-15,T3,5,0.04,0.20,0,0.2,,Top rock
2023-01-15,T3,6,0.39,0.93,0.94,2.3,,Top rock
2023-01-15,T3,7,0.12,0.42,0,0.5,,Top rock
2023-01-15,T3,8,0.04,0.25,0,0.3,,Top rock
2023-01-15,T3,9,0.04,0.66,0,0.7,,Top rock
2023-01-15,T3,10,0.06,0.24,0,0.3,,Top rock
2023-01-15,T3,11,0.09,0.48,0,0.6,,Top rock
2023-01-15,T3,12,0.08,0.58,0.10,0.8,,Top rock
2023-01-15,T3,13,0.30,0,1.36,1.7,,Top rock
2023-01-15,T3,14,0.13,0.37,0.10,0.6,,Top rock
2023-01-15,T3,15,0.08,0.63,0,0.7,,Top rock
2023-01-15,T3,16,0.20,0,0.53,0.7,,Top rock
2023-01-15,T3,17,0.08,0.70,0.02,0.8,,Top rock
2023-01-15,T3,18,0.10,0.22,0.05,0.4,,Top rock
2023-01-15,T3,19,0.20,0.39,0.50,1.1,,Top rock
2023-01-15,T3,20,0.24,0,0.81,1.1,,Top rock
2023-03-21,C1.5,1,0.03,0.15,0.00,0.2,,Top rock
2023-03-21,C1.5,2,0.11,0.49,0.00,0.6,,Top rock
2023-03-21,C1.5,3,0.07,0.15,0.00,0.2,,Top rock
2023-03-21,C1.5,4,0.09,0.44,0.00,0.5,,Top rock
2023-03-21,C1.5,5,0.14,0.19,0.00,0.3,,Top rock
2023-03-21,C1.5,6,1.38,0.00,3.42,4.8,,Top rock
2023-03-21,C1.5,7,0.07,0.08,0.00,0.2,,Top rock
2023-03-21,C1.5,8,1.43,0.00,3.18,4.6,,Top rock
2023-03-21,C1.5,9,0.68,0.00,0.99,1.7,,Top rock
2023-03-21,C1.5,10,0.02,0.11,0.00,0.1,,Top rock
2023-03-21,C1.5,11,0.07,0.00,0.14,0.2,,Tile
2023-03-21,C1.5,12,0.01,0.01,0.00,0.0,,Tile
2023-03-21,C1.5,13,0.01,0.00,0.00,0.0,,Tile
2023-03-21,C1.5,14,0.11,0.19,0.00,0.3,,Top rock
2023-03-21,C1.5,15,0.80,0.00,2.26,3.1,,Top rock
2023-03-21,C1.5,16,0.29,0.00,0.72,1.0,,Top rock
2023-03-21,C1.5,17,1.33,0.00,4.91,6.2,,Top rock
2023-03-21,C1.5,18,0.16,0.29,0.39,0.8,,Top rock
2023-03-21,C1.5,19,0.83,0.00,1.10,1.9,,Top rock
2023-03-21,C1.5,20,1.73,0.00,6.12,7.9,,Top rock
2023-03-21,C1.5,21,0.23,0.32,0.58,1.1,,Top rock
2023-03-21,C1.5,22,0.42,0.00,0.97,1.4,,Top rock
2023-03-21,C1.5,23,0.65,0.00,1.52,2.2,,Top rock
2023-03-21,C1.5,24,0.01,0.01,0.00,0.0,,Tile
2023-03-21,C1.5,25,0.03,0.00,0.00,0.0,,Tile
2023-03-21,C1.5,26,0.01,0.00,0.00,0.0,,Tile
2023-03-21,C2,1,0.04,0.41,0.00,0.5,,Top rock
2023-03-21,C2,2,0.07,0.12,0.00,0.2,,Top rock
2023-03-21,C2,3,0.00,0.29,0.00,0.3,,Top rock
2023-03-21,C2,4,0.70,0.19,0.00,0.9,,Top rock
2023-03-21,C2,5,0.14,0.23,0.00,0.4,,Top rock
2023-03-21,C2,6,0.82,0.00,1.78,2.6,,Top rock
2023-03-21,C2,7,1.41,0.00,4.36,5.8,,Top rock
2023-03-21,C2,8,1.11,0.00,2.44,3.6,,Top rock
2023-03-21,C2,9,0.06,0.27,0.00,0.3,,Top rock
2023-03-21,C2,10,2.21,0.00,7.68,9.9,,Top rock
2023-03-21,C2,11,0.01,0.00,0.00,0.0,,Tile
2023-03-21,C2,12,0.02,0.00,0.00,0.0,,Tile
2023-03-21,C2,13,0.01,0.01,0.00,0.0,,Tile
2023-03-21,C2,14,0.08,0.25,0.00,0.3,,Top rock
2023-03-21,C2,15,0.27,0.22,0.02,0.5,,Top rock
2023-03-21,C2,16,0.22,0.00,0.54,0.8,,Top rock
2023-03-21,C2,17,0.59,0.00,1.66,2.3,,Top rock
2023-03-21,C2,18,1.01,0.00,2.87,3.9,,Top rock
2023-03-21,C2,19,1.01,0.00,3.07,4.1,,Top rock
2023-03-21,C2,20,0.33,0.00,0.74,1.1,,Top rock
2023-03-21,C2,21,0.15,0.02,0.45,0.6,,Top rock
2023-03-21,C2,22,0.96,0.00,2.56,3.5,,Top rock
2023-03-21,C2,23,2.80,0.00,11.84,14.6,,Top rock
2023-03-21,C2,24,0.01,0.01,0.00,0.0,,Tile
2023-03-21,C2,25,0.03,0.00,0.00,0.0,,Tile
2023-03-21,C2,26,,,,0.0,,Tile
2023-03-21,T1,1,0.23,0.28,0.08,0.6,,Top rock
2023-03-21,T1,2,0.37,0.00,0.97,1.3,,Top rock
2023-03-21,T1,3,0.08,0.30,0.00,0.4,,Top rock
2023-03-21,T1,4,0.04,0.07,0.00,0.1,,Top rock
2023-03-21,T1,5,0.04,0.06,0.00,0.1,,Top rock
2023-03-21,T1,6,0.03,0.01,0.00,0.0,,Top rock
2023-03-21,T1,7,0.27,0.00,0.14,0.4,,Top rock
2023-03-21,T1,8,0.06,0.01,0.00,0.1,,Top rock
2023-03-21,T1,9,0.11,0.12,0.00,0.2,,Top rock
2023-03-21,T1,10,0.01,0.02,0.00,0.0,,Top rock
2023-03-21,T1,11,0.00,0.00,0.00,0.0,,Tile
2023-03-21,T1,12,0.02,0.00,0.00,0.0,,Tile
2023-03-21,T1,13,0.01,0.01,0.00,0.0,,Tile
2023-03-21,T1,14,0.53,0.00,1.32,1.9,,Top rock
2023-03-21,T1,15,0.92,0.00,2.58,3.5,,Top rock
2023-03-21,T1,16,0.47,0.00,1.62,2.1,,Top rock
2023-03-21,T1,17,0.25,0.30,0.47,1.0,,Top rock
2023-03-21,T1,18,0.90,0.00,2.67,3.6,,Top rock
2023-03-21,T1,19,0.75,0.00,3.25,4.0,,Top rock
2023-03-21,T1,20,2.05,0.00,10.37,12.4,,Top rock
2023-03-21,T1,21,0.12,0.13,0.00,0.3,,Top rock
2023-03-21,T1,22,0.02,0.13,0.00,0.2,,Top rock
2023-03-21,T1,23,0.04,0.10,0.00,0.1,,Top rock
2023-03-21,T1,24,0.05,0.00,0.00,0.1,,Tile
2023-03-21,T1,25,0.03,0.01,0.00,0.0,,Tile
2023-03-21,T1,25,0.04,0.05,0.00,0.1,,Tile
2023-03-21,T2,1,0.58,0.00,1.19,1.8,,Top rock
2023-03-21,T2,2,0.66,0.00,1.77,2.4,,Top rock
2023-03-21,T2,3,2.90,0.00,4.50,7.4,,Top rock
2023-03-21,T2,4,1.18,0.00,0.54,1.7,,Top rock
2023-03-21,T2,5,1.97,0.00,1.83,3.8,,Top rock
2023-03-21,T2,6,1.33,0.00,1.08,2.4,,Top rock
2023-03-21,T2,7,2.25,0.00,0.60,2.9,,Top rock
2023-03-21,T2,8,2.89,0.00,0.80,3.7,,Top rock
2023-03-21,T2,9,1.33,0.00,6.20,7.5,,Top rock
2023-03-21,T2,10,0.81,0.00,1.87,2.7,,Top rock
2023-03-21,T2,11,0.01,0.00,0.00,0.0,,Tile
2023-03-21,T2,12,0.07,0.01,0.00,0.1,,Tile
2023-03-21,T2,13,0.03,0.00,0.08,0.1,,Tile
2023-03-21,T2,14,1.30,0.00,1.86,3.2,,Top rock
2023-03-21,T2,15,0.73,0.00,1.92,2.7,,Top rock
2023-03-21,T2,16,0.89,0.00,1.67,2.6,,Top rock
2023-03-21,T2,17,2.28,0.00,1.18,3.5,,Top rock
2023-03-21,T2,18,0.90,0.00,2.34,3.2,,Top rock
2023-03-21,T2,19,1.65,0.00,8.29,9.9,,Top rock
2023-03-21,T2,20,0.13,0.00,0.17,0.3,,Top rock
2023-03-21,T2,21,1.94,0.00,11.48,13.4,,Top rock
2023-03-21,T2,22,0.04,0.08,0.00,0.1,,Top rock
2023-03-21,T2,23,0.03,0.03,0.00,0.1,,Top rock
2023-03-21,T2,24,0.03,0.00,0.00,0.0,,Tile
2023-03-21,T2,25,0.01,0.00,0.00,0.0,,Tile
2023-03-21,T2,26,0.03,0.00,0.00,0.0,,Tile
2023-03-21,T3,1,0.04,0.10,0.00,0.1,,Top rock
2023-03-21,T3,2,0.08,0.11,0.00,0.2,,Top rock
2023-03-21,T3,3,0.71,0.00,0.82,1.5,,Top rock
2023-03-21,T3,4,0.03,0.15,0.00,0.2,,Top rock
2023-03-21,T3,5,0.07,0.15,0.00,0.2,,Top rock
2023-03-21,T3,6,0.02,0.13,0.00,0.2,,Top rock
2023-03-21,T3,7,0.17,0.12,0.45,0.7,,Top rock
2023-03-21,T3,8,0.11,0.31,0.00,0.4,,Top rock
2023-03-21,T3,9,0.08,0.09,0.00,0.2,,Top rock
2023-03-21,T3,10,0.05,0.14,0.00,0.2,,Top rock
2023-03-21,T3,11,0.01,0.00,0.00,0.0,,Tile
2023-03-21,T3,12,0.01,0.00,0.00,0.0,,Tile
2023-03-21,T3,13,0.01,0.00,0.00,0.0,,Tile
2023-03-21,T3,14,0.06,0.04,0.00,0.1,,Top rock
2023-03-21,T3,15,0.03,0.06,0.00,0.1,,Top rock
2023-03-21,T3,16,0.40,0.00,0.37,0.8,,Top rock
2023-03-21,T3,17,0.03,0.15,0.00,0.2,,Top rock
2023-03-21,T3,18,0.02,0.13,0.00,0.2,,Top rock
2023-03-21,T3,19,0.01,0.09,0.00,0.1,,Top rock
2023-03-21,T3,20,0.04,0.13,0.00,0.2,,Top rock
2023-03-21,T3,21,0.05,0.17,0.00,0.2,,Top rock
2023-03-21,T3,22,0.05,0.09,0.00,0.1,,Top rock
2023-03-21,T3,23,0.08,0.06,0.00,0.1,,Top rock
2023-03-21,T3,24,0.01,0.01,0.00,0.0,,Tile
2023-03-21,T3,25,0.02,0.00,0.00,0.0,,Tile
2023-03-21,T3,26,0.01,0.00,0.00,0.0,,Tile
2023-05-12,C1.5,1,0.15,0.27,0.00,0.4,,Top rock
2023-05-12,C1.5,2,0.66,0.00,1.79,2.5,,Top rock
2023-05-12,C1.5,3,1.00,0.00,3.58,4.6,,Top rock
2023-05-12,C1.5,4,1.35,0.00,4.73,6.1,,Top rock
2023-05-12,C1.5,5,0.71,0.00,2.32,3.0,,Top rock
2023-05-12,C1.5,6,0.44,0.00,1.46,1.9,,Top rock
2023-05-12,C1.5,7,0.18,0.07,0.51,0.8,,Top rock
2023-05-12,C1.5,8,0.16,0.06,0.39,0.6,,Top rock
2023-05-12,C1.5,9,1.09,0.00,4.90,6.0,,Top rock
2023-05-12,C1.5,10,1.10,0.00,3.78,4.9,,Top rock
2023-05-12,C1.5,11,0.99,0.00,2.95,3.9,,Top rock
2023-05-12,C1.5,12,1.20,0.00,3.61,4.8,,Top rock
2023-05-12,C1.5,13,1.01,0.00,3.44,4.5,,Top rock
2023-05-12,C1.5,14,1.34,0.00,5.12,6.5,,Top rock
2023-05-12,C1.5,15,0.07,0.22,0.00,0.3,,Top rock
2023-05-12,C1.5,16,0.44,0.00,1.92,2.4,,Top rock
2023-05-12,C1.5,17,1.42,0.00,4.03,5.5,,Top rock
2023-05-12,C1.5,18,0.39,0.00,1.32,1.7,,Top rock
2023-05-12,C1.5,19,1.20,0.00,3.94,5.1,,Top rock
2023-05-12,C1.5,20,0.46,0.15,0.83,1.4,,Top rock
2023-05-12,C2,1,0.51,0.00,1.99,2.5,,Top rock
2023-05-12,C2,2,0.05,0.26,0.00,0.3,,Top rock
2023-05-12,C2,3,0.10,0.35,0.00,0.5,,Top rock
2023-05-12,C2,4,0.11,0.43,0.00,0.5,,Top rock
2023-05-12,C2,5,0.07,0.36,0.00,0.4,,Top rock
2023-05-12,C2,6,0.09,0.26,0.00,0.4,,Top rock
2023-05-12,C2,7,0.50,0.00,1.86,2.4,,Top rock
2023-05-12,C2,8,0.08,0.57,0.00,0.7,,Top rock
2023-05-12,C2,9,0.15,0.26,0.35,0.8,,Top rock
2023-05-12,C2,10,1.76,0.00,1.15,2.9,,Top rock
2023-05-12,C2,11,0.11,0.47,0.00,0.6,,Top rock
2023-05-12,C2,12,0.05,0.41,0.00,0.5,,Top rock
2023-05-12,C2,13,2.35,0.00,8.71,11.1,,Top rock
2023-05-12,C2,14,0.69,0.00,1.39,2.1,,Top rock
2023-05-12,C2,15,2.33,0.00,8.86,11.2,,Top rock
2023-05-12,C2,16,0.08,0.40,0.00,0.5,,Top rock
2023-05-12,C2,17,1.10,0.00,1.52,2.6,,Top rock
2023-05-12,C2,18,0.16,0.46,0.11,0.7,,Top rock
2023-05-12,C2,19,0.15,0.27,0.02,0.4,,Top rock
2023-05-12,C2,20,1.76,0.00,5.43,7.2,,Top rock
2023-05-12,T1,1,0.28,0.15,0.00,0.4,,Top rock
2023-05-12,T1,2,0.24,0.12,0.20,0.6,,Top rock
2023-05-12,T1,3,0.19,0.39,0.05,0.6,,Top rock
2023-05-12,T1,4,0.20,0.55,0.03,0.8,,Top rock
2023-05-12,T1,5,0.03,0.09,0.30,0.4,,Top rock
2023-05-12,T1,6,0.46,0.00,1.26,1.7,,Top rock
2023-05-12,T1,7,0.31,0.36,0.18,0.9,,Top rock
2023-05-12,T1,8,0.37,0.23,0.24,0.8,,Top rock
2023-05-12,T1,9,0.32,0.32,0.00,0.6,,Top rock
2023-05-12,T1,10,0.33,0.00,1.38,1.7,,Top rock
2023-05-12,T1,11,0.26,0.10,0.19,0.6,,Top rock
2023-05-12,T1,12,0.14,0.36,0.00,0.5,,Top rock
2023-05-12,T1,13,0.24,0.88,0.31,1.4,,Top rock
2023-05-12,T1,14,0.43,0.59,0.47,1.5,,Top rock
2023-05-12,T1,15,0.35,0.00,0.93,1.3,,Top rock
2023-05-12,T1,16,0.16,0.31,0.16,0.6,,Top rock
2023-05-12,T1,17,0.20,0.29,0.20,0.7,,Top rock
2023-05-12,T1,18,0.17,0.22,0.04,0.4,,Top rock
2023-05-12,T1,19,5.46,0.00,2.37,7.8,,Top rock
2023-05-12,T1,20,0.43,0.36,0.38,1.2,,Top rock
2023-05-12,T2,1,1.45,0.00,1.37,2.8,,Top rock
2023-05-12,T2,2,0.72,0.00,1.53,2.3,,Top rock
2023-05-12,T2,3,0.32,0.00,1.26,1.6,,Top rock
2023-05-12,T2,4,4.23,0.00,3.85,8.1,,Top rock
2023-05-12,T2,5,1.51,0.00,0.69,2.2,,Top rock
2023-05-12,T2,6,0.31,0.00,1.25,1.6,,Top rock
2023-05-12,T2,7,0.36,0.00,1.20,1.6,,Top rock
2023-05-12,T2,8,0.46,0.00,1.63,2.1,,Top rock
2023-05-12,T2,9,0.83,0.00,1.17,2.0,,Top rock
2023-05-12,T2,10,0.54,0.00,1.69,2.2,,Top rock
2023-05-12,T2,11,1.52,0.00,5.89,7.4,,Top rock
2023-05-12,T2,12,0.44,0.00,1.42,1.9,,Top rock
2023-05-12,T2,13,0.93,0.00,3.74,4.7,,Top rock
2023-05-12,T2,14,0.39,0.00,1.71,2.1,,Top rock
2023-05-12,T2,15,1.21,0.00,4.86,6.1,,Top rock
2023-05-12,T2,16,3.07,0.00,2.88,6.0,,Top rock
2023-05-12,T2,17,0.99,0.00,3.50,4.5,,Top rock
2023-05-12,T2,18,0.49,0.00,2.04,2.5,,Top rock
2023-05-12,T2,19,0.33,0.05,1.16,1.5,,Top rock
2023-05-12,T2,20,3.21,0.00,10.38,13.6,,Top rock
2023-05-12,T3,1,1.28,0.00,3.95,5.2,,Top rock
2023-05-12,T3,2,0.38,0.10,0.46,0.9,,Top rock
2023-05-12,T3,3,0.02,0.33,0.00,0.4,,Top rock
2023-05-12,T3,4,0.08,0.39,0.00,0.5,,Top rock
2023-05-12,T3,5,0.12,0.47,0.00,0.6,,Top rock
2023-05-12,T3,6,0.33,0.00,1.40,1.7,,Top rock
2023-05-12,T3,7,0.03,0.38,0.00,0.4,,Top rock
2023-05-12,T3,8,0.12,0.39,0.00,0.5,,Top rock
2023-05-12,T3,9,0.13,0.34,0.00,0.5,,Top rock
2023-05-12,T3,10,0.21,0.13,0.86,1.2,,Top rock
2023-05-12,T3,11,0.33,0.00,0.70,1.0,,Top rock
2023-05-12,T3,12,0.06,0.23,0.00,0.3,,Top rock
2023-05-12,T3,13,0.19,0.38,0.07,0.6,,Top rock
2023-05-12,T3,14,0.08,0.49,0.15,0.7,,Top rock
2023-05-12,T3,15,0.20,0.17,0.00,0.4,,Top rock
2023-05-12,T3,16,0.17,0.44,0.11,0.7,,Top rock
2023-05-12,T3,17,0.62,0.00,2.63,3.3,,Top rock
2023-05-12,T3,18,0.57,0.00,2.11,2.7,,Top rock
2023-05-12,T3,19,0.14,0.35,0.00,0.5,,Top rock
2023-05-12,T3,20,0.05,0.16,0.00,0.2,,Top rock
2023-05-24,C1.5,1,0.03,0.06,0.00,0.1,,Tile
2023-05-24,C1.5,2,0.01,0.01,0.10,0.1,,Tile
2023-05-24,C1.5,3,0.01,0.04,0.00,0.1,,Tile
2023-05-24,C2,1,0.03,0.01,0.00,0.0,,Tile
2023-05-24,C2,2,0.02,0.03,0.00,0.1,,Tile
2023-05-24,C2,3,0.03,0.03,0.00,0.1,,Tile
2023-05-24,C2,4,0.06,0.06,0.40,0.5,,Tile
2023-05-24,C2,5,0.04,0.00,0.00,0.0,,Tile
2023-05-24,C2,6,0.06,0.00,0.00,0.1,,Tile
2023-05-24,T1,1,0.07,0.03,0.00,0.1,,Tile
2023-05-24,T1,2,0.08,0.03,0.07,0.2,,Tile
2023-05-24,T1,3,0.08,0.03,0.02,0.1,,Tile
2023-05-24,T1,4,0.20,0.06,0.00,0.3,,Tile
2023-05-24,T1,5,0.21,0.03,0.00,0.2,,Tile
2023-05-24,T1,6,0.29,0.04,0.00,0.3,,Tile
2023-05-24,T2,1,0.27,0.00,0.29,0.6,,Tile
2023-05-24,T2,2,0.26,0.00,1.17,1.4,,Tile
2023-05-24,T2,3,0.23,0.00,0.54,0.8,,Tile
2023-05-24,T2,4,0.19,0.01,0.01,0.2,,Tile
2023-05-24,T2,5,0.15,0.00,0.03,0.2,,Tile
2023-05-24,T2,6,0.17,0.00,0.04,0.2,,Tile
2023-05-24,T3,1,0.78,0.00,0.15,0.9,,Tile
2023-05-24,T3,2,2.75,0.00,1.19,3.9,,Tile
2023-05-24,T3,3,1.50,0.00,0.39,1.9,,Tile
2023-05-24,T3,4,0.02,0.02,0.05,0.1,,Tile
2023-05-24,T3,5,0.53,0.00,1.06,1.6,,Tile
2023-05-24,T3,6,0.51,0.00,1.68,2.2,,Tile
2023-06-27,C1.5,1,0.53,0.21,0.27,1.0,,Top rock
2023-06-27,C1.5,2,0.17,0.05,0.57,0.8,,Top rock
2023-06-27,C1.5,3,0.35,0.07,0.96,1.4,,Top rock
2023-06-27,C1.5,4,0.55,0.00,1.84,2.4,,Top rock
2023-06-27,C1.5,5,0.30,0.00,1.00,1.3,,Top rock
2023-06-27,C1.5,6,0.50,0.00,1.11,1.6,,Top rock
2023-06-27,C1.5,7,0.58,0.00,0.79,1.4,,Top rock
2023-06-27,C1.5,8,0.28,0.00,0.94,1.2,,Top rock
2023-06-27,C1.5,9,0.50,0.00,0.94,1.4,,Top rock
2023-06-27,C1.5,10,0.07,0.23,0.00,0.3,,Top rock
2023-06-27,C1.5,11,1.17,0.00,3.71,4.9,,Top rock
2023-06-27,C1.5,12,0.07,0.00,0.23,0.3,,Top rock
2023-06-27,C1.5,13,1.19,0.00,4.02,5.2,,Top rock
2023-06-27,C1.5,14,0.54,0.14,0.30,1.0,,Top rock
2023-06-27,C1.5,15,0.19,0.16,0.55,0.9,,Top rock
2023-06-27,C1.5,16,0.02,0.26,0.24,0.5,,Top rock
2023-06-27,C1.5,17,0.67,0.12,0.00,0.8,,Top rock
2023-06-27,C1.5,18,0.10,0.04,0.00,0.1,,Top rock
2023-06-27,C1.5,19,0.86,0.00,1.63,2.5,,Top rock
2023-06-27,C1.5,20,0.62,0.00,2.22,2.8,,Top rock
2023-06-27,C2,1,0.24,0.00,1.42,1.7,,Top rock
2023-06-27,C2,2,0.05,0.20,0.44,0.7,,Top rock
2023-06-27,C2,3,1.24,0.00,0.91,2.2,,Top rock
2023-06-27,C2,4,0.86,0.00,2.69,3.6,,Top rock
2023-06-27,C2,5,0.19,0.00,1.13,1.3,,Top rock
2023-06-27,C2,6,0.35,0.00,0.81,1.2,,Top rock
2023-06-27,C2,7,0.47,0.00,2.60,3.1,,Top rock
2023-06-27,C2,8,0.53,0.00,1.32,1.9,,Top rock
2023-06-27,C2,9,0.48,0.00,1.58,2.1,,Top rock
2023-06-27,C2,10,0.33,0.00,1.29,1.6,,Top rock
2023-06-27,C2,11,1.61,0.00,1.91,3.5,,Top rock
2023-06-27,C2,12,0.60,0.00,1.93,2.5,,Top rock
2023-06-27,C2,13,0.85,0.00,2.61,3.5,,Top rock
2023-06-27,C2,14,0.21,0.00,2.24,2.5,,Top rock
2023-06-27,C2,15,0.61,0.00,1.58,2.2,,Top rock
2023-06-27,C2,16,0.58,0.00,3.13,3.7,,Top rock
2023-06-27,C2,17,0.30,0.00,1.78,2.1,,Top rock
2023-06-27,C2,18,0.69,0.00,2.71,3.4,,Top rock
2023-06-27,C2,19,0.28,0.00,3.01,3.3,,Top rock
2023-06-27,C2,20,1.77,0.00,6.66,8.4,,Top rock
2023-06-27,T1,1,0.30,0.22,0.04,0.6,,Top rock
2023-06-27,T1,2,0.59,0.00,2.17,2.8,,Top rock
2023-06-27,T1,3,0.60,0.00,1.99,2.6,,Top rock
2023-06-27,T1,4,2.21,0.00,1.95,4.2,,Top rock
2023-06-27,T1,5,0.36,0.00,2.20,2.6,,Top rock
2023-06-27,T1,6,0.80,0.00,2.91,3.7,,Top rock
2023-06-27,T1,7,0.25,0.12,0.00,0.4,,Top rock
2023-06-27,T1,8,0.88,0.00,2.14,3.0,,Top rock
2023-06-27,T1,9,0.84,0.00,0.58,1.4,,Top rock
2023-06-27,T1,10,0.69,0.00,1.84,2.5,,Top rock
2023-06-27,T1,11,1.97,0.00,8.56,10.5,,Top rock
2023-06-27,T1,12,0.37,0.00,0.98,1.4,,Top rock
2023-06-27,T1,13,1.63,0.00,4.06,5.7,,Top rock
2023-06-27,T1,14,0.11,0.00,0.00,0.1,,Top rock
2023-06-27,T1,15,0.73,0.00,0.84,1.6,,Top rock
2023-06-27,T1,16,0.44,0.00,1.57,2.0,,Top rock
2023-06-27,T1,17,0.58,0.00,2.70,3.3,,Top rock
2023-06-27,T1,18,1.22,0.00,1.47,2.7,,Top rock
2023-06-27,T1,19,0.60,0.00,2.09,2.7,,Top rock
2023-06-27,T1,20,0.33,0.00,1.59,1.9,,Top rock
2023-06-27,T2,1,0.74,0.00,3.22,4.0,,Top rock
2023-06-27,T2,2,0.48,0.00,2.09,2.6,,Top rock
2023-06-27,T2,3,1.41,0.00,5.43,6.8,,Top rock
2023-06-27,T2,4,0.45,0.00,1.84,2.3,,Top rock
2023-06-27,T2,5,2.03,0.00,8.51,10.5,,Top rock
2023-06-27,T2,6,2.29,0.00,9.88,12.2,,Top rock
2023-06-27,T2,7,0.30,0.00,1.47,1.8,,Top rock
2023-06-27,T2,8,2.31,0.00,12.05,14.4,,Top rock
2023-06-27,T2,9,1.78,0.00,8.12,9.9,,Top rock
2023-06-27,T2,10,0.47,0.00,1.60,2.1,,Top rock
2023-06-27,T2,11,0.55,0.00,3.01,3.6,,Top rock
2023-06-27,T2,12,1.20,0.00,4.91,6.1,,Top rock
2023-06-27,T2,13,0.57,0.00,1.89,2.5,,Top rock
2023-06-27,T2,14,1.54,0.00,5.04,6.6,,Top rock
2023-06-27,T2,15,0.69,0.00,2.80,3.5,,Top rock
2023-06-27,T2,16,1.28,0.00,4.56,5.8,,Top rock
2023-06-27,T2,17,2.10,0.00,8.55,10.7,,Top rock
2023-06-27,T2,18,1.84,0.00,6.55,8.4,,Top rock
2023-06-27,T2,19,1.11,0.00,3.61,4.7,,Top rock
2023-06-27,T2,20,1.08,0.00,2.98,4.1,,Top rock
2023-06-27,T3,1,0.24,0.16,0.33,0.7,,Top rock
2023-06-27,T3,2,0.67,0.00,1.42,2.1,,Top rock
2023-06-27,T3,3,0.28,0.00,1.45,1.7,,Top rock
2023-06-27,T3,4,1.04,0.00,1.94,3.0,,Top rock
2023-06-27,T3,5,0.45,0.00,2.15,2.6,,Top rock
2023-06-27,T3,6,0.32,0.00,0.81,1.1,,Top rock
2023-06-27,T3,7,0.69,0.00,3.17,3.9,,Top rock
2023-06-27,T3,8,0.68,0.00,2.36,3.0,,Top rock
2023-06-27,T3,9,0.78,0.16,0.01,1.0,,Top rock
2023-06-27,T3,10,0.23,0.10,0.00,0.3,,Top rock
2023-06-27,T3,11,0.15,0.13,0.05,0.3,,Top rock
2023-06-27,T3,12,0.13,0.00,0.24,0.4,,Top rock
2023-06-27,T3,13,0.83,0.00,2.64,3.5,,Top rock
2023-06-27,T3,14,0.27,0.14,0.00,0.4,,Top rock
2023-06-27,T3,15,1.15,0.00,3.56,4.7,,Top rock
2023-06-27,T3,16,0.55,0.00,2.27,2.8,,Top rock
2023-06-27,T3,17,1.53,0.00,8.60,10.1,,Top rock
2023-06-27,T3,18,1.26,0.00,5.52,6.8,,Top rock
2023-06-27,T3,19,0.96,0.00,3.66,4.6,,Top rock
2023-06-27,T3,20,1.30,0.00,4.82,6.1,,Top rock
2023-07-31,C1.5,1,0.69,0.00,0.97,1.7,,Top rock
2023-07-31,C1.5,2,0.40,0.04,0.00,0.4,,Top rock
2023-07-31,C1.5,3,0.24,0.06,0.00,0.3,,Top rock
2023-07-31,C1.5,4,0.58,0.00,0.00,0.6,,Top rock
2023-07-31,C1.5,5,0.17,0.14,0.00,0.3,,Top rock
2023-07-31,C1.5,6,0.28,0.00,0.39,0.7,,Top rock
2023-07-31,C1.5,7,0.57,0.00,0.00,0.6,,Top rock
2023-07-31,C1.5,8,0.18,0.08,0.00,0.3,,Top rock
2023-07-31,C1.5,9,0.33,0.21,0.31,0.9,,Top rock
2023-07-31,C1.5,10,1.08,0.00,0.92,2.0,,Top rock
2023-07-31,C1.5,11,0.22,0.08,0.01,0.3,,Top rock
2023-07-31,C1.5,12,0.23,0.02,0.61,0.9,,Top rock
2023-07-31,C1.5,13,0.42,0.00,0.03,0.5,,Top rock
2023-07-31,C1.5,14,0.21,0.05,0.00,0.3,,Top rock
2023-07-31,C1.5,15,0.15,0.02,0.00,0.2,,Top rock
2023-07-31,C1.5,16,0.80,0.00,0.37,1.2,,Top rock
2023-07-31,C1.5,17,0.17,0.00,0.00,0.2,,Top rock
2023-07-31,C1.5,18,1.97,0.00,0.64,2.6,,Top rock
2023-07-31,C1.5,19,0.29,0.00,0.34,0.6,,Top rock
2023-07-31,C1.5,20,0.56,0.00,1.86,2.4,,Top rock
2023-07-31,C2,1,0.31,0.09,0.01,0.4,,Top rock
2023-07-31,C2,2,0.36,0.06,0.02,0.4,,Top rock
2023-07-31,C2,3,0.16,0.05,0.29,0.5,,Top rock
2023-07-31,C2,4,0.27,0.04,0.00,0.3,,Top rock
2023-07-31,C2,5,0.34,0.22,0.04,0.6,,Top rock
2023-07-31,C2,6,0.56,0.04,1.97,2.6,,Top rock
2023-07-31,C2,7,0.45,0.00,0.47,0.9,,Top rock
2023-07-31,C2,8,0.44,0.00,0.53,1.0,,Top rock
2023-07-31,C2,9,0.19,0.24,0.23,0.7,,Top rock
2023-07-31,C2,10,0.66,0.00,0.00,0.7,,Top rock
2023-07-31,C2,11,0.65,0.01,0.00,0.7,,Top rock
2023-07-31,C2,12,0.24,0.00,0.00,0.2,,Top rock
2023-07-31,C2,13,0.38,0.00,0.00,0.4,,Top rock
2023-07-31,C2,14,0.44,0.08,0.00,0.5,,Top rock
2023-07-31,C2,15,0.34,0.15,0.00,0.5,,Top rock
2023-07-31,C2,16,0.24,0.00,0.11,0.4,,Top rock
2023-07-31,C2,17,0.69,0.08,0.00,0.8,,Top rock
2023-07-31,C2,18,0.08,0.21,0.19,0.5,,Top rock
2023-07-31,C2,19,0.24,0.42,0.92,1.6,,Top rock
2023-07-31,C2,20,0.30,0.00,0.31,0.6,,Top rock
2023-07-31,T1,1,0.40,0.08,0.07,0.6,,Top rock
2023-07-31,T1,2,0.74,0.00,1.31,2.1,,Top rock
2023-07-31,T1,3,0.36,0.44,0.48,1.3,,Top rock
2023-07-31,T1,4,1.16,0.00,0.97,2.1,,Top rock
2023-07-31,T1,5,0.29,0.00,0.13,0.4,,Top rock
2023-07-31,T1,6,0.42,0.00,1.23,1.7,,Top rock
2023-07-31,T1,7,0.40,0.00,1.16,1.6,,Top rock
2023-07-31,T1,8,0.75,0.00,2.18,2.9,,Top rock
2023-07-31,T1,9,0.69,0.00,1.68,2.4,,Top rock
2023-07-31,T1,10,2.76,0.00,3.24,6.0,,Top rock
2023-07-31,T1,11,0.40,0.36,0.14,0.9,,Top rock
2023-07-31,T1,12,0.46,0.00,0.46,0.9,,Top rock
2023-07-31,T1,13,0.40,0.08,0.00,0.5,,Top rock
2023-07-31,T1,14,0.73,0.00,0.87,1.6,,Top rock
2023-07-31,T1,15,0.34,0.00,1.20,1.5,,Top rock
2023-07-31,T1,16,0.23,0.25,0.24,0.7,,Top rock
2023-07-31,T1,17,0.21,0.09,0.00,0.3,,Top rock
2023-07-31,T1,18,0.51,0.00,1.23,1.7,,Top rock
2023-07-31,T1,19,0.39,0.19,1.36,1.9,,Top rock
2023-07-31,T1,20,1.32,0.00,3.21,4.5,,Top rock
2023-07-31,T2,1,0.18,0.02,0.06,0.3,,Top rock
2023-07-31,T2,2,0.24,0.00,1.22,1.5,,Top rock
2023-07-31,T2,3,0.34,0.00,1.00,1.3,,Top rock
2023-07-31,T2,4,1.06,0.00,2.15,3.2,,Top rock
2023-07-31,T2,5,0.14,0.31,0.08,0.5,,Top rock
2023-07-31,T2,6,0.77,0.00,2.83,3.6,,Top rock
2023-07-31,T2,7,0.40,0.00,1.00,1.4,,Top rock
2023-07-31,T2,8,0.76,0.00,2.91,3.7,,Top rock
2023-07-31,T2,9,2.19,0.00,1.18,3.4,,Top rock
2023-07-31,T2,10,0.72,0.94,1.03,2.7,,Top rock
2023-07-31,T2,11,0.10,0.15,0.16,0.4,,Top rock
2023-07-31,T2,12,0.95,0.00,0.64,1.6,,Top rock
2023-07-31,T2,13,0.13,0.17,0.00,0.3,,Top rock
2023-07-31,T2,14,2.86,0.00,1.33,4.2,,Top rock
2023-07-31,T2,15,0.63,0.00,2.21,2.8,,Top rock
2023-07-31,T2,16,0.40,0.00,1.14,1.5,,Top rock
2023-07-31,T2,17,0.36,0.00,0.49,0.9,,Top rock
2023-07-31,T2,18,1.05,0.00,1.82,2.9,,Top rock
2023-07-31,T2,19,1.14,0.00,1.74,2.9,,Top rock
2023-07-31,T2,20,0.93,0.00,2.75,3.7,,Top rock
2023-07-31,T3,1,0.59,0.00,1.31,1.9,,Top rock
2023-07-31,T3,2,0.65,0.00,2.29,2.9,,Top rock
2023-07-31,T3,3,1.03,0.00,1.26,2.3,,Top rock
2023-07-31,T3,4,0.58,0.00,2.25,2.8,,Top rock
2023-07-31,T3,5,0.15,0.14,0.25,0.5,,Top rock
2023-07-31,T3,6,0.46,0.00,1.63,2.1,,Top rock
2023-07-31,T3,7,0.15,0.12,0.16,0.4,,Top rock
2023-07-31,T3,8,0.61,0.73,1.32,2.7,,Top rock
2023-07-31,T3,9,2.55,0.00,2.82,5.4,,Top rock
2023-07-31,T3,10,0.09,0.36,0.00,0.5,,Top rock
2023-07-31,T3,11,0.27,0.00,0.44,0.7,,Top rock
2023-07-31,T3,12,1.14,0.00,2.67,3.8,,Top rock
2023-07-31,T3,13,0.73,0.00,1.85,2.6,,Top rock
2023-07-31,T3,14,0.28,0.00,0.80,1.1,,Top rock
2023-07-31,T3,15,0.75,0.00,1.44,2.2,,Top rock
2023-07-31,T3,16,1.32,0.00,2.06,3.4,,Top rock
2023-07-31,T3,17,1.30,0.00,2.59,3.9,,Top rock
2023-07-31,T3,18,0.94,0.00,2.11,3.1,,Top rock
2023-07-31,T3,19,1.17,0.00,3.43,4.6,,Top rock
2023-07-31,T3,20,1.49,0.00,1.17,2.7,,Top rock
2023-10-04,C1.5,1,0.11,0.08,0.73,0.9,,Top rock
2023-10-04,C1.5,2,0.00,0.03,0.96,1.0,,Top rock
2023-10-04,C1.5,3,0.00,0.03,0.33,0.4,,Top rock
2023-10-04,C1.5,4,0.00,0.14,0.41,0.6,,Top rock
2023-10-04,C1.5,5,0.00,0.49,0.65,1.1,,Top rock
2023-10-04,C1.5,6,0.10,0.20,0.70,1.0,,Top rock
2023-10-04,C1.5,7,0.00,3.45,1.49,4.9,,Top rock
2023-10-04,C1.5,8,0.04,0.10,0.71,0.9,,Top rock
2023-10-04,C1.5,9,0.02,0.00,0.32,0.3,,Top rock
2023-10-04,C1.5,10,0.00,0.56,0.57,1.1,,Top rock
2023-10-04,C1.5,11,0.00,0.25,0.61,0.9,,Top rock
2023-10-04,C1.5,12,0.00,0.32,0.71,1.0,,Top rock
2023-10-04,C1.5,13,0.00,0.03,0.47,0.5,,Top rock
2023-10-04,C1.5,14,0.00,0.75,1.70,2.5,,Top rock
2023-10-04,C1.5,15,0.00,0.25,0.92,1.2,,Top rock
2023-10-04,C1.5,16,0.00,0.08,0.55,0.6,,Top rock
2023-10-04,C1.5,17,0.10,0.00,0.50,0.6,,Top rock
2023-10-04,C1.5,18,0.01,0.37,0.51,0.9,,Top rock
2023-10-04,C1.5,19,0.04,0.00,0.51,0.6,,Top rock
2023-10-04,C1.5,20,0.78,2.10,0.68,3.6,,Top rock
2023-10-04,C2,1,0.00,0.44,1.20,1.6,,Top rock
2023-10-04,C2,2,0.00,0.24,0.90,1.1,,Top rock
2023-10-04,C2,3,0.00,0.26,0.80,1.1,,Top rock
2023-10-04,C2,4,0.00,1.33,1.02,2.4,,Top rock
2023-10-04,C2,5,0.00,0.26,1.04,1.3,,Top rock
2023-10-04,C2,6,0.00,0.10,0.63,0.7,,Top rock
2023-10-04,C2,7,0.00,0.34,0.77,1.1,,Top rock
2023-10-04,C2,8,0.00,0.68,1.22,1.9,,Top rock
2023-10-04,C2,9,0.25,0.00,1.51,1.8,,Top rock
2023-10-04,C2,10,0.00,1.57,6.69,8.3,,Top rock
2023-10-04,C2,11,0.00,0.04,1.01,1.1,,Top rock
2023-10-04,C2,12,0.00,0.69,1.72,2.4,,Top rock
2023-10-04,C2,13,0.00,0.81,1.82,2.6,,Top rock
2023-10-04,C2,14,0.00,1.68,1.32,3.0,,Top rock
2023-10-04,C2,15,0.00,0.28,1.55,1.8,,Top rock
2023-10-04,C2,16,0.00,0.12,1.39,1.5,,Top rock
2023-10-04,C2,17,0.00,0.12,0.77,0.9,,Top rock
2023-10-04,C2,18,0.00,0.90,0.76,1.7,,Top rock
2023-10-04,C2,19,0.00,0.71,0.60,1.3,,Top rock
2023-10-04,C2,20,0.00,1.59,1.54,3.1,,Top rock
2023-10-04,T1,1,0.00,0.43,0.67,1.1,,Top rock
2023-10-04,T1,2,0.00,1.36,0.77,2.1,,Top rock
2023-10-04,T1,3,0.00,1.13,1.14,2.3,,Top rock
2023-10-04,T1,4,0.00,0.21,0.91,1.1,,Top rock
2023-10-04,T1,5,0.00,0.72,0.69,1.4,,Top rock
2023-10-04,T1,6,0.00,0.49,0.76,1.3,,Top rock
2023-10-04,T1,7,0.00,1.21,1.24,2.5,,Top rock
2023-10-04,T1,8,0.00,0.34,0.69,1.0,,Top rock
2023-10-04,T1,9,0.00,0.20,0.84,1.0,,Top rock
2023-10-04,T1,10,0.00,0.12,1.05,1.2,,Top rock
2023-10-04,T1,11,0.00,1.65,1.44,3.1,,Top rock
2023-10-04,T1,12,0.00,0.96,0.95,1.9,,Top rock
2023-10-04,T1,13,0.01,0.80,0.89,1.7,,Top rock
2023-10-04,T1,14,0.00,0.25,0.94,1.2,,Top rock
2023-10-04,T1,15,0.00,1.85,0.29,2.1,,Top rock
2023-10-04,T1,16,0.00,0.72,0.14,0.9,,Top rock
2023-10-04,T1,17,0.00,1.15,0.68,1.8,,Top rock
2023-10-04,T1,18,0.00,0.56,1.11,1.7,,Top rock
2023-10-04,T1,19,0.00,1.17,1.08,2.3,,Top rock
2023-10-04,T1,20,0.01,0.25,0.86,1.1,,Top rock
2023-10-04,T2,1,0.00,0.17,0.26,0.4,,Top rock
2023-10-04,T2,2,0.12,0.06,0.30,0.5,,Top rock
2023-10-04,T2,3,0.34,0.60,0.49,1.4,,Top rock
2023-10-04,T2,4,0.00,0.00,0.26,0.3,,Top rock
2023-10-04,T2,5,0.00,1.37,2.15,3.5,,Top rock
2023-10-04,T2,6,0.60,0.16,0.27,1.0,,Top rock
2023-10-04,T2,7,0.00,0.24,0.62,0.9,,Top rock
2023-10-04,T2,8,0.07,0.11,0.68,0.9,,Top rock
2023-10-04,T2,9,0.00,4.14,1.04,5.2,,Top rock
2023-10-04,T2,10,0.00,2.06,0.65,2.7,,Top rock
2023-10-04,T2,11,0.27,0.23,0.30,0.8,,Top rock
2023-10-04,T2,12,0.00,0.48,0.29,0.8,,Top rock
2023-10-04,T2,13,0.49,1.23,0.37,2.1,,Top rock
2023-10-04,T2,14,0.28,0.19,0.24,0.7,,Top rock
2023-10-04,T2,15,0.15,0.20,0.29,0.6,,Top rock
2023-10-04,T2,16,0.72,0.19,0.29,1.2,,Top rock
2023-10-04,T2,17,0.00,3.49,1.23,4.7,,Top rock
2023-10-04,T2,18,0.00,0.57,0.59,1.2,,Top rock
2023-10-04,T2,19,0.07,0.00,0.34,0.4,,Top rock
2023-10-04,T2,20,0.00,1.22,4.92,6.1,,Top rock
2023-10-04,T3,1,0.00,1.73,0.52,2.3,,Top rock
2023-10-04,T3,2,0.00,0.38,0.75,1.1,,Top rock
2023-10-04,T3,3,0.00,0.43,0.44,0.9,,Top rock
2023-10-04,T3,4,0.05,0.24,0.33,0.6,,Top rock
2023-10-04,T3,5,0.00,3.64,0.57,4.2,,Top rock
2023-10-04,T3,6,0.00,0.00,0.34,0.3,,Top rock
2023-10-04,T3,7,0.00,1.16,3.76,4.9,,Top rock
2023-10-04,T3,8,0.00,1.00,0.31,1.3,,Top rock
2023-10-04,T3,9,0.00,1.37,1.87,3.2,,Top rock
2023-10-04,T3,10,0.00,4.18,1.26,5.4,,Top rock
2023-10-04,T3,11,0.09,0.00,0.29,0.4,,Top rock
2023-10-04,T3,12,0.02,0.00,0.28,0.3,,Top rock
2023-10-04,T3,13,0.03,0.05,0.92,1.0,,Top rock
2023-10-04,T3,14,0.01,0.05,0.63,0.7,,Top rock
2023-10-04,T3,15,0.00,2.30,0.79,3.1,,Top rock
2023-10-04,T3,16,0.00,0.40,0.38,0.8,,Top rock
2023-10-04,T3,17,0.18,0.00,0.36,0.5,,Top rock
2023-10-04,T3,18,0.13,0.03,0.29,0.5,,Top rock
2023-10-04,T3,19,0.24,0.04,0.37,0.7,,Top rock
2023-10-04,T3,20,0.04,0.35,0.32,0.7,,Top rock
2024-05-16,C1.5,1,0.47,0,1.7,2.2,,Top rock
2024-05-16,C1.5,2,0,0,0,0.0,,Top rock
2024-05-16,C1.5,3,0.68,0,1.03,1.7,,Top rock
2024-05-16,C1.5,4,0.01,0.1,0,0.1,,Top rock
2024-05-16,C1.5,5,0.16,0.55,0.08,0.8,,Top rock
2024-05-16,C1.5,6,0.08,0.25,0,0.3,,Top rock
2024-05-16,C1.5,7,0.02,0.05,0,0.1,,Top rock
2024-05-16,C1.5,8,0.47,0,1.19,1.7,,Top rock
2024-05-16,C1.5,9,0.81,0,3.3,4.1,,Top rock
2024-05-16,C1.5,10,0.36,0,1.07,1.4,,Top rock
2024-05-16,C1.5,11,0.18,0.24,0.03,0.5,,Top rock
2024-05-16,C1.5,12,0.14,0,0.18,0.3,,Top rock
2024-05-16,C1.5,13,0.6,0,2.12,2.7,,Top rock
2024-05-16,C1.5,14,0.05,0.04,0,0.1,,Top rock
2024-05-16,C1.5,15,0.06,0,0,0.1,,Top rock
2024-05-16,C1.5,16,0.06,0.1,0,0.2,,Top rock
2024-05-16,C1.5,17,0.05,0.15,0,0.2,,Top rock
2024-05-16,C1.5,18,0.01,0.08,0,0.1,,Top rock
2024-05-16,C1.5,19,0.14,0.13,0.21,0.5,,Top rock
2024-05-16,C1.5,20,0.02,0.01,0,0.0,,Top rock
2024-05-17,C2,1,1.33,0,0.81,2.1,,Top rock
2024-05-17,C2,2,0.01,0.03,0,0.0,,Top rock
2024-05-17,C2,3,0.02,0.04,0,0.1,,Top rock
2024-05-17,C2,4,0.04,0.02,0,0.1,,Top rock
2024-05-17,C2,5,0.03,0.03,0,0.1,,Top rock
2024-05-17,C2,6,0.92,0,0.49,1.4,,Top rock
2024-05-17,C2,7,0.23,0.02,0,0.3,,Top rock
2024-05-17,C2,8,0.07,0.27,0,0.3,,Top rock
2024-05-17,C2,9,0.01,0.06,0,0.1,,Top rock
2024-05-17,C2,10,0.08,0.06,0,0.1,,Top rock
2024-05-17,C2,11,0.09,0.08,0,0.2,,Top rock
2024-05-17,C2,12,0.02,0.02,0,0.0,,Top rock
2024-05-17,C2,13,0.81,0,0.84,1.7,,Top rock
2024-05-17,C2,14,0.03,0.06,0,0.1,,Top rock
2024-05-17,C2,15,0.12,0.01,0,0.1,,Top rock
2024-05-17,C2,16,0.75,0,0.59,1.3,,Top rock
2024-05-17,C2,17,0.07,0.25,0.14,0.5,,Top rock
2024-05-17,C2,18,0.07,0.08,0,0.2,,Top rock
2024-05-17,C2,19,0.03,0.04,0,0.1,,Top rock
2024-05-17,C2,20,0.86,0,0.19,1.1,,Top rock
2024-05-13,T1,1,0.12,0,0.34,0.5,,Top rock
2024-05-13,T1,2,0.13,0.2,0,0.3,,Top rock
2024-05-13,T1,3,0.09,0.02,0,0.1,,Top rock
2024-05-13,T1,4,0.08,0.02,0,0.1,,Top rock
2024-05-13,T1,5,0.13,0.1,0,0.2,,Top rock
2024-05-13,T1,6,0.34,0.12,0.54,1.0,,Top rock
2024-05-13,T1,7,0.11,0.05,0,0.2,,Top rock
2024-05-13,T1,8,0.53,0.17,0.14,0.8,,Top rock
2024-05-13,T1,9,0.12,0.36,0,0.5,,Top rock
2024-05-13,T1,10,0.17,0.11,0.01,0.3,,Top rock
2024-05-13,T1,11,1.58,0,0.92,2.5,,Top rock
2024-05-13,T1,12,0.12,0,0.5,0.6,,Top rock
2024-05-13,T1,13,0.53,0.2,0.47,1.2,,Top rock
2024-05-13,T1,14,0.31,0,0.73,1.0,,Top rock
2024-05-13,T1,15,0.21,0,0,0.2,,Top rock
2024-05-13,T1,16,0.46,0.03,1.08,1.6,,Top rock
2024-05-13,T1,17,0.08,0.21,0,0.3,,Top rock
2024-05-13,T1,18,2.2,0,10.38,12.6,,Top rock
2024-05-13,T1,19,0.13,0.09,0,0.2,,Top rock
2024-05-13,T1,20,0.09,0.26,0,0.4,,Top rock
2024-05-15,T2,1,0.98,0,0.32,1.3,,Top rock
2024-05-15,T2,2,0.21,0.1,0,0.3,,Top rock
2024-05-15,T2,3,0.21,0,0.33,0.5,,Top rock
2024-05-15,T2,4,3.98,0,0.97,5.0,,Top rock
2024-05-15,T2,5,0.99,0,1.08,2.1,,Top rock
2024-05-15,T2,6,2.42,0,0.71,3.1,,Top rock
2024-05-15,T2,7,0.51,0,1.97,2.5,,Top rock
2024-05-15,T2,8,0.59,0,3.29,3.9,,Top rock
2024-05-15,T2,9,0.47,0,2.34,2.8,,Top rock
2024-05-15,T2,10,0.37,0,1.55,1.9,,Top rock
2024-05-15,T2,11,0.63,0,2.21,2.8,,Top rock
2024-05-15,T2,12,0.28,0,1.32,1.6,,Top rock
2024-05-15,T2,13,3.16,0,0.74,3.9,,Top rock
2024-05-15,T2,14,0.15,0,0,0.2,,Top rock
2024-05-15,T2,15,0.16,0,0.62,0.8,,Top rock
2024-05-15,T2,16,1.26,0,2.5,3.8,,Top rock
2024-05-15,T2,17,0.2,0,0,0.2,,Top rock
2024-05-15,T2,18,0.27,0.11,0,0.4,,Top rock
2024-05-15,T2,19,0.33,0,0.97,1.3,,Top rock
2024-05-15,T2,20,1.03,0,2.54,3.6,,Top rock
2024-05-14,T3,1,1.02,0,2.99,4.0,,Top rock
2024-05-14,T3,2,0.58,0,2.54,3.1,,Top rock
2024-05-14,T3,3,0.88,0,1.37,2.3,,Top rock
2024-05-14,T3,4,0.64,0,0.81,1.5,,Top rock
2024-05-14,T3,5,0.42,0,1.3,1.7,,Top rock
2024-05-14,T3,6,0.62,0,2.71,3.3,,Top rock
2024-05-14,T3,7,0.64,0,1.64,2.3,,Top rock
2024-05-14,T3,8,1.02,0,2.41,3.4,,Top rock
2024-05-14,T3,9,2.46,0,3.87,6.3,,Top rock
2024-05-14,T3,10,0.76,0,2.42,3.2,,Top rock
2024-05-14,T3,11,0.37,0.06,0.69,1.1,,Top rock
2024-05-14,T3,12,0.03,0.09,0,0.1,,Top rock
2024-05-14,T3,13,0.14,0.46,0.03,0.6,,Top rock
2024-05-14,T3,14,0.06,0.1,0,0.2,,Top rock
2024-05-14,T3,15,0.33,0.03,0.51,0.9,,Top rock
2024-05-14,T3,16,0.17,0.03,0.33,0.5,,Top rock
2024-05-14,T3,17,0.57,0,1.8,2.4,,Top rock
2024-05-14,T3,18,0.55,0,1.35,1.9,,Top rock
2024-05-14,T3,19,1.16,0,4.39,5.6,,Top rock
2024-05-14,T3,20,0.24,0,0.71,1.0,,Top rock
2024-07-31,C1.5,1,0.22,0.63,0.09,0.9,,Top rock
2024-07-31,C1.5,2,0.78,0,0.05,0.8,,Top rock
2024-07-31,C1.5,3,0.15,0.72,0.03,0.9,,Top rock
2024-07-31,C1.5,4,0.28,0.11,0.03,0.4,,Top rock
2024-07-31,C1.5,5,0.06,0.08,0,0.1,,Top rock
2024-07-31,C1.5,6,0.14,0.68,0.01,0.8,,Top rock
2024-07-31,C1.5,7,0.4,0.34,0.31,1.1,,Top rock
2024-07-31,C1.5,8,0.18,0.59,0.02,0.8,,Top rock
2024-07-31,C1.5,9,0.16,0.57,0,0.7,,Top rock
2024-07-31,C1.5,10,0.26,0.25,0.12,0.6,,Top rock
2024-07-31,C1.5,11,0.27,0.05,0.11,0.4,,Top rock
2024-07-31,C1.5,12,0.2,0.02,0,0.2,,Top rock
2024-07-31,C1.5,13,0.23,0.1,0.01,0.3,,Top rock
2024-07-31,C1.5,14,0.18,0.63,0.05,0.9,,Top rock
2024-07-31,C1.5,15,0.25,0.18,0.16,0.6,,Top rock
2024-07-31,C1.5,16,0.15,0.38,0.07,0.6,,Top rock
2024-07-31,C1.5,17,0.22,0.01,0.05,0.3,,Top rock
2024-07-31,C1.5,18,0.32,0.07,0.16,0.6,,Top rock
2024-07-31,C1.5,19,0.26,0.49,0.12,0.9,,Top rock
2024-07-31,C1.5,20,0.19,0.13,0,0.3,,Top rock
2024-08-02,C2,1,0.16,0.09,0.05,0.3,,Top rock
2024-08-02,C2,2,0.23,0.25,0.32,0.8,,Top rock
2024-08-02,C2,3,0.54,0,0,0.5,,Top rock
2024-08-02,C2,4,0.16,0,0.04,0.2,,Top rock
2024-08-02,C2,5,0.64,0,0,0.6,,Top rock
2024-08-02,C2,6,0.19,0,0.22,0.4,,Top rock
2024-08-02,C2,7,0.3,0,0.09,0.4,,Top rock
2024-08-02,C2,8,0.14,0,0.21,0.4,,Top rock
2024-08-02,C2,9,0.23,0,0.14,0.4,,Top rock
2024-08-02,C2,10,0.85,0,1.23,2.1,,Top rock
2024-08-02,C2,11,0.17,0.11,0,0.3,,Top rock
2024-08-02,C2,12,0.17,0.02,0,0.2,,Top rock
2024-08-02,C2,13,0.11,0.86,0,1.0,,Top rock
2024-08-02,C2,14,0.39,0,0.26,0.7,,Top rock
2024-08-02,C2,15,0.07,0.19,0.03,0.3,,Top rock
2024-08-02,C2,16,0.1,0.01,0,0.1,,Top rock
2024-08-02,C2,17,0.13,0.22,0,0.4,,Top rock
2024-08-02,C2,18,0.27,0.02,0.29,0.6,,Top rock
2024-08-02,C2,19,0.4,0.08,1.37,1.9,,Top rock
2024-08-02,C2,20,0.46,0,0.4,0.9,,Top rock
2024-07-30,T1,1,0.1,0.03,0,0.1,,Top rock
2024-07-30,T1,2,0.41,0,0.67,1.1,,Top rock
2024-07-30,T1,3,0.09,0,0,0.1,,Top rock
2024-07-30,T1,4,0.28,0.12,0.01,0.4,,Top rock
2024-07-30,T1,5,0.12,0.01,0,0.1,,Top rock
2024-07-30,T1,6,0.21,0.35,0,0.6,,Top rock
2024-07-30,T1,7,0.09,0.06,0,0.2,,Top rock
2024-07-30,T1,8,0.14,0,0,0.1,,Top rock
2024-07-30,T1,9,0.35,0,0.24,0.6,,Top rock
2024-07-30,T1,10,0.21,0.06,0,0.3,,Top rock
2024-07-30,T1,11,0.23,0.13,0,0.4,,Top rock
2024-07-30,T1,12,0.83,0,1.38,2.2,,Top rock
2024-07-30,T1,13,0.19,0.06,0.19,0.4,,Top rock
2024-07-30,T1,14,0.31,0,0.44,0.8,,Top rock
2024-07-30,T1,15,0.11,0.06,0,0.2,,Top rock
2024-07-30,T1,16,0.16,0.05,0,0.2,,Top rock
2024-07-30,T1,17,0.43,0,0.11,0.5,,Top rock
2024-07-30,T1,18,0.17,0.22,0,0.4,,Top rock
2024-07-30,T1,19,0.27,0.02,0,0.3,,Top rock
2024-07-30,T1,20,0.19,0,0,0.2,,Top rock
2024-08-01,T2,1,0.13,0.18,0,0.3,,Top rock
2024-08-01,T2,2,0.18,0.24,0.06,0.5,,Top rock
2024-08-01,T2,3,0.17,0.53,0,0.7,,Top rock
2024-08-01,T2,4,0.26,0.46,0.01,0.7,,Top rock
2024-08-01,T2,5,0.1,0.71,0.09,0.9,,Top rock
2024-08-01,T2,6,0.31,0.68,0.18,1.2,,Top rock
2024-08-01,T2,7,0.4,0,1.03,1.4,,Top rock
2024-08-01,T2,8,0.12,0.34,0.02,0.5,,Top rock
2024-08-01,T2,9,0.45,0,0.79,1.2,,Top rock
2024-08-01,T2,10,0.21,0.41,0.12,0.7,,Top rock
2024-08-01,T2,11,0.23,0.33,0.34,0.9,,Top rock
2024-08-01,T2,12,0.41,0,1.43,1.8,,Top rock
2024-08-01,T2,13,0.17,0.41,0.09,0.7,,Top rock
2024-08-01,T2,14,0.36,0.42,0.27,1.1,,Top rock
2024-08-01,T2,15,0.32,0.01,0,0.3,,Top rock
2024-08-01,T2,16,0.32,0.11,0.12,0.6,,Top rock
2024-08-01,T2,17,0.33,0.04,0,0.4,,Top rock
2024-08-01,T2,18,0.17,0.04,0,0.2,,Top rock
2024-08-01,T2,19,0.16,0.5,0,0.7,,Top rock
2024-08-01,T2,20,0.29,0.18,0,0.5,,Top rock
2024-07-29,T3,1,0.21,0,0.07,0.3,,Top rock
2024-07-29,T3,2,0.2,0.01,0.16,0.4,,Top rock
2024-07-29,T3,3,0.25,0,0.44,0.7,,Top rock
2024-07-29,T3,4,0.17,0.16,0.09,0.4,,Top rock
2024-07-29,T3,5,0.23,0.11,0.23,0.6,,Top rock
2024-07-29,T3,6,0.27,0.07,0.3,0.6,,Top rock
2024-07-29,T3,7,0.15,0.56,0,0.7,,Top rock
2024-07-29,T3,8,0.32,0,0.82,1.1,,Top rock
2024-07-29,T3,9,0.12,0.3,0,0.4,,Top rock
2024-07-29,T3,10,0.1,0.21,0,0.3,,Top rock
2024-07-29,T3,11,0.21,0.25,0,0.5,,Top rock
2024-07-29,T3,12,0.2,0.19,0.04,0.4,,Top rock
2024-07-29,T3,13,0.27,0.04,0.05,0.4,,Top rock
2024-07-29,T3,14,0.18,0.11,0,0.3,,Top rock
2024-07-29,T3,15,0.25,0,0.09,0.3,,Top rock
2024-07-29,T3,16,0.21,0.09,0.03,0.3,,Top rock
2024-07-29,T3,17,0.16,0.04,0,0.2,,Top rock
2024-07-29,T3,18,0.24,0,0,0.2,,Top rock
2024-07-29,T3,19,0.32,0,0.07,0.4,,Top rock
2024-07-29,T3,20,0.19,0.02,0,0.2,,Top rock
2024-09-26,C2,1,0.68,0.41,0.58,1.7,,Top rock
2024-09-26,C2,2,0.72,0.62,0.84,2.2,,Top rock
2024-09-26,C2,3,0.54,0.51,0.38,1.4,,Top rock
2024-09-26,C2,4,0.96,0.5,0.35,1.8,,Top rock
2024-09-26,C2,5,0.58,0.31,0.15,1.0,,Top rock
2024-09-26,C2,6,0.84,0.61,0.45,1.9,,Top rock
2024-09-26,C2,7,1.07,0.46,0.69,2.2,,Top rock
2024-09-26,C2,8,0.72,0.5,0.32,1.5,,Top rock
2024-09-26,C2,9,0.48,0.18,0.33,1.0,,Top rock
2024-09-26,C2,10,0.99,0.26,0.02,1.3,,Top rock
2024-09-26,C2,11,0.84,0,3.79,4.6,,Top rock
2024-09-26,C2,12,0.48,0.22,0.03,0.7,,Top rock
2024-09-26,C2,13,0.73,1.06,0.95,2.7,,Top rock
2024-09-26,C2,14,0.8,0.29,1.1,2.2,,Top rock
2024-09-26,C2,15,0.84,0.16,0.96,2.0,,Top rock
2024-09-26,C2,16,1.36,0.19,1.24,2.8,,Top rock
2024-09-26,C2,17,0.76,0.16,0,0.9,,Top rock
2024-09-26,C2,18,0.52,0.35,0.65,1.5,,Top rock
2024-09-26,C2,19,1.12,0.48,4.28,5.9,,Top rock
2024-09-26,C2,20,0.65,0.05,0,0.7,,Top rock
2024-09-26,T1,1,0.26,0.38,0.02,0.7,,Top rock
2024-09-26,T1,2,0.26,0.16,0,0.4,,Top rock
2024-09-26,T1,3,0.5,0.26,0,0.8,,Top rock
2024-09-26,T1,4,0.55,0.36,0.11,1.0,,Top rock
2024-09-26,T1,5,0.19,0.21,0,0.4,,Top rock
2024-09-26,T1,6,0.34,0,0,0.3,,Top rock
2024-09-26,T1,7,0.32,0.06,0,0.4,,Top rock
2024-09-26,T1,8,0.07,0.04,0,0.1,,Top rock
2024-09-26,T1,9,0.11,0.16,0,0.3,,Top rock
2024-09-26,T1,10,0.08,0.07,0,0.2,,Top rock
2024-09-26,T1,11,0.1,0.12,0,0.2,,Top rock
2024-09-26,T1,12,0.35,0.14,0.23,0.7,,Top rock
2024-09-26,T1,13,0.26,0.14,0.12,0.5,,Top rock
2024-09-26,T1,14,0.42,0.63,0.55,1.6,,Top rock
2024-09-26,T1,15,0.31,0.37,0.11,0.8,,Top rock
2024-09-26,T1,16,0.15,0.58,0.15,0.9,,Top rock
2024-09-26,T1,17,0.6,0,3.92,4.5,,Top rock
2024-09-26,T1,18,0.74,0.77,0.95,2.5,,Top rock
2024-09-26,T1,19,0.36,0.23,0.01,0.6,,Top rock
2024-09-26,T1,20,0.28,0.37,0.15,0.8,,Top rock
2024-09-26,T2,1,0.33,0,0.14,0.5,,Top rock
2024-09-26,T2,2,0.25,0,0.08,0.3,,Top rock
2024-09-26,T2,3,0.17,0,0,0.2,,Top rock
2024-09-26,T2,4,0.89,0,4.49,5.4,,Top rock
2024-09-26,T2,5,0.16,0.09,0,0.3,,Top rock
2024-09-26,T2,6,0.19,0.13,0.11,0.4,,Top rock
2024-09-26,T2,7,0.24,0.06,0,0.3,,Top rock
2024-09-26,T2,8,0.21,0.24,0.16,0.6,,Top rock
2024-09-26,T2,9,0.39,0,0,0.4,,Top rock
2024-09-26,T2,10,1.6,0,6.89,8.5,,Top rock
2024-09-26,T2,11,0.38,0.03,0,0.4,,Top rock
2024-09-26,T2,12,0.88,0,0.51,1.4,,Top rock
2024-09-26,T2,13,0.16,0.25,0,0.4,,Top rock
2024-09-26,T2,14,0.29,0.08,0,0.4,,Top rock
2024-09-26,T2,15,0.93,0,2.67,3.6,,Top rock
2024-09-26,T2,16,0.07,0.21,0.08,0.4,,Top rock
2024-09-26,T2,17,0.13,0.52,0,0.7,,Top rock
2024-09-26,T2,18,0.39,0,0,0.4,,Top rock
2024-09-26,T2,19,0.39,0,1.12,1.5,,Top rock
2024-09-26,T2,20,0.68,0,0.4,1.1,,Top rock
2024-09-26,T3,1,0.21,0.2,0.09,0.5,,Top rock
2024-09-26,T3,2,1.65,0,0.48,2.1,,Top rock
2024-09-26,T3,3,0.27,0.07,0,0.3,,Top rock
2024-09-26,T3,4,0.25,0.1,0.03,0.4,,Top rock
2024-09-26,T3,5,0.21,0.57,0,0.8,,Top rock
2024-09-26,T3,6,0.09,0.02,0,0.1,,Top rock
2024-09-26,T3,7,0.15,0.36,0,0.5,,Top rock
2024-09-26,T3,8,0.25,0.06,0,0.3,,Top rock
2024-09-26,T3,9,0.16,0.15,0,0.3,,Top rock
2024-09-26,T3,10,0.21,0.05,0,0.3,,Top rock
2024-09-26,T3,11,0.21,0.28,0,0.5,,Top rock
2024-09-26,T3,12,0.19,0.3,0,0.5,,Top rock
2024-09-26,T3,13,0.24,0,0,0.2,,Top rock
2024-09-26,T3,14,0.18,0.21,0,0.4,,Top rock
2024-09-26,T3,15,0.17,0.01,0,0.2,,Top rock
2024-09-26,T3,16,0.19,0.32,0,0.5,,Top rock
2024-09-26,T3,17,0.18,0.23,0.04,0.5,,Top rock
2024-09-26,T3,18,0.55,0.08,0,0.6,,Top rock
2024-09-26,T3,19,0.29,0,0,0.3,,Top rock
2024-09-26,T3,20,0.12,0.12,0,0.2,,Top rock
2025-06-18,C1.5,1,0.07,0.04,0,0.1,,Top rock
2025-06-18,C1.5,2,0.19,0.21,0,0.4,,Top rock
2025-06-18,C1.5,3,0.1,0.36,0.06,0.5,,Top rock
2025-06-18,C1.5,4,0.04,0.2,0,0.2,,Top rock
2025-06-18,C1.5,5,0.14,0.32,0.02,0.5,,Top rock
2025-06-18,C1.5,6,0.04,0.19,0,0.2,,Top rock
2025-06-18,C1.5,7,0,0.09,0,0.1,,Top rock
2025-06-18,C1.5,8,0.03,0.34,0,0.4,,Top rock
2025-06-18,C1.5,9,0.15,0.04,0.7,0.9,,Top rock
2025-06-18,C1.5,10,0.06,0.08,0,0.1,,Top rock
2025-06-18,C1.5,11,0.04,0.3,0,0.3,,Top rock
2025-06-18,C1.5,12,0.12,0.09,0,0.2,,Top rock
2025-06-18,C1.5,13,0.22,0.45,0,0.7,,Top rock
2025-06-18,C1.5,14,0.06,0.27,0,0.3,,Top rock
2025-06-18,C1.5,15,0.06,0.5,0,0.6,,Top rock
2025-06-18,C1.5,16,0.04,0.12,0,0.2,,Top rock
2025-06-18,C1.5,17,0.05,0.29,0,0.3,,Top rock
2025-06-18,C1.5,18,0.15,0.1,0,0.3,,Top rock
2025-06-18,C1.5,19,0.13,0.31,0,0.4,,Top rock
2025-06-18,C1.5,20,0.11,0.39,0,0.5,,Top rock
2025-06-18,C2,1,0.07,0.01,0,0.1,,Top rock
2025-06-18,C2,2,0.19,0.33,0,0.5,,Top rock
2025-06-18,C2,3,0.06,0.1,0,0.2,,Top rock
2025-06-18,C2,4,0.04,0.22,0,0.3,,Top rock
2025-06-18,C2,5,0.1,0.11,0,0.2,,Top rock
2025-06-18,C2,6,0.13,0.38,0,0.5,,Top rock
2025-06-18,C2,7,0.19,0.43,0,0.6,,Top rock
2025-06-18,C2,8,0.13,0.06,0,0.2,,Top rock
2025-06-18,C2,9,0.18,0.38,0,0.6,,Top rock
2025-06-18,C2,10,0,0.23,0.06,0.3,,Top rock
2025-06-18,C2,11,0.19,0.22,0,0.4,,Top rock
2025-06-18,C2,12,0.06,0.28,0,0.3,,Top rock
2025-06-18,C2,13,0.1,0.01,0,0.1,,Top rock
2025-06-18,C2,14,0.09,0.43,0,0.5,,Top rock
2025-06-18,C2,15,0.08,0.32,0,0.4,,Top rock
2025-06-18,C2,16,0.38,0,1.66,2.0,,Top rock
2025-06-18,C2,17,0.11,0.55,0.17,0.8,,Top rock
2025-06-18,C2,18,0.22,0,1.29,1.5,,Top rock
2025-06-18,C2,19,0.19,0.66,0.13,1.0,,Top rock
2025-06-18,C2,20,0.12,0.52,0.09,0.7,,Top rock
2025-06-18,T1,1,0.01,0.33,0,0.3,,Top rock
2025-06-18,T1,2,0.09,0.02,0,0.1,,Top rock
2025-06-18,T1,3,0,0.14,0,0.1,,Top rock
2025-06-18,T1,4,0,0.05,0,0.1,,Top rock
2025-06-18,T1,5,0.13,0.12,0,0.3,,Top rock
2025-06-18,T1,6,0.08,0.03,0,0.1,,Top rock
2025-06-18,T1,7,0.14,0.59,0,0.7,,Top rock
2025-06-18,T1,8,0,0.12,0,0.1,,Top rock
2025-06-18,T1,9,0.12,0.39,0,0.5,,Top rock
2025-06-18,T1,10,0.09,0.33,0,0.4,,Top rock
2025-06-18,T1,11,0.11,0.03,0,0.1,,Top rock
2025-06-18,T1,12,0.08,0.11,0.46,0.7,,Top rock
2025-06-18,T1,13,0.14,0.21,0.09,0.4,,Top rock
2025-06-18,T1,14,0,0.11,0,0.1,,Top rock
2025-06-18,T1,15,0,0.29,0.04,0.3,,Top rock
2025-06-18,T1,16,0,0.2,0,0.2,,Top rock
2025-06-18,T1,17,0.18,0.01,0,0.2,,Top rock
2025-06-18,T1,18,0.1,0.63,0,0.7,,Top rock
2025-06-18,T1,19,0.1,0.27,0,0.4,,Top rock
2025-06-18,T1,20,0,0.24,0,0.2,,Top rock
2025-06-18,T2,1,0.08,0.31,0,0.4,,Top rock
2025-06-18,T2,2,0.04,0.22,0.41,0.7,,Top rock
2025-06-18,T2,3,0.19,0.19,0.55,0.9,,Top rock
2025-06-18,T2,4,0.11,0.24,0.32,0.7,,Top rock
2025-06-18,T2,5,0.07,0.2,0.3,0.6,,Top rock
2025-06-18,T2,6,0.02,0.31,0,0.3,,Top rock
2025-06-18,T2,7,0.15,0,0.84,1.0,,Top rock
2025-06-18,T2,8,0.07,0.05,0.58,0.7,,Top rock
2025-06-18,T2,9,0.12,0.04,0.72,0.9,,Top rock
2025-06-18,T2,10,0.07,0.25,0.34,0.7,,Top rock
2025-06-18,T2,11,0.19,0.27,0.64,1.1,,Top rock
2025-06-18,T2,12,0.12,0.18,0.21,0.5,,Top rock
2025-06-18,T2,13,0.06,0.29,0.19,0.5,,Top rock
2025-06-18,T2,14,0.02,0.28,0,0.3,,Top rock
2025-06-18,T2,15,0.13,0,0.92,1.1,,Top rock
2025-06-18,T2,16,0.13,0.33,0.17,0.6,,Top rock
2025-06-18,T2,17,0.1,0.13,0.39,0.6,,Top rock
2025-06-18,T2,18,0.16,0,0.72,0.9,,Top rock
2025-06-18,T2,19,0.16,0.04,0.61,0.8,,Top rock
2025-06-18,T2,20,0.3,0,1.29,1.6,,Top rock
2025-06-18,T3,1,0.35,0,1.84,2.2,,Top rock
2025-06-18,T3,2,0.08,0.2,0.3,0.6,,Top rock
2025-06-18,T3,3,0.19,0.03,0.45,0.7,,Top rock
2025-06-18,T3,4,0.15,0,1.02,1.2,,Top rock
2025-06-18,T3,5,0.24,0,1.28,1.5,,Top rock
2025-06-18,T3,6,0.34,0,0.9,1.2,,Top rock
2025-06-18,T3,7,0.16,0.28,0,0.4,,Top rock
2025-06-18,T3,8,0.46,0,2.28,2.7,,Top rock
2025-06-18,T3,9,0.19,0.62,0.06,0.9,,Top rock
2025-06-18,T3,10,0.06,0.34,0.3,0.7,,Top rock
2025-06-18,T3,11,0.18,0,1.09,1.3,,Top rock
2025-06-18,T3,12,0,0.23,0,0.2,,Top rock
2025-06-18,T3,13,0.16,0.29,0,0.5,,Top rock
2025-06-18,T3,14,0.21,0.29,0,0.5,,Top rock
2025-06-18,T3,15,0.03,0.26,0.16,0.5,,Top rock
2025-06-18,T3,16,0.09,0.05,0.54,0.7,,Top rock
2025-06-18,T3,17,0.1,0.3,0,0.4,,Top rock
2025-06-18,T3,18,0.13,0.58,0,0.7,,Top rock
2025-06-18,T3,19,0.07,0.32,0,0.4,,Top rock
2025-06-18,T3,20,0.19,0.45,0,0.6,,Top rock                                                                                                                                                                                                                                                                                                                                                                                                                                 