Sampling_date,Site,Replicate_number,Diatoms,Velocity
7/24/24,C1.5,1,0,0.18
7/24/24,C1.5,2,0.91,0.157
7/24/24,C1.5,3,0,0.192
7/24/24,C1.5,4,0.05,0.212
7/24/24,C1.5,5,0.01,0.225
7/24/24,C1.5,6,0.05,0.18
7/24/24,C1.5,7,0.16,0.132
7/24/24,C1.5,8,0.1,0.15
7/24/24,C1.5,9,0.12,0.145
7/24/24,C1.5,10,0,0.155
7/24/24,C1.5,11,0.17,0.089
7/24/24,C1.5,12,0.04,0.15
7/24/24,C1.5,13,0.11,0.18
7/24/24,C1.5,14,0,0.147
7/24/24,C1.5,15,0.56,0.082
7/24/24,C1.5,16,0.01,0.205
7/24/24,C1.5,17,0.02,0.175
7/24/24,C1.5,18,0.14,0.15
7/24/24,C1.5,19,0.06,0.345
7/24/24,C1.5,20,0.06,0.269
7/24/24,C2,1,0.18,0.107
7/24/24,C2,2,0.08,0.132
7/24/24,C2,3,0.2,0.125
7/24/24,C2,4,0.03,0.312
7/24/24,C2,5,0.01,0.232
7/24/24,C2,6,0,0.302
7/24/24,C2,7,0.38,0.17
7/24/24,C2,8,0,0.355
7/24/24,C2,9,0,0.11
7/24/24,C2,10,0,0.117
7/24/24,C2,11,0.18,0.22
7/24/24,C2,12,0.04,0.235
7/24/24,C2,13,0,0.23
7/24/24,C2,14,0,0.217
7/24/24,C2,15,0.21,0.077
7/24/24,C2,16,0.18,0.292
7/24/24,C2,17,0,0.207
7/24/24,C2,18,0,0.325
7/24/24,C2,19,0.09,0.242
7/24/24,C2,20,0,0.225
7/24/24,T1,1,0.01,0.245
7/24/24,T1,2,0,0.267
7/24/24,T1,3,0.25,0.222
7/24/24,T1,4,0.49,0.217
7/24/24,T1,5,1.4,0.087
7/24/24,T1,6,0,0.245
7/24/24,T1,7,1.87,0.207
7/24/24,T1,8,1.08,0.112
7/24/24,T1,9,0,0.14
7/24/24,T1,10,0.52,0.16
7/24/24,T1,11,1.07,0.08
7/24/24,T1,12,1.42,0.114
7/24/24,T1,13,1.01,0.105
7/24/24,T1,14,0.18,0.107
7/24/24,T1,15,0.93,0.152
7/24/24,T1,16,0,0.269
7/24/24,T1,17,0,0.132
7/24/24,T1,18,0.49,0.145
7/24/24,T1,19,0,0.25
7/24/24,T1,20,0.16,0.21
7/24/24,T2,1,0,0.132
7/24/24,T2,2,0.15,0.187
7/24/24,T2,3,0,0.227
7/24/24,T2,4,0,0.282
7/24/24,T2,5,0,0.177
7/24/24,T2,6,0.18,0.074
7/24/24,T2,7,0,0.142
7/24/24,T2,8,0.03,0.112
7/24/24,T2,9,0.78,0.157
7/24/24,T2,10,0.18,0.12
7/24/24,T2,11,0.36,0.18
7/24/24,T2,12,0,0.132
7/24/24,T2,13,0.78,0.082
7/24/24,T2,14,0.5,0.95
7/24/24,T2,15,0,0.135
7/24/24,T2,16,0,0.13
7/24/24,T2,17,0.34,0.105
7/24/24,T2,18,0,0.097
7/24/24,T2,19,0.09,0.08
7/24/24,T2,20,0.07,0.089
7/24/24,T3,1,1.31,0.26
7/24/24,T3,2,0,0.175
7/24/24,T3,3,1.19,0.195
7/24/24,T3,4,0.03,0.195
7/24/24,T3,5,0.13,0.105
7/24/24,T3,6,0.93,0.142
7/24/24,T3,7,0,0.097
7/24/24,T3,8,1.01,0.122
7/24/24,T3,9,0,0.087
7/24/24,T3,10,1,0.185
7/24/24,T3,11,0.44,0.122
7/24/24,T3,12,0,0.172
7/24/24,T3,13,0,0.185
7/24/24,T3,14,0,0.2
7/24/24,T3,15,0,0.195
7/24/24,T3,16,0,0.17
7/24/24,T3,17,0.36,0.155
7/24/24,T3,18,0.05,0.222
7/24/24,T3,19,0.93,0.13
7/24/24,T3,20,0,0.085
8/13/24,C1.5,1,0,0.12
8/13/24,C1.5,2,0,0.155
8/13/24,C1.5,3,0,0.125
8/13/24,C1.5,4,0,0.112
8/13/24,C1.5,5,0,0.105
8/13/24,C1.5,6,0,0.114
8/13/24,C1.5,7,0,0.122
8/13/24,C1.5,8,0,0.157
8/13/24,C1.5,9,0.01,0.074
8/13/24,C1.5,10,0,0.082
8/13/24,C1.5,11,0,0.105
8/13/24,C1.5,12,0,0.235
8/13/24,C1.5,13,0,0.137
8/13/24,C1.5,14,0,0.147
8/13/24,C1.5,15,0,0.055
8/13/24,C1.5,16,0,0.18
8/13/24,C1.5,17,0.1,0.142
8/13/24,C1.5,18,0,0.287
8/13/24,C1.5,19,0,0.18
8/13/24,C1.5,20,0,0.137
8/13/24,C2,1,0,0.095
8/13/24,C2,2,0.08,0.107
8/13/24,C2,3,0,0.24
8/13/24,C2,4,0.33,0.062
8/13/24,C2,5,0,0.167
8/13/24,C2,6,0.03,0.197
8/13/24,C2,7,0,0.152
8/13/24,C2,8,0.6,0.212
8/13/24,C2,9,0.04,0.297
8/13/24,C2,10,0.11,0.077
8/13/24,C2,11,0,0.117
8/13/24,C2,12,0.01,0.422
8/13/24,C2,13,0,0.217
8/13/24,C2,14,0.08,0.2
8/13/24,C2,15,0.1,0.107
8/13/24,C2,16,0,0.262
8/13/24,C2,17,0,0.167
8/13/24,C2,18,0,0.19
8/13/24,C2,19,0.08,0.072
8/13/24,C2,20,0.35,0.217
8/13/24,T1,1,0,0.157
8/13/24,T1,2,0,0.132
8/13/24,T1,3,0,0.2
8/13/24,T1,4,0,0.04
8/13/24,T1,5,0,0.087
8/13/24,T1,6,0.25,0.18
8/13/24,T1,7,0,0.14
8/13/24,T1,8,0.62,0.12
8/13/24,T1,9,1.18,0.077
8/13/24,T1,10,0.68,0.114
8/13/24,T1,11,0.83,0.047
8/13/24,T1,12,0.06,0.062
8/13/24,T1,13,0.73,0.04
8/13/24,T1,14,0.12,0.152
8/13/24,T1,15,0,0.137
8/13/24,T1,16,0,0.197
8/13/24,T1,17,0,0.247
8/13/24,T1,18,0,0.26
8/13/24,T1,19,0,0.114
8/13/24,T1,20,0.11,0.185
8/13/24,T2,1,0,0.091
8/13/24,T2,2,0,0.1
8/13/24,T2,3,0,0.16
8/13/24,T2,4,0.91,0.047
8/13/24,T2,5,0.33,0.039
8/13/24,T2,6,1.53,0.06
8/13/24,T2,7,0.06,0.15
8/13/24,T2,8,0,0.162
8/13/24,T2,9,2.31,0.117
8/13/24,T2,10,0.31,0.022
8/13/24,T2,11,1.99,0.1
8/13/24,T2,12,5.31,0.07
8/13/24,T2,13,1.09,0.032
8/13/24,T2,14,0.74,0.04
8/13/24,T2,15,2.36,0.028
8/13/24,T2,16,0.28,0.097
8/13/24,T2,17,0.69,0.065
8/13/24,T2,18,1.1,0.08
8/13/24,T2,19,0.87,0.052
8/13/24,T2,20,0,0.157
8/13/24,T2,21,0.53,0.107
8/13/24,T3,1,0,0.095
8/13/24,T3,2,0,0.192
8/13/24,T3,3,3.42,0.077
8/13/24,T3,4,0.08,0.165
8/13/24,T3,5,0.11,0.112
8/13/24,T3,6,0.79,0.17
8/13/24,T3,7,0.62,0.097
8/13/24,T3,8,0,0.12
8/13/24,T3,9,0,0.202
8/13/24,T3,10,0,0.147
8/13/24,T3,11,0,0.089
8/13/24,T3,12,0,0.162
8/13/24,T3,13,0,0.13
8/13/24,T3,14,0,0.197
8/13/24,T3,15,0,0.322
8/13/24,T3,16,0,0.165
8/13/24,T3,17,0,0.072
8/13/24,T3,18,0,0.081
8/13/24,T3,19,0,0.08
8/13/24,T3,20,0,0.097
9/26/24,C2,1,0.58,1
9/26/24,C2,2,0.84,1.33
9/26/24,C2,3,0.38,0.76
9/26/24,C2,4,0.35,0.73
9/26/24,C2,5,0.15,1.13
9/26/24,C2,6,0.45,1.27
9/26/24,C2,7,0.69,1.04
9/26/24,C2,8,0.32,1.05
9/26/24,C2,9,0.33,1.04
9/26/24,C2,10,0.02,1.1
9/26/24,C2,11,3.79,0.59
9/26/24,C2,12,0.03,0.68
9/26/24,C2,13,0.95,0.86
9/26/24,C2,14,1.1,1.32
9/26/24,C2,15,0.96,0.77
9/26/24,C2,16,1.24,0.83
9/26/24,C2,17,0,0.58
9/26/24,C2,18,0.65,0.81
9/26/24,C2,19,4.28,0.57
9/26/24,C2,20,0,1.02
9/26/24,T1,1,0.02,0.72
9/26/24,T1,2,0,0.73
9/26/24,T1,3,0,0.9
9/26/24,T1,4,0.11,0.44
9/26/24,T1,5,0,0.88
9/26/24,T1,6,0,0.75
9/26/24,T1,7,0,0.78
9/26/24,T1,8,0,0.6
9/26/24,T1,9,0,0.9
9/26/24,T1,10,0,0.89
9/26/24,T1,11,0,0.74
9/26/24,T1,12,0.23,-0.07
9/26/24,T1,13,0.12,1.15
9/26/24,T1,14,0.55,0.85
9/26/24,T1,15,0.11,0.67
9/26/24,T1,16,0.15,0.7
9/26/24,T1,17,3.92,0.16
9/26/24,T1,18,0.95,0.55
9/26/24,T1,19,0.01,0.65
9/26/24,T1,20,0.15,0.71
9/26/24,T2,1,0.14,0.9
9/26/24,T2,2,0.08,0.76
9/26/24,T2,3,0,1.03
9/26/24,T2,4,4.49,0.06
9/26/24,T2,5,0,0.64
9/26/24,T2,6,0.11,0.65
9/26/24,T2,7,0,0.92
9/26/24,T2,8,0.16,0.62
9/26/24,T2,9,0,0.71
9/26/24,T2,10,6.89,0.37
9/26/24,T2,11,0,0.72
9/26/24,T2,12,0.51,0.35
9/26/24,T2,13,0,0.4
9/26/24,T2,14,0,0.54
9/26/24,T2,15,2.67,0.74
9/26/24,T2,16,0.08,0.41
9/26/24,T2,17,0,0.32
9/26/24,T2,18,0,0.55
9/26/24,T2,19,1.12,0.54
9/26/24,T2,20,0.4,0.32
9/26/24,T3,1,0.09,0.8
9/26/24,T3,2,0.48,1.09
9/26/24,T3,3,0,1.12
9/26/24,T3,4,0.03,1.22
9/26/24,T3,5,0,1.08
9/26/24,T3,6,0,1.08
9/26/24,T3,7,0,0.81
9/26/24,T3,8,0,0.65
9/26/24,T3,9,0,0.71
9/26/24,T3,10,0,0.6
9/26/24,T3,11,0,0.51
9/26/24,T3,12,0,0.6
9/26/24,T3,13,0,0.52
9/26/24,T3,14,0,0.61
9/26/24,T3,15,0,0.86
9/26/24,T3,16,0,0.77
9/26/24,T3,17,0.04,0.81
9/26/24,T3,18,0,0.49
9/26/24,T3,19,0,0.53
9/26/24,T3,20,0,0.37
10/26/24,C1.5,1,0.57,0.34
10/26/24,C1.5,2,0.57,0.23
10/26/24,C1.5,3,3.43,0.3
10/26/24,C1.5,4,0.35,0.42
10/26/24,C1.5,5,0,0.44
10/26/24,C1.5,6,0.12,0.24
10/26/24,C1.5,7,1.24,0.48
10/26/24,C1.5,8,1.17,0.23
10/26/24,C1.5,9,1.4,0.34
10/26/24,C1.5,10,3.76,0.49
10/26/24,C1.5,11,0.55,0.55
10/26/24,C1.5,12,0.35,0.41
10/26/24,C1.5,13,0,0.81
10/26/24,C1.5,14,0.38,0.34
10/26/24,C1.5,15,0,0.32
10/26/24,C1.5,16,0.27,0.67
10/26/24,C1.5,17,0.06,0.57
10/26/24,C1.5,18,0.12,0.87
10/26/24,C1.5,19,0,0.67
10/26/24,C1.5,20,0.25,0.42
10/26/24,C2,1,0,0.44
10/26/24,C2,2,5.48,0.34
10/26/24,C2,3,0,0.5
10/26/24,C2,4,0.33,0.26
10/26/24,C2,5,0,0.56
10/26/24,C2,6,5.06,0.19
10/26/24,C2,7,6.57,0.39
10/26/24,C2,8,3.16,0.61
10/26/24,C2,9,1.97,0.22
10/26/24,C2,10,0.15,0.34
10/26/24,C2,11,0,0.43
10/26/24,C2,12,1.88,0.52
10/26/24,C2,13,3.91,0.27
10/26/24,C2,14,1.17,0.01
10/26/24,C2,15,1.14,0.46
10/26/24,C2,16,0.18,0.43
10/26/24,C2,17,0.44,0.31
10/26/24,C2,18,3.5,-0.06
10/26/24,C2,19,6.82,0.55
10/26/24,C2,20,0.65,0.49
10/26/24,T1,1,5.17,0.27
10/26/24,T1,2,1.11,0.29
10/26/24,T1,3,8.88,0.31
10/26/24,T1,4,2.05,0.49
10/26/24,T1,5,0,0.31
10/26/24,T1,6,2.84,0.36
10/26/24,T1,7,1.48,0.27
10/26/24,T1,8,2.12,0.23
10/26/24,T1,9,2.88,0.38
10/26/24,T1,10,0.76,0.02
10/26/24,T1,11,4.06,0.21
10/26/24,T1,12,0,0.29
10/26/24,T1,13,3.28,0.03
10/26/24,T1,14,0.64,0.64
10/26/24,T1,15,2.68,0.7
10/26/24,T1,16,0.22,0.5
10/26/24,T1,17,3.59,0.54
10/26/24,T1,18,0.67,0.6
10/26/24,T1,19,0.14,0.33
10/26/24,T1,20,0.94,0.45
10/26/24,T2,1,0,0.47
10/26/24,T2,2,1.68,0.55
10/26/24,T2,3,3.46,0.39
10/26/24,T2,4,0,0.26
10/26/24,T2,5,0,0.41
10/26/24,T2,6,3.68,0.47
10/26/24,T2,7,0.33,0.4
10/26/24,T2,8,0.73,0.38
10/26/24,T2,9,0,0.49
10/26/24,T2,10,3.08,0.39
10/26/24,T2,11,0.44,0.14
10/26/24,T2,12,0.78,0.11
10/26/24,T2,13,0.72,0.15
10/26/24,T2,14,3.07,0.15
10/26/24,T2,15,3.09,0.22
10/26/24,T2,16,0,0.09
10/26/24,T2,17,2.58,0.37
10/26/24,T2,18,0.41,0.17
10/26/24,T2,19,0,0.27
10/26/24,T2,20,0,0.53
10/26/24,T3,1,0,0.52
10/26/24,T3,2,0,0.4
10/26/24,T3,3,0,0.26
10/26/24,T3,4,0.33,0.36
10/26/24,T3,5,0.39,0.52
10/26/24,T3,6,0.36,0.21
10/26/24,T3,7,3.03,0.58
10/26/24,T3,8,0.69,0.38
10/26/24,T3,9,0.38,0.29
10/26/24,T3,10,0,0.37
10/26/24,T3,11,0.06,0.31
10/26/24,T3,12,2.06,0.52
10/26/24,T3,13,0.35,0.6
10/26/24,T3,14,0,0.27
10/26/24,T3,15,0.4,0.75
10/26/24,T3,16,0.23,0.55
10/26/24,T3,17,0.7,0.34
10/26/24,T3,18,0,0.31
10/26/24,T3,19,0,0.46
10/26/24,T3,20,0.04,0.24
11/14/24,C1.5,1,0,0.3
11/14/24,C1.5,2,0,0.34
11/14/24,C1.5,3,0,0.47
11/14/24,C1.5,4,0,0.24
11/14/24,C1.5,5,0,0.33
11/14/24,C1.5,6,0,0.35
11/14/24,C1.5,7,0.1,0.17
11/14/24,C1.5,8,0.3,0.2
11/14/24,C1.5,9,0.19,0.12
11/14/24,C1.5,10,0.03,0.27
11/14/24,C1.5,11,0.05,0.17
11/14/24,C1.5,12,0,0.23
11/14/24,C1.5,13,0,0.22
11/14/24,C1.5,14,0.4,0.69
11/14/24,C1.5,15,0,0.38
11/14/24,C1.5,16,0.4,0.32
11/14/24,C1.5,17,0,0.43
11/14/24,C1.5,18,0,0.68
11/14/24,C1.5,19,0,0.26
11/14/24,C1.5,20,0,0.42
11/14/24,C2,1,0,0.22
11/14/24,C2,2,0,0.24
11/14/24,C2,3,0,0.3
11/14/24,C2,4,0.41,0.04
11/14/24,C2,5,0,0.39
11/14/24,C2,6,0,0.34
11/14/24,C2,7,0.15,0.54
11/14/24,C2,8,0,0.33
11/14/24,C2,9,0,0.11
11/14/24,C2,10,0.16,0.06
11/14/24,C2,11,0,0.54
11/14/24,C2,12,0,0.32
11/14/24,C2,13,0.58,0.57
11/14/24,C2,14,0,0.27
11/14/24,C2,15,0,0.34
11/14/24,C2,16,0,0.03
11/14/24,C2,17,0.17,0.79
11/14/24,C2,18,0.02,0.54
11/14/24,C2,19,0.44,0.16
11/14/24,C2,20,0,0.21
11/14/24,T1,1,0,0.25
11/14/24,T1,2,0,0.16
11/14/24,T1,3,1.97,0.04
11/14/24,T1,4,1.15,0.04
11/14/24,T1,5,0,0.3
11/14/24,T1,6,0.46,0
11/14/24,T1,7,0,0.31
11/14/24,T1,8,0,0.36
11/14/24,T1,9,0,0.3
11/14/24,T1,10,0.13,0.22
11/14/24,T1,11,0.09,0.16
11/14/24,T1,12,0.63,-0.01
11/14/24,T1,13,0,0.18
11/14/24,T1,14,0,0.18
11/14/24,T1,15,0,0.02
11/14/24,T1,16,0.02,0.1
11/14/24,T1,17,0,0.33
11/14/24,T1,18,0,0.21
11/14/24,T1,19,1.5,0.08
11/14/24,T1,20,0.08,0.23
11/14/24,T2,1,2.54,0.12
11/14/24,T2,2,0.86,0.19
11/14/24,T2,3,0,0.31
11/14/24,T2,4,1.15,0.09
11/14/24,T2,5,0.7,0.22
11/14/24,T2,6,0.01,0.23
11/14/24,T2,7,1.5,0.22
11/14/24,T2,8,0.99,0.24
11/14/24,T2,9,0,0.18
11/14/24,T2,10,2.35,0.11
11/14/24,T2,11,1.91,0.04
11/14/24,T2,12,5.81,0.17
11/14/24,T2,13,0.47,0.15
11/14/24,T2,14,0.45,0.2
11/14/24,T2,15,1.61,0.08
11/14/24,T2,16,3.87,0.07
11/14/24,T2,17,0,0.29
11/14/24,T2,18,0.21,0.09
11/14/24,T2,19,0.72,0.28
11/14/24,T2,20,6.57,0.22
11/14/24,T3,1,0,0.3
11/14/24,T3,2,0,0.26
11/14/24,T3,3,0,0.24
11/14/24,T3,4,0,0.25
11/14/24,T3,5,1.07,0.12
11/14/24,T3,6,0.28,0.1
11/14/24,T3,7,0.15,0.26
11/14/24,T3,8,0.42,0.15
11/14/24,T3,9,0.21,0.1
11/14/24,T3,10,0,0.29
11/14/24,T3,11,0,0.25
11/14/24,T3,12,0,0.32
11/14/24,T3,13,0,0.21
11/14/24,T3,14,0,0.11
11/14/24,T3,15,0,0.14
11/14/24,T3,16,0,0.05
11/14/24,T3,17,0.47,0.04
11/14/24,T3,18,0,0.17
11/14/24,T3,19,0,0.08
11/14/24,T3,20,0,0.14
1/16/25,C1.5,1,1.36,0.54
1/16/25,C1.5,2,0,0.22
1/16/25,C1.5,3,0.25,0.43
1/16/25,C1.5,4,0,0.51
1/16/25,C1.5,5,0.43,0.38
1/16/25,C1.5,6,0.48,0.14
1/16/25,C1.5,7,1.4,0
1/16/25,C1.5,8,0.61,0.19
1/16/25,C1.5,9,0.04,0.21
1/16/25,C1.5,10,0.58,0.08
1/16/25,C1.5,11,0.26,0.12
1/16/25,C1.5,12,0.22,0.35
1/16/25,C1.5,13,0,0.45
1/16/25,C1.5,14,0,0.4
1/16/25,C1.5,15,0,0.52
1/16/25,C1.5,16,0,0.58
1/16/25,C1.5,17,0,0.26
1/16/25,C1.5,18,0.11,0.26
1/16/25,C1.5,19,0.06,0.24
1/16/25,C1.5,20,0,0.29
1/16/25,C2,1,0.85,0.49
1/16/25,C2,2,0.04,0.51
1/16/25,C2,3,0.33,0.63
1/16/25,C2,4,0.56,0.24
1/16/25,C2,5,2.02,0.42
1/16/25,C2,6,0,0.61
1/16/25,C2,7,1.01,0.54
1/16/25,C2,8,0.27,0.32
1/16/25,C2,9,0,0.27
1/16/25,C2,10,0,0.37
1/16/25,C2,11,0.16,0.41
1/16/25,C2,12,0.25,0.09
1/16/25,C2,13,0.52,0.17
1/16/25,C2,14,0,0.37
1/16/25,C2,15,0.26,0.23
1/16/25,C2,16,1.8,0.05
1/16/25,C2,17,3.74,0.11
1/16/25,C2,18,0.04,0.44
1/16/25,C2,19,0,0.44
1/16/25,C2,20,0,0.55
1/16/25,T1,1,0.71,0.11
1/16/25,T1,2,0.29,0.39
1/16/25,T1,3,1.22,0.27
1/16/25,T1,4,0.86,0.36
1/16/25,T1,5,3.2,0.26
1/16/25,T1,6,2.44,0.25
1/16/25,T1,7,3.44,0.05
1/16/25,T1,8,1.09,0.24
1/16/25,T1,9,1.18,0.09
1/16/25,T1,10,4.58,0.31
1/16/25,T1,11,2.62,0.33
1/16/25,T1,12,3.52,0.22
1/16/25,T1,13,2.38,0.14
1/16/25,T1,14,1.67,0.23
1/16/25,T1,15,0.65,0.51
1/16/25,T1,16,0.42,0.28
1/16/25,T1,17,1.7,0.12
1/16/25,T1,18,0.7,0.34
1/16/25,T1,19,1.2,0.07
1/16/25,T1,20,1.14,0.34
1/16/25,T2,1,0.88,0.2
1/16/25,T2,2,1.28,0.28
1/16/25,T2,3,0.88,0.23
1/16/25,T2,4,2.09,0.18
1/16/25,T2,5,0.32,0.17
1/16/25,T2,6,1.39,0.11
1/16/25,T2,7,8.28,0.03
1/16/25,T2,8,0.82,0.15
1/16/25,T2,9,1.54,0.06
1/16/25,T2,10,1.94,0.03
1/16/25,T2,11,0.61,0.03
1/16/25,T2,12,3.68,0.11
1/16/25,T2,13,1.31,0.15
1/16/25,T2,14,1.21,0.19
1/16/25,T2,15,0.99,0.13
1/16/25,T2,16,0,0.23
1/16/25,T2,17,0.91,0.3
1/16/25,T2,18,1.93,0.22
1/16/25,T2,19,0.75,0.24
1/16/25,T2,20,0.08,0
1/16/25,T3,1,1.28,0.34
1/16/25,T3,2,0.09,0.18
1/16/25,T3,3,0.03,0.08
1/16/25,T3,4,0,0.23
1/16/25,T3,5,0.6,0.2
1/16/25,T3,6,0,0.27
1/16/25,T3,7,0,0.31
1/16/25,T3,8,0,0.2
1/16/25,T3,9,0.02,0.13
1/16/25,T3,10,0,0.18
1/16/25,T3,11,0.32,0.11
1/16/25,T3,12,0.32,0.22
1/16/25,T3,13,0.45,0.49
1/16/25,T3,14,0.03,0.21
1/16/25,T3,15,0,0.24
1/16/25,T3,16,0,0.25
1/16/25,T3,17,0.7,0.18
1/16/25,T3,18,0,0.12
1/16/25,T3,19,0.39,0.18
1/16/25,T3,20,0,0.3
3/11/25,C1.5,1,0,0.39
3/11/25,C1.5,2,0,0.46
3/11/25,C1.5,3,1.8,0.22
3/11/25,C1.5,4,0,0.38
3/11/25,C1.5,5,0,0.47
3/11/25,C1.5,6,0,0.14
3/11/25,C1.5,7,0.09,0.08
3/11/25,C1.5,8,0,0.46
3/11/25,C1.5,9,0,0.4
3/11/25,C1.5,10,0,0.31
3/11/25,C1.5,11,0,0.71
3/11/25,C1.5,12,0,0.58
3/11/25,C1.5,13,0,0.6
3/11/25,C1.5,14,0,0.67
3/11/25,C1.5,15,0,0.37
3/11/25,C1.5,16,0.52,0.39
3/11/25,C1.5,17,0,0.32
3/11/25,C1.5,18,0,0.2
3/11/25,C1.5,19,0,0.05
3/11/25,C1.5,20,0,0.36
3/11/25,C2,1,0.24,0.01
3/11/25,C2,2,0,0.26
3/11/25,C2,3,0,0.44
3/11/25,C2,4,1.35,0.28
3/11/25,C2,5,0.84,0.12
3/11/25,C2,6,0,0.16
3/11/25,C2,7,0,0.22
3/11/25,C2,8,0,0.26
3/11/25,C2,9,0,0.51
3/11/25,C2,10,0,0.32
3/11/25,C2,11,0,0.22
3/11/25,C2,12,0,0.37
3/11/25,C2,13,0,0.42
3/11/25,C2,14,0,0.28
3/11/25,C2,15,0,0.51
3/11/25,C2,16,0.13,0.22
3/11/25,C2,17,1.75,0.06
3/11/25,C2,18,0,0.42
3/11/25,C2,19,0,0.47
3/11/25,C2,20,1.37,0.13
3/11/25,T1,1,0.28,0.06
3/11/25,T1,2,1.32,0.12
3/11/25,T1,3,0,0.27
3/11/25,T1,4,0,0.2
3/11/25,T1,5,0,0.08
3/11/25,T1,6,0,0.33
3/11/25,T1,7,0,0.48
3/11/25,T1,8,0.5,0.03
3/11/25,T1,9,0.9,-0.02
3/11/25,T1,10,0.15,0.21
3/11/25,T1,11,0.11,0.04
3/11/25,T1,12,4.85,0.06
3/11/25,T1,13,0,0.32
3/11/25,T1,14,0,0.14
3/11/25,T1,15,0,-0.03
3/11/25,T1,16,0,0.14
3/11/25,T1,17,1.62,0.24
3/11/25,T1,18,0.92,0.2
3/11/25,T1,19,0,0.4
3/11/25,T1,20,2.52,0.07
3/11/25,T2,1,0.16,0.24
3/11/25,T2,2,0.71,0.17
3/11/25,T2,3,1.51,0.2
3/11/25,T2,4,1.53,0.29
3/11/25,T2,5,1.25,0.12
3/11/25,T2,6,0.44,0.11
3/11/25,T2,7,1.44,0.17
3/11/25,T2,8,0.72,0.17
3/11/25,T2,9,5.31,0.13
3/11/25,T2,10,1.23,0.06
3/11/25,T2,11,4.23,0.03
3/11/25,T2,12,1.67,0.08
3/11/25,T2,13,0.73,0.06
3/11/25,T2,14,1.15,0.02
3/11/25,T2,15,2.37,0.11
3/11/25,T2,16,0.27,0.18
3/11/25,T2,17,1.04,0.16
3/11/25,T2,18,0.67,0.3
3/11/25,T2,19,0.17,0.25
3/11/25,T2,20,1.28,0.17
5/21/25,C1.5,1,0,0.29
5/21/25,C1.5,2,0,0.42
5/21/25,C1.5,3,0,0.21
5/21/25,C1.5,4,0,0.52
5/21/25,C1.5,5,0,0.27
5/21/25,C1.5,6,0,0.28
5/21/25,C1.5,7,0,0.14
5/21/25,C1.5,8,0,0.35
5/21/25,C1.5,9,0,0.21
5/21/25,C1.5,10,0,0.57
5/21/25,C1.5,11,0,0.54
5/21/25,C1.5,12,0,0.54
5/21/25,C1.5,13,0,0.37
5/21/25,C1.5,14,0,0.3
5/21/25,C1.5,15,0,0.3
5/21/25,C1.5,16,0,0.49
5/21/25,C1.5,17,0,0.61
5/21/25,C1.5,18,0,0.4
5/21/25,C1.5,19,0,0.31
5/21/25,C1.5,20,0,0.33
5/23/25,C2,1,0,0.34
5/23/25,C2,2,0,0.49
5/23/25,C2,3,0,0.67
5/23/25,C2,4,0,0.26
5/23/25,C2,5,0,0.47
5/23/25,C2,6,0,0.33
5/23/25,C2,7,0,0.34
5/23/25,C2,8,0,0.18
5/23/25,C2,9,0,0.1
5/23/25,C2,10,0,0.17
5/23/25,C2,11,0,0.33
5/23/25,C2,12,0,0.27
5/23/25,C2,13,0,0.25
5/23/25,C2,14,0,0.55
5/23/25,C2,15,0,0.25
5/23/25,C2,16,0,0.57
5/23/25,C2,17,0,0.3
5/23/25,C2,18,0,0.5
5/23/25,C2,19,0,0.25
5/23/25,C2,20,0,0.48
5/19/25,T1,1,7.63,0.15
5/19/25,T1,2,0,0.07
5/19/25,T1,3,0,0.25
5/19/25,T1,4,0,0.06
5/19/25,T1,5,0,0.12
5/19/25,T1,6,0,0.06
5/19/25,T1,7,0,0.34
5/19/25,T1,8,0,0.04
5/19/25,T1,9,0,0.36
5/19/25,T1,10,0,0.1
5/19/25,T1,11,2.15,0.12
5/19/25,T1,12,0,0.3
5/19/25,T1,13,0,0.29
5/19/25,T1,14,0,0.21
5/19/25,T1,15,0.24,0.41
5/19/25,T1,16,0,0.53
5/19/25,T1,17,0,0.55
5/19/25,T1,18,6.22,0.21
5/19/25,T1,19,0,0.39
5/19/25,T1,20,0.9,0.41
5/22/25,T2,1,1.68,0.13
5/22/25,T2,2,1.15,0.07
5/22/25,T2,3,2.21,0.16
5/22/25,T2,4,1.21,0.14
5/22/25,T2,5,2.04,0.19
5/22/25,T2,6,1.87,0.22
5/22/25,T2,7,3.55,0.22
5/22/25,T2,8,3.22,0.14
5/22/25,T2,9,4.13,0.15
5/22/25,T2,10,0.05,0.1
5/22/25,T2,11,3.32,0.11
5/22/25,T2,12,2.08,0.08
5/22/25,T2,13,3.57,0.06
5/22/25,T2,14,4.43,0.06
5/22/25,T2,15,2.2,0.06
5/22/25,T2,16,2.22,0.05
5/22/25,T2,17,1.45,0.06
5/22/25,T2,18,4.88,0.08
5/22/25,T2,19,4.65,0.06
5/22/25,T2,20,1.55,0.05
5/20/25,T3,1,4.48,0.01
5/20/25,T3,2,0,0.17
5/20/25,T3,3,3.49,0.15
5/20/25,T3,4,0,0.27
5/20/25,T3,5,0.22,0.2
5/20/25,T3,6,3.73,0.2
5/20/25,T3,7,3.37,0.16
5/20/25,T3,8,0,0.15
5/20/25,T3,9,0,0.22
5/20/25,T3,10,0,0.09
5/20/25,T3,11,0.21,0.29
5/20/25,T3,12,0,0.18
5/20/25,T3,13,0,0.23
5/20/25,T3,14,0,0.3
5/20/25,T3,15,0.22,0.1
5/20/25,T3,16,0,0.19
5/20/25,T3,17,0,0.33
5/20/25,T3,18,0.16,0.18
5/20/25,T3,19,0,0.3
5/20/25,T3,20,0,0.55
6/10/25,C1.5,1,0.02,0.25
6/10/25,C1.5,2,0,0.29
6/10/25,C1.5,3,0.02,0.4
6/10/25,C1.5,4,0,0.26
6/10/25,C1.5,5,0.45,0.12
6/10/25,C1.5,6,0.36,0.12
6/10/25,C1.5,7,0.84,0.26
6/10/25,C1.5,8,0.25,0.37
6/10/25,C1.5,9,0.3,0.17
6/10/25,C1.5,10,1.12,0.2
6/10/25,C1.5,11,0.25,0.33
6/10/25,C1.5,12,0.14,0.43
6/10/25,C1.5,13,0.21,0.34
6/10/25,C1.5,14,0,0.17
6/10/25,C1.5,15,0.06,0.74
6/10/25,C1.5,16,0,0.26
6/10/25,C1.5,17,0.14,0.85
6/10/25,C1.5,18,0.18,0.44
6/10/25,C1.5,19,0.02,0.6
6/10/25,C1.5,20,0.04,0.65
6/10/25,C2,1,0,0.65
6/10/25,C2,2,0,0.57
6/10/25,C2,3,0,0.19
6/10/25,C2,4,0,0.66
6/10/25,C2,5,0,0.56
6/10/25,C2,6,0,0.36
6/10/25,C2,7,0,0.16
6/10/25,C2,8,0,0.48
6/10/25,C2,9,1.48,0.18
6/10/25,C2,10,0.11,0.28
6/10/25,C2,11,0.15,0.04
6/10/25,C2,12,0,0.29
6/10/25,C2,13,0,0.11
6/10/25,C2,14,0,0.41
6/10/25,C2,15,0.23,0.24
6/10/25,C2,16,0,0.16
6/10/25,C2,17,0,0.16
6/10/25,C2,18,0.8,0.28
6/10/25,C2,19,0,0.52
6/10/25,C2,20,0,0.43
7/30/25,C2,1,6.84,0.69
7/30/25,C2,2,6,0.39
7/30/25,C2,3,7.6,0.71
7/30/25,C2,4,4.26,0.79
7/30/25,C2,5,7.09,0.52
7/30/25,C2,6,7.87,0.77
7/30/25,C2,7,3.95,0.47
7/30/25,C2,8,5.27,0.97
7/30/25,C2,9,7.05,0.54
7/30/25,C2,10,3.72,0.31
7/30/25,C2,11,5.07,0.48
7/30/25,C2,12,5.2,0.3
7/30/25,C2,13,8.49,0.59
7/30/25,C2,14,2.41,0.6
7/30/25,C2,15,4.31,0.53
7/30/25,C2,16,4.51,0.53
7/30/25,C2,17,6.1,0.37
7/30/25,C2,18,9.55,0.63
7/30/25,C2,19,0.25,0.69
7/30/25,C2,20,11.28,0.42
7/30/25,C1.5,1,0,0.47
7/30/25,C1.5,2,1.45,0.72
7/30/25,C1.5,3,0.27,0.5
7/30/25,C1.5,4,3.3,0.26
7/30/25,C1.5,5,0.81,0.6
7/30/25,C1.5,6,0.62,0.62
7/30/25,C1.5,7,1.35,0.19
7/30/25,C1.5,8,1.26,0.43
7/30/25,C1.5,9,4.3,0.55
7/30/25,C1.5,10,0.25,0.69
7/30/25,C1.5,11,0.11,0.67
7/30/25,C1.5,12,1.7,0.33
7/30/25,C1.5,13,0,0.58
7/30/25,C1.5,14,0.3,0.61
7/30/25,C1.5,15,0,0.88
7/30/25,C1.5,16,0.17,0.61
7/30/25,C1.5,17,1.81,0.56
7/30/25,C1.5,18,0,0.51
7/30/25,C1.5,19,2.62,0.39
7/30/25,C1.5,20,1.87,0.28
7/30/25,T1,1,3.12,0.46
7/30/25,T1,2,1.19,0.74
7/30/25,T1,3,0.6,0.65
7/30/25,T1,4,0,0.56
7/30/25,T1,5,3.53,0.38
7/30/25,T1,6,3.92,0.33
7/30/25,T1,7,8.35,0.2
7/30/25,T1,8,0.59,0.23
7/30/25,T1,9,3.73,0.42
7/30/25,T1,10,3.33,0.18
7/30/25,T1,11,1.55,0.48
7/30/25,T1,12,5,0.76
7/30/25,T1,13,5.12,0.52
7/30/25,T1,14,9.97,0.29
7/30/25,T1,15,4.16,0.69
7/30/25,T1,16,0.01,0.71
7/30/25,T1,17,4.08,0.51
7/30/25,T1,18,1.19,0.47
7/30/25,T1,19,2.85,0.59
7/30/25,T1,20,2.01,0.68
7/30/25,T2,1,0,0.71
7/30/25,T2,2,1.05,0.62
7/30/25,T2,3,1.37,0.34
7/30/25,T2,4,4.01,0.44
7/30/25,T2,5,3.72,0.37
7/30/25,T2,6,2.77,0.35
7/30/25,T2,7,1.92,0.29
7/30/25,T2,8,2.39,0.14
7/30/25,T2,9,2.59,0.13
7/30/25,T2,10,2.69,0.28
7/30/25,T2,11,1.37,0.24
7/30/25,T2,12,4.54,0.27
7/30/25,T2,13,1.13,0.28
7/30/25,T2,14,3.36,0.39
7/30/25,T2,15,1.95,0.29
7/30/25,T2,16,4.74,0.35
7/30/25,T2,17,0.54,0.38
7/30/25,T2,18,1.95,0.54
7/30/25,T2,19,3.75,0.22
7/30/25,T2,20,0,0.4
7/30/25,T3,1,0.61,0.35
7/30/25,T3,2,0.09,0.39
7/30/25,T3,3,1.91,0.47
7/30/25,T3,4,3.02,0.51
7/30/25,T3,5,2.34,0.48
7/30/25,T3,6,4.4,0.45
7/30/25,T3,7,0.49,0.45
7/30/25,T3,8,2.19,0.54
7/30/25,T3,9,5.33,0.57
7/30/25,T3,10,6.28,0.26
7/30/25,T3,11,1.16,0.36
7/30/25,T3,12,1.06,0.55
7/30/25,T3,13,8.53,0.37
7/30/25,T3,14,7.55,0.35
7/30/25,T3,15,6.05,0.55
8/27/25,T3,1,3.17,0.08
8/27/25,T3,2,0,0.33
8/27/25,T3,3,6.33,0.31
8/27/25,T3,4,2.34,0.12
8/27/25,T3,5,2.11,0.22
8/27/25,T3,6,2.8,0.24
8/27/25,T3,7,2.84,0.21
8/27/25,T3,8,0.97,0.22
8/27/25,T3,9,3.74,0.3
8/27/25,T3,10,3.57,0.1
8/27/25,T3,11,3.39,0.19
8/27/25,T3,12,4.33,0.23
8/27/25,T3,13,2.69,0.29
8/27/25,T3,14,4.18,0.31
8/27/25,T3,15,4.51,0.27
8/27/25,T3,16,5.09,0.43
8/27/25,T3,17,5.08,0.34
8/27/25,T3,18,4.9,0.11
8/27/25,T3,19,4.21,0.17
8/27/25,T3,20,3.94,0.33
8/27/25,T2,1,2.04,0.21
8/27/25,T2,2,7.97,0.19
8/27/25,T2,3,0.77,0.22
8/27/25,T2,4,2.33,0.16
8/27/25,T2,5,1.73,0.07
8/27/25,T2,6,3.73,0.1
8/27/25,T2,7,6.77,0.27
8/27/25,T2,8,4.9,0.07
8/27/25,T2,9,3.8,0.16
8/27/25,T2,10,1.26,0.05
8/27/25,T2,11,1.4,0.13
8/27/25,T2,12,3.31,0.14
8/27/25,T2,13,2.65,0.14
8/27/25,T2,14,1.92,0.14
8/27/25,T2,15,4.28,0.12
8/27/25,T2,16,5.72,0.38
8/27/25,T2,17,0,0.13
8/27/25,T2,18,0.76,0.08
8/27/25,T2,19,2.95,0.31
8/27/25,T2,20,7.68,0.09
8/27/25,T1,1,0,0.3
8/27/25,T1,2,4.63,0.43
8/27/25,T1,3,1.77,0.32
8/27/25,T1,4,0,0.16
8/27/25,T1,5,1.1,0.48
8/27/25,T1,6,0.43,0.03
8/27/25,T1,7,3.2,0.05
8/27/25,T1,8,1.79,0.06
8/27/25,T1,9,0,0.47
8/27/25,T1,10,6.79,0.36
8/27/25,T1,11,0,0.41
8/27/25,T1,12,3.97,0.19
8/27/25,T1,13,0,0.09
8/27/25,T1,14,1.41,0.12
8/27/25,T1,15,0.22,0.15
8/27/25,T1,16,0.09,0.12
8/27/25,T1,17,0,0.21
8/27/25,T1,18,0,0.61
8/27/25,T1,19,9.13,0.07
8/27/25,T1,20,0,0.25
8/27/25,C2,1,0.32,0.49
8/27/25,C2,2,0,1.1
8/27/25,C2,3,0.32,0.05
8/27/25,C2,4,0.13,0.16
8/27/25,C2,5,0.02,0.3
8/27/25,C2,6,0.25,0.04
8/27/25,C2,7,0.08,0.13
8/27/25,C2,8,0.07,0.06
8/27/25,C2,9,0.3,0.26
8/27/25,C2,10,0.15,0.11
8/27/25,C2,11,0.17,0.3
8/27/25,C2,12,10.34,0.19
8/27/25,C2,13,1.44,0.32
8/27/25,C2,14,2.02,0.3
8/27/25,C2,15,0.21,0.25
8/27/25,C2,16,2.32,0.05
8/27/25,C2,17,1.47,0.15
8/27/25,C2,18,15.95,0.16
8/27/25,C2,19,5.84,0.12
8/27/25,C2,20,0.26,0.15
8/27/25,C1.5,1,0,0.3
8/27/25,C1.5,2,0,0.2
8/27/25,C1.5,3,0.4,0.35
8/27/25,C1.5,4,0.26,0.26
8/27/25,C1.5,5,0.28,0.34
8/27/25,C1.5,6,6.16,0.07
8/27/25,C1.5,7,5.82,0.06
8/27/25,C1.5,8,0.25,0.08
8/27/25,C1.5,9,1.86,0.16
8/27/25,C1.5,10,2.38,0.24
8/27/25,C1.5,11,1.08,0.26
8/27/25,C1.5,12,0.37,0.22
8/27/25,C1.5,13,0.14,0.13
8/27/25,C1.5,14,0.16,0.42
8/27/25,C1.5,15,0.23,0.36
8/27/25,C1.5,16,0,0.4
8/27/25,C1.5,17,8.44,0.26
8/27/25,C1.5,18,11.46,0.42
8/27/25,C1.5,19,0.13,0.53
8/27/25,C1.5,20,0.14,0.39
1/15/23,C1.5,1,3.18,
1/15/23,C1.5,2,1.31,
1/15/23,C1.5,3,1.5,
1/15/23,C1.5,4,1.65,
1/15/23,C1.5,5,0.12,
1/15/23,C1.5,6,0.17,
1/15/23,C1.5,7,2.23,
1/15/23,C1.5,8,2.49,
1/15/23,C1.5,9,0.66,
1/15/23,C1.5,10,0.15,
1/15/23,C1.5,11,5.88,
1/15/23,C1.5,12,0.56,
1/15/23,C1.5,13,0.04,
1/15/23,C1.5,14,0.72,
1/15/23,C1.5,15,3.81,
1/15/23,C1.5,16,2.11,
1/15/23,C1.5,17,0.7,
1/15/23,C1.5,18,1.33,
1/15/23,C1.5,19,2.32,
1/15/23,C1.5,20,2.21,
1/15/23,C2,1,0.18,
1/15/23,C2,2,1.6,
1/15/23,C2,3,0.39,
1/15/23,C2,4,0.86,
1/15/23,C2,5,0.89,
1/15/23,C2,6,0.92,
1/15/23,C2,7,0.44,
1/15/23,C2,8,0.68,
1/15/23,C2,9,4.64,
1/15/23,C2,10,0.04,
1/15/23,C2,11,0.64,
1/15/23,C2,12,1.89,
1/15/23,C2,13,2.11,
1/15/23,C2,14,1.81,
1/15/23,C2,15,1.05,
1/15/23,C2,16,1,
1/15/23,C2,17,0.18,
1/15/23,C2,18,0.07,
1/15/23,C2,19,0.89,
1/15/23,C2,20,0.65,
1/15/23,T1,1,0.31,
1/15/23,T1,2,1.24,
1/15/23,T1,3,0.29,
1/15/23,T1,4,1.29,
1/15/23,T1,5,0.79,
1/15/23,T1,6,0.04,
1/15/23,T1,7,0.09,
1/15/23,T1,8,0.14,
1/15/23,T1,9,0.02,
1/15/23,T1,10,0.22,
1/15/23,T1,11,6.41,
1/15/23,T1,12,0,
1/15/23,T1,13,0,
1/15/23,T1,14,1.23,
1/15/23,T1,15,0.31,
1/15/23,T1,16,0.28,
1/15/23,T1,17,0,
1/15/23,T1,18,0.03,
1/15/23,T1,19,0,
1/15/23,T1,20,0,
1/15/23,T2,1,4.53,
1/15/23,T2,2,4.74,
1/15/23,T2,3,1.17,
1/15/23,T2,4,1.58,
1/15/23,T2,5,5.26,
1/15/23,T2,6,8.92,
1/15/23,T2,7,0.16,
1/15/23,T2,8,3.59,
1/15/23,T2,9,0.67,
1/15/23,T2,10,1.8,
1/15/23,T2,11,3.55,
1/15/23,T2,12,2.44,
1/15/23,T2,13,4.04,
1/15/23,T2,14,2.67,
1/15/23,T2,15,5.18,
1/15/23,T2,16,0.33,
1/15/23,T2,17,2.55,
1/15/23,T2,18,4.42,
1/15/23,T2,19,1.28,
1/15/23,T2,20,6.44,
1/15/23,T3,1,0,
1/15/23,T3,2,0,
1/15/23,T3,3,0,
1/15/23,T3,4,0,
1/15/23,T3,5,0,
1/15/23,T3,6,0.94,
1/15/23,T3,7,0,
1/15/23,T3,8,0,
1/15/23,T3,9,0,
1/15/23,T3,10,0,
1/15/23,T3,11,0,
1/15/23,T3,12,0.1,
1/15/23,T3,13,1.36,
1/15/23,T3,14,0.1,
1/15/23,T3,15,0,
1/15/23,T3,16,0.53,
1/15/23,T3,17,0.02,
1/15/23,T3,18,0.05,
1/15/23,T3,19,0.5,
1/15/23,T3,20,0.81,
3/21/23,C1.5,1,0,
3/21/23,C1.5,2,0,
3/21/23,C1.5,3,0,
3/21/23,C1.5,4,0,
3/21/23,C1.5,5,0,
3/21/23,C1.5,6,3.42,
3/21/23,C1.5,7,0,
3/21/23,C1.5,8,3.18,
3/21/23,C1.5,9,0.99,
3/21/23,C1.5,10,0,
3/21/23,C1.5,11,0.14,
3/21/23,C1.5,12,0,
3/21/23,C1.5,13,0,
3/21/23,C1.5,14,0,
3/21/23,C1.5,15,2.26,
3/21/23,C1.5,16,0.72,
3/21/23,C1.5,17,4.91,
3/21/23,C1.5,18,0.39,
3/21/23,C1.5,19,1.1,
3/21/23,C1.5,20,6.12,
3/21/23,C1.5,21,0.58,
3/21/23,C1.5,22,0.97,
3/21/23,C1.5,23,1.52,
3/21/23,C1.5,24,0,
3/21/23,C1.5,25,0,
3/21/23,C1.5,26,0,
3/21/23,C2,1,0,
3/21/23,C2,2,0,
3/21/23,C2,3,0,
3/21/23,C2,4,0,
3/21/23,C2,5,0,
3/21/23,C2,6,1.78,
3/21/23,C2,7,4.36,
3/21/23,C2,8,2.44,
3/21/23,C2,9,0,
3/21/23,C2,10,7.68,
3/21/23,C2,11,0,
3/21/23,C2,12,0,
3/21/23,C2,13,0,
3/21/23,C2,14,0,
3/21/23,C2,15,0.02,
3/21/23,C2,16,0.54,
3/21/23,C2,17,1.66,
3/21/23,C2,18,2.87,
3/21/23,C2,19,3.07,
3/21/23,C2,20,0.74,
3/21/23,C2,21,0.45,
3/21/23,C2,22,2.56,
3/21/23,C2,23,11.84,
3/21/23,C2,24,0,
3/21/23,C2,25,0,
3/21/23,C2,26,,
3/21/23,T1,1,0.08,
3/21/23,T1,2,0.97,
3/21/23,T1,3,0,
3/21/23,T1,4,0,
3/21/23,T1,5,0,
3/21/23,T1,6,0,
3/21/23,T1,7,0.14,
3/21/23,T1,8,0,
3/21/23,T1,9,0,
3/21/23,T1,10,0,
3/21/23,T1,11,0,
3/21/23,T1,12,0,
3/21/23,T1,13,0,
3/21/23,T1,14,1.32,
3/21/23,T1,15,2.58,
3/21/23,T1,16,1.62,
3/21/23,T1,17,0.47,
3/21/23,T1,18,2.67,
3/21/23,T1,19,3.25,
3/21/23,T1,20,10.37,
3/21/23,T1,21,0,
3/21/23,T1,22,0,
3/21/23,T1,23,0,
3/21/23,T1,24,0,
3/21/23,T1,25,0,
3/21/23,T1,25,0,
3/21/23,T2,1,1.19,
3/21/23,T2,2,1.77,
3/21/23,T2,3,4.5,
3/21/23,T2,4,0.54,
3/21/23,T2,5,1.83,
3/21/23,T2,6,1.08,
3/21/23,T2,7,0.6,
3/21/23,T2,8,0.8,
3/21/23,T2,9,6.2,
3/21/23,T2,10,1.87,
3/21/23,T2,11,0,
3/21/23,T2,12,0,
3/21/23,T2,13,0.08,
3/21/23,T2,14,1.86,
3/21/23,T2,15,1.92,
3/21/23,T2,16,1.67,
3/21/23,T2,17,1.18,
3/21/23,T2,18,2.34,
3/21/23,T2,19,8.29,
3/21/23,T2,20,0.17,
3/21/23,T2,21,11.48,
3/21/23,T2,22,0,
3/21/23,T2,23,0,
3/21/23,T2,24,0,
3/21/23,T2,25,0,
3/21/23,T2,26,0,
3/21/23,T3,1,0,
3/21/23,T3,2,0,
3/21/23,T3,3,0.82,
3/21/23,T3,4,0,
3/21/23,T3,5,0,
3/21/23,T3,6,0,
3/21/23,T3,7,0.45,
3/21/23,T3,8,0,
3/21/23,T3,9,0,
3/21/23,T3,10,0,
3/21/23,T3,11,0,
3/21/23,T3,12,0,
3/21/23,T3,13,0,
3/21/23,T3,14,0,
3/21/23,T3,15,0,
3/21/23,T3,16,0.37,
3/21/23,T3,17,0,
3/21/23,T3,18,0,
3/21/23,T3,19,0,
3/21/23,T3,20,0,
3/21/23,T3,21,0,
3/21/23,T3,22,0,
3/21/23,T3,23,0,
3/21/23,T3,24,0,
3/21/23,T3,25,0,
3/21/23,T3,26,0,
5/12/23,C1.5,1,0,
5/12/23,C1.5,2,1.79,
5/12/23,C1.5,3,3.58,
5/12/23,C1.5,4,4.73,
5/12/23,C1.5,5,2.32,
5/12/23,C1.5,6,1.46,
5/12/23,C1.5,7,0.51,
5/12/23,C1.5,8,0.39,
5/12/23,C1.5,9,4.9,
5/12/23,C1.5,10,3.78,
5/12/23,C1.5,11,2.95,
5/12/23,C1.5,12,3.61,
5/12/23,C1.5,13,3.44,
5/12/23,C1.5,14,5.12,
5/12/23,C1.5,15,0,
5/12/23,C1.5,16,1.92,
5/12/23,C1.5,17,4.03,
5/12/23,C1.5,18,1.32,
5/12/23,C1.5,19,3.94,
5/12/23,C1.5,20,0.83,
5/12/23,C2,1,1.99,
5/12/23,C2,2,0,
5/12/23,C2,3,0,
5/12/23,C2,4,0,
5/12/23,C2,5,0,
5/12/23,C2,6,0,
5/12/23,C2,7,1.86,
5/12/23,C2,8,0,
5/12/23,C2,9,0.35,
5/12/23,C2,10,1.15,
5/12/23,C2,11,0,
5/12/23,C2,12,0,
5/12/23,C2,13,8.71,
5/12/23,C2,14,1.39,
5/12/23,C2,15,8.86,
5/12/23,C2,16,0,
5/12/23,C2,17,1.52,
5/12/23,C2,18,0.11,
5/12/23,C2,19,0.02,
5/12/23,C2,20,5.43,
5/12/23,T1,1,0,
5/12/23,T1,2,0.2,
5/12/23,T1,3,0.05,
5/12/23,T1,4,0.03,
5/12/23,T1,5,0.3,
5/12/23,T1,6,1.26,
5/12/23,T1,7,0.18,
5/12/23,T1,8,0.24,
5/12/23,T1,9,0,
5/12/23,T1,10,1.38,
5/12/23,T1,11,0.19,
5/12/23,T1,12,0,
5/12/23,T1,13,0.31,
5/12/23,T1,14,0.47,
5/12/23,T1,15,0.93,
5/12/23,T1,16,0.16,
5/12/23,T1,17,0.2,
5/12/23,T1,18,0.04,
5/12/23,T1,19,2.37,
5/12/23,T1,20,0.38,
5/12/23,T2,1,1.37,
5/12/23,T2,2,1.53,
5/12/23,T2,3,1.26,
5/12/23,T2,4,3.85,
5/12/23,T2,5,0.69,
5/12/23,T2,6,1.25,
5/12/23,T2,7,1.2,
5/12/23,T2,8,1.63,
5/12/23,T2,9,1.17,
5/12/23,T2,10,1.69,
5/12/23,T2,11,5.89,
5/12/23,T2,12,1.42,
5/12/23,T2,13,3.74,
5/12/23,T2,14,1.71,
5/12/23,T2,15,4.86,
5/12/23,T2,16,2.88,
5/12/23,T2,17,3.5,
5/12/23,T2,18,2.04,
5/12/23,T2,19,1.16,
5/12/23,T2,20,10.38,
5/12/23,T3,1,3.95,
5/12/23,T3,2,0.46,
5/12/23,T3,3,0,
5/12/23,T3,4,0,
5/12/23,T3,5,0,
5/12/23,T3,6,1.4,
5/12/23,T3,7,0,
5/12/23,T3,8,0,
5/12/23,T3,9,0,
5/12/23,T3,10,0.86,
5/12/23,T3,11,0.7,
5/12/23,T3,12,0,
5/12/23,T3,13,0.07,
5/12/23,T3,14,0.15,
5/12/23,T3,15,0,
5/12/23,T3,16,0.11,
5/12/23,T3,17,2.63,
5/12/23,T3,18,2.11,
5/12/23,T3,19,0,
5/12/23,T3,20,0,
5/24/23,C1.5,1,0,
5/24/23,C1.5,2,0.1,
5/24/23,C1.5,3,0,
5/24/23,C2,1,0,
5/24/23,C2,2,0,
5/24/23,C2,3,0,
5/24/23,C2,4,0.4,
5/24/23,C2,5,0,
5/24/23,C2,6,0,
5/24/23,T1,1,0,
5/24/23,T1,2,0.07,
5/24/23,T1,3,0.02,
5/24/23,T1,4,0,
5/24/23,T1,5,0,
5/24/23,T1,6,0,
5/24/23,T2,1,0.29,
5/24/23,T2,2,1.17,
5/24/23,T2,3,0.54,
5/24/23,T2,4,0.01,
5/24/23,T2,5,0.03,
5/24/23,T2,6,0.04,
5/24/23,T3,1,0.15,
5/24/23,T3,2,1.19,
5/24/23,T3,3,0.39,
5/24/23,T3,4,0.05,
5/24/23,T3,5,1.06,
5/24/23,T3,6,1.68,
6/27/23,C1.5,1,0.27,
6/27/23,C1.5,2,0.57,
6/27/23,C1.5,3,0.96,
6/27/23,C1.5,4,1.84,
6/27/23,C1.5,5,1,
6/27/23,C1.5,6,1.11,
6/27/23,C1.5,7,0.79,
6/27/23,C1.5,8,0.94,
6/27/23,C1.5,9,0.94,
6/27/23,C1.5,10,0,
6/27/23,C1.5,11,3.71,
6/27/23,C1.5,12,0.23,
6/27/23,C1.5,13,4.02,
6/27/23,C1.5,14,0.3,
6/27/23,C1.5,15,0.55,
6/27/23,C1.5,16,0.24,
6/27/23,C1.5,17,0,
6/27/23,C1.5,18,0,
6/27/23,C1.5,19,1.63,
6/27/23,C1.5,20,2.22,
6/27/23,C2,1,1.42,
6/27/23,C2,2,0.44,
6/27/23,C2,3,0.91,
6/27/23,C2,4,2.69,
6/27/23,C2,5,1.13,
6/27/23,C2,6,0.81,
6/27/23,C2,7,2.6,
6/27/23,C2,8,1.32,
6/27/23,C2,9,1.58,
6/27/23,C2,10,1.29,
6/27/23,C2,11,1.91,
6/27/23,C2,12,1.93,
6/27/23,C2,13,2.61,
6/27/23,C2,14,2.24,
6/27/23,C2,15,1.58,
6/27/23,C2,16,3.13,
6/27/23,C2,17,1.78,
6/27/23,C2,18,2.71,
6/27/23,C2,19,3.01,
6/27/23,C2,20,6.66,
6/27/23,T1,1,0.04,
6/27/23,T1,2,2.17,
6/27/23,T1,3,1.99,
6/27/23,T1,4,1.95,
6/27/23,T1,5,2.2,
6/27/23,T1,6,2.91,
6/27/23,T1,7,0,
6/27/23,T1,8,2.14,
6/27/23,T1,9,0.58,
6/27/23,T1,10,1.84,
6/27/23,T1,11,8.56,
6/27/23,T1,12,0.98,
6/27/23,T1,13,4.06,
6/27/23,T1,14,0,
6/27/23,T1,15,0.84,
6/27/23,T1,16,1.57,
6/27/23,T1,17,2.7,
6/27/23,T1,18,1.47,
6/27/23,T1,19,2.09,
6/27/23,T1,20,1.59,
6/27/23,T2,1,3.22,
6/27/23,T2,2,2.09,
6/27/23,T2,3,5.43,
6/27/23,T2,4,1.84,
6/27/23,T2,5,8.51,
6/27/23,T2,6,9.88,
6/27/23,T2,7,1.47,
6/27/23,T2,8,12.05,
6/27/23,T2,9,8.12,
6/27/23,T2,10,1.6,
6/27/23,T2,11,3.01,
6/27/23,T2,12,4.91,
6/27/23,T2,13,1.89,
6/27/23,T2,14,5.04,
6/27/23,T2,15,2.8,
6/27/23,T2,16,4.56,
6/27/23,T2,17,8.55,
6/27/23,T2,18,6.55,
6/27/23,T2,19,3.61,
6/27/23,T2,20,2.98,
6/27/23,T3,1,0.33,
6/27/23,T3,2,1.42,
6/27/23,T3,3,1.45,
6/27/23,T3,4,1.94,
6/27/23,T3,5,2.15,
6/27/23,T3,6,0.81,
6/27/23,T3,7,3.17,
6/27/23,T3,8,2.36,
6/27/23,T3,9,0.01,
6/27/23,T3,10,0,
6/27/23,T3,11,0.05,
6/27/23,T3,12,0.24,
6/27/23,T3,13,2.64,
6/27/23,T3,14,0,
6/27/23,T3,15,3.56,
6/27/23,T3,16,2.27,
6/27/23,T3,17,8.6,
6/27/23,T3,18,5.52,
6/27/23,T3,19,3.66,
6/27/23,T3,20,4.82,
7/31/23,C1.5,1,0.97,
7/31/23,C1.5,2,0,
7/31/23,C1.5,3,0,
7/31/23,C1.5,4,0,
7/31/23,C1.5,5,0,
7/31/23,C1.5,6,0.39,
7/31/23,C1.5,7,0,
7/31/23,C1.5,8,0,
7/31/23,C1.5,9,0.31,
7/31/23,C1.5,10,0.92,
7/31/23,C1.5,11,0.01,
7/31/23,C1.5,12,0.61,
7/31/23,C1.5,13,0.03,
7/31/23,C1.5,14,0,
7/31/23,C1.5,15,0,
7/31/23,C1.5,16,0.37,
7/31/23,C1.5,17,0,
7/31/23,C1.5,18,0.64,
7/31/23,C1.5,19,0.34,
7/31/23,C1.5,20,1.86,
7/31/23,C2,1,0.01,
7/31/23,C2,2,0.02,
7/31/23,C2,3,0.29,
7/31/23,C2,4,0,
7/31/23,C2,5,0.04,
7/31/23,C2,6,1.97,
7/31/23,C2,7,0.47,
7/31/23,C2,8,0.53,
7/31/23,C2,9,0.23,
7/31/23,C2,10,0,
7/31/23,C2,11,0,
7/31/23,C2,12,0,
7/31/23,C2,13,0,
7/31/23,C2,14,0,
7/31/23,C2,15,0,
7/31/23,C2,16,0.11,
7/31/23,C2,17,0,
7/31/23,C2,18,0.19,
7/31/23,C2,19,0.92,
7/31/23,C2,20,0.31,
7/31/23,T1,1,0.07,
7/31/23,T1,2,1.31,
7/31/23,T1,3,0.48,
7/31/23,T1,4,0.97,
7/31/23,T1,5,0.13,
7/31/23,T1,6,1.23,
7/31/23,T1,7,1.16,
7/31/23,T1,8,2.18,
7/31/23,T1,9,1.68,
7/31/23,T1,10,3.24,
7/31/23,T1,11,0.14,
7/31/23,T1,12,0.46,
7/31/23,T1,13,0,
7/31/23,T1,14,0.87,
7/31/23,T1,15,1.2,
7/31/23,T1,16,0.24,
7/31/23,T1,17,0,
7/31/23,T1,18,1.23,
7/31/23,T1,19,1.36,
7/31/23,T1,20,3.21,
7/31/23,T2,1,0.06,
7/31/23,T2,2,1.22,
7/31/23,T2,3,1,
7/31/23,T2,4,2.15,
7/31/23,T2,5,0.08,
7/31/23,T2,6,2.83,
7/31/23,T2,7,1,
7/31/23,T2,8,2.91,
7/31/23,T2,9,1.18,
7/31/23,T2,10,1.03,
7/31/23,T2,11,0.16,
7/31/23,T2,12,0.64,
7/31/23,T2,13,0,
7/31/23,T2,14,1.33,
7/31/23,T2,15,2.21,
7/31/23,T2,16,1.14,
7/31/23,T2,17,0.49,
7/31/23,T2,18,1.82,
7/31/23,T2,19,1.74,
7/31/23,T2,20,2.75,
7/31/23,T3,1,1.31,
7/31/23,T3,2,2.29,
7/31/23,T3,3,1.26,
7/31/23,T3,4,2.25,
7/31/23,T3,5,0.25,
7/31/23,T3,6,1.63,
7/31/23,T3,7,0.16,
7/31/23,T3,8,1.32,
7/31/23,T3,9,2.82,
7/31/23,T3,10,0,
7/31/23,T3,11,0.44,
7/31/23,T3,12,2.67,
7/31/23,T3,13,1.85,
7/31/23,T3,14,0.8,
7/31/23,T3,15,1.44,
7/31/23,T3,16,2.06,
7/31/23,T3,17,2.59,
7/31/23,T3,18,2.11,
7/31/23,T3,19,3.43,
7/31/23,T3,20,1.17,
10/4/23,C1.5,1,0.73,
10/4/23,C1.5,2,0.96,
10/4/23,C1.5,3,0.33,
10/4/23,C1.5,4,0.41,
10/4/23,C1.5,5,0.65,
10/4/23,C1.5,6,0.7,
10/4/23,C1.5,7,1.49,
10/4/23,C1.5,8,0.71,
10/4/23,C1.5,9,0.32,
10/4/23,C1.5,10,0.57,
10/4/23,C1.5,11,0.61,
10/4/23,C1.5,12,0.71,
10/4/23,C1.5,13,0.47,
10/4/23,C1.5,14,1.7,
10/4/23,C1.5,15,0.92,
10/4/23,C1.5,16,0.55,
10/4/23,C1.5,17,0.5,
10/4/23,C1.5,18,0.51,
10/4/23,C1.5,19,0.51,
10/4/23,C1.5,20,0.68,
10/4/23,C2,1,1.2,
10/4/23,C2,2,0.9,
10/4/23,C2,3,0.8,
10/4/23,C2,4,1.02,
10/4/23,C2,5,1.04,
10/4/23,C2,6,0.63,
10/4/23,C2,7,0.77,
10/4/23,C2,8,1.22,
10/4/23,C2,9,1.51,
10/4/23,C2,10,6.69,
10/4/23,C2,11,1.01,
10/4/23,C2,12,1.72,
10/4/23,C2,13,1.82,
10/4/23,C2,14,1.32,
10/4/23,C2,15,1.55,
10/4/23,C2,16,1.39,
10/4/23,C2,17,0.77,
10/4/23,C2,18,0.76,
10/4/23,C2,19,0.6,
10/4/23,C2,20,1.54,
10/4/23,T1,1,0.67,
10/4/23,T1,2,0.77,
10/4/23,T1,3,1.14,
10/4/23,T1,4,0.91,
10/4/23,T1,5,0.69,
10/4/23,T1,6,0.76,
10/4/23,T1,7,1.24,
10/4/23,T1,8,0.69,
10/4/23,T1,9,0.84,
10/4/23,T1,10,1.05,
10/4/23,T1,11,1.44,
10/4/23,T1,12,0.95,
10/4/23,T1,13,0.89,
10/4/23,T1,14,0.94,
10/4/23,T1,15,0.29,
10/4/23,T1,16,0.14,
10/4/23,T1,17,0.68,
10/4/23,T1,18,1.11,
10/4/23,T1,19,1.08,
10/4/23,T1,20,0.86,
10/4/23,T2,1,0.26,
10/4/23,T2,2,0.3,
10/4/23,T2,3,0.49,
10/4/23,T2,4,0.26,
10/4/23,T2,5,2.15,
10/4/23,T2,6,0.27,
10/4/23,T2,7,0.62,
10/4/23,T2,8,0.68,
10/4/23,T2,9,1.04,
10/4/23,T2,10,0.65,
10/4/23,T2,11,0.3,
10/4/23,T2,12,0.29,
10/4/23,T2,13,0.37,
10/4/23,T2,14,0.24,
10/4/23,T2,15,0.29,
10/4/23,T2,16,0.29,
10/4/23,T2,17,1.23,
10/4/23,T2,18,0.59,
10/4/23,T2,19,0.34,
10/4/23,T2,20,4.92,
10/4/23,T3,1,0.52,
10/4/23,T3,2,0.75,
10/4/23,T3,3,0.44,
10/4/23,T3,4,0.33,
10/4/23,T3,5,0.57,
10/4/23,T3,6,0.34,
10/4/23,T3,7,3.76,
10/4/23,T3,8,0.31,
10/4/23,T3,9,1.87,
10/4/23,T3,10,1.26,
10/4/23,T3,11,0.29,
10/4/23,T3,12,0.28,
10/4/23,T3,13,0.92,
10/4/23,T3,14,0.63,
10/4/23,T3,15,0.79,
10/4/23,T3,16,0.38,
10/4/23,T3,17,0.36,
10/4/23,T3,18,0.29,
10/4/23,T3,19,0.37,
10/4/23,T3,20,0.32,
5/16/24,C1.5,1,1.7,
5/16/24,C1.5,2,0,
5/16/24,C1.5,3,1.03,
5/16/24,C1.5,4,0,
5/16/24,C1.5,5,0.08,
5/16/24,C1.5,6,0,
5/16/24,C1.5,7,0,
5/16/24,C1.5,8,1.19,
5/16/24,C1.5,9,3.3,
5/16/24,C1.5,10,1.07,
5/16/24,C1.5,11,0.03,
5/16/24,C1.5,12,0.18,
5/16/24,C1.5,13,2.12,
5/16/24,C1.5,14,0,
5/16/24,C1.5,15,0,
5/16/24,C1.5,16,0,
5/16/24,C1.5,17,0,
5/16/24,C1.5,18,0,
5/16/24,C1.5,19,0.21,
5/16/24,C1.5,20,0,
5/17/24,C2,1,0.81,
5/17/24,C2,2,0,
5/17/24,C2,3,0,
5/17/24,C2,4,0,
5/17/24,C2,5,0,
5/17/24,C2,6,0.49,
5/17/24,C2,7,0,
5/17/24,C2,8,0,
5/17/24,C2,9,0,
5/17/24,C2,10,0,
5/17/24,C2,11,0,
5/17/24,C2,12,0,
5/17/24,C2,13,0.84,
5/17/24,C2,14,0,
5/17/24,C2,15,0,
5/17/24,C2,16,0.59,
5/17/24,C2,17,0.14,
5/17/24,C2,18,0,
5/17/24,C2,19,0,
5/17/24,C2,20,0.19,
5/13/24,T1,1,0.34,
5/13/24,T1,2,0,
5/13/24,T1,3,0,
5/13/24,T1,4,0,
5/13/24,T1,5,0,
5/13/24,T1,6,0.54,
5/13/24,T1,7,0,
5/13/24,T1,8,0.14,
5/13/24,T1,9,0,
5/13/24,T1,10,0.01,
5/13/24,T1,11,0.92,
5/13/24,T1,12,0.5,
5/13/24,T1,13,0.47,
5/13/24,T1,14,0.73,
5/13/24,T1,15,0,
5/13/24,T1,16,1.08,
5/13/24,T1,17,0,
5/13/24,T1,18,10.38,
5/13/24,T1,19,0,
5/13/24,T1,20,0,
5/15/24,T2,1,0.32,
5/15/24,T2,2,0,
5/15/24,T2,3,0.33,
5/15/24,T2,4,0.97,
5/15/24,T2,5,1.08,
5/15/24,T2,6,0.71,
5/15/24,T2,7,1.97,
5/15/24,T2,8,3.29,
5/15/24,T2,9,2.34,
5/15/24,T2,10,1.55,
5/15/24,T2,11,2.21,
5/15/24,T2,12,1.32,
5/15/24,T2,13,0.74,
5/15/24,T2,14,0,
5/15/24,T2,15,0.62,
5/15/24,T2,16,2.5,
5/15/24,T2,17,0,
5/15/24,T2,18,0,
5/15/24,T2,19,0.97,
5/15/24,T2,20,2.54,
5/14/24,T3,1,2.99,
5/14/24,T3,2,2.54,
5/14/24,T3,3,1.37,
5/14/24,T3,4,0.81,
5/14/24,T3,5,1.3,
5/14/24,T3,6,2.71,
5/14/24,T3,7,1.64,
5/14/24,T3,8,2.41,
5/14/24,T3,9,3.87,
5/14/24,T3,10,2.42,
5/14/24,T3,11,0.69,
5/14/24,T3,12,0,
5/14/24,T3,13,0.03,
5/14/24,T3,14,0,
5/14/24,T3,15,0.51,
5/14/24,T3,16,0.33,
5/14/24,T3,17,1.8,
5/14/24,T3,18,1.35,
5/14/24,T3,19,4.39,
5/14/24,T3,20,0.71,
7/31/24,C1.5,1,0.09,
7/31/24,C1.5,2,0.05,
7/31/24,C1.5,3,0.03,
7/31/24,C1.5,4,0.03,
7/31/24,C1.5,5,0,
7/31/24,C1.5,6,0.01,
7/31/24,C1.5,7,0.31,
7/31/24,C1.5,8,0.02,
7/31/24,C1.5,9,0,
7/31/24,C1.5,10,0.12,
7/31/24,C1.5,11,0.11,
7/31/24,C1.5,12,0,
7/31/24,C1.5,13,0.01,
7/31/24,C1.5,14,0.05,
7/31/24,C1.5,15,0.16,
7/31/24,C1.5,16,0.07,
7/31/24,C1.5,17,0.05,
7/31/24,C1.5,18,0.16,
7/31/24,C1.5,19,0.12,
7/31/24,C1.5,20,0,
8/2/24,C2,1,0.05,
8/2/24,C2,2,0.32,
8/2/24,C2,3,0,
8/2/24,C2,4,0.04,
8/2/24,C2,5,0,
8/2/24,C2,6,0.22,
8/2/24,C2,7,0.09,
8/2/24,C2,8,0.21,
8/2/24,C2,9,0.14,
8/2/24,C2,10,1.23,
8/2/24,C2,11,0,
8/2/24,C2,12,0,
8/2/24,C2,13,0,
8/2/24,C2,14,0.26,
8/2/24,C2,15,0.03,
8/2/24,C2,16,0,
8/2/24,C2,17,0,
8/2/24,C2,18,0.29,
8/2/24,C2,19,1.37,
8/2/24,C2,20,0.4,
7/30/24,T1,1,0,
7/30/24,T1,2,0.67,
7/30/24,T1,3,0,
7/30/24,T1,4,0.01,
7/30/24,T1,5,0,
7/30/24,T1,6,0,
7/30/24,T1,7,0,
7/30/24,T1,8,0,
7/30/24,T1,9,0.24,
7/30/24,T1,10,0,
7/30/24,T1,11,0,
7/30/24,T1,12,1.38,
7/30/24,T1,13,0.19,
7/30/24,T1,14,0.44,
7/30/24,T1,15,0,
7/30/24,T1,16,0,
7/30/24,T1,17,0.11,
7/30/24,T1,18,0,
7/30/24,T1,19,0,
7/30/24,T1,20,0,
8/1/24,T2,1,0,
8/1/24,T2,2,0.06,
8/1/24,T2,3,0,
8/1/24,T2,4,0.01,
8/1/24,T2,5,0.09,
8/1/24,T2,6,0.18,
8/1/24,T2,7,1.03,
8/1/24,T2,8,0.02,
8/1/24,T2,9,0.79,
8/1/24,T2,10,0.12,
8/1/24,T2,11,0.34,
8/1/24,T2,12,1.43,
8/1/24,T2,13,0.09,
8/1/24,T2,14,0.27,
8/1/24,T2,15,0,
8/1/24,T2,16,0.12,
8/1/24,T2,17,0,
8/1/24,T2,18,0,
8/1/24,T2,19,0,
8/1/24,T2,20,0,
7/29/24,T3,1,0.07,
7/29/24,T3,2,0.16,
7/29/24,T3,3,0.44,
7/29/24,T3,4,0.09,
7/29/24,T3,5,0.23,
7/29/24,T3,6,0.3,
7/29/24,T3,7,0,
7/29/24,T3,8,0.82,
7/29/24,T3,9,0,
7/29/24,T3,10,0,
7/29/24,T3,11,0,
7/29/24,T3,12,0.04,
7/29/24,T3,13,0.05,
7/29/24,T3,14,0,
7/29/24,T3,15,0.09,
7/29/24,T3,16,0.03,
7/29/24,T3,17,0,
7/29/24,T3,18,0,
7/29/24,T3,19,0.07,
7/29/24,T3,20,0,
9/26/24,C2,1,0.58,
9/26/24,C2,2,0.84,
9/26/24,C2,3,0.38,
9/26/24,C2,4,0.35,
9/26/24,C2,5,0.15,
9/26/24,C2,6,0.45,
9/26/24,C2,7,0.69,
9/26/24,C2,8,0.32,
9/26/24,C2,9,0.33,
9/26/24,C2,10,0.02,
9/26/24,C2,11,3.79,
9/26/24,C2,12,0.03,
9/26/24,C2,13,0.95,
9/26/24,C2,14,1.1,
9/26/24,C2,15,0.96,
9/26/24,C2,16,1.24,
9/26/24,C2,17,0,
9/26/24,C2,18,0.65,
9/26/24,C2,19,4.28,
9/26/24,C2,20,0,
9/26/24,T1,1,0.02,
9/26/24,T1,2,0,
9/26/24,T1,3,0,
9/26/24,T1,4,0.11,
9/26/24,T1,5,0,
9/26/24,T1,6,0,
9/26/24,T1,7,0,
9/26/24,T1,8,0,
9/26/24,T1,9,0,
9/26/24,T1,10,0,
9/26/24,T1,11,0,
9/26/24,T1,12,0.23,
9/26/24,T1,13,0.12,
9/26/24,T1,14,0.55,
9/26/24,T1,15,0.11,
9/26/24,T1,16,0.15,
9/26/24,T1,17,3.92,
9/26/24,T1,18,0.95,
9/26/24,T1,19,0.01,
9/26/24,T1,20,0.15,
9/26/24,T2,1,0.14,
9/26/24,T2,2,0.08,
9/26/24,T2,3,0,
9/26/24,T2,4,4.49,
9/26/24,T2,5,0,
9/26/24,T2,6,0.11,
9/26/24,T2,7,0,
9/26/24,T2,8,0.16,
9/26/24,T2,9,0,
9/26/24,T2,10,6.89,
9/26/24,T2,11,0,
9/26/24,T2,12,0.51,
9/26/24,T2,13,0,
9/26/24,T2,14,0,
9/26/24,T2,15,2.67,
9/26/24,T2,16,0.08,
9/26/24,T2,17,0,
9/26/24,T2,18,0,
9/26/24,T2,19,1.12,
9/26/24,T2,20,0.4,
9/26/24,T3,1,0.09,
9/26/24,T3,2,0.48,
9/26/24,T3,3,0,
9/26/24,T3,4,0.03,
9/26/24,T3,5,0,
9/26/24,T3,6,0,
9/26/24,T3,7,0,
9/26/24,T3,8,0,
9/26/24,T3,9,0,
9/26/24,T3,10,0,
9/26/24,T3,11,0,
9/26/24,T3,12,0,
9/26/24,T3,13,0,
9/26/24,T3,14,0,
9/26/24,T3,15,0,
9/26/24,T3,16,0,
9/26/24,T3,17,0.04,
9/26/24,T3,18,0,
9/26/24,T3,19,0,
9/26/24,T3,20,0,
6/18/25,C1.5,1,0,
6/18/25,C1.5,2,0,
6/18/25,C1.5,3,0.06,
6/18/25,C1.5,4,0,
6/18/25,C1.5,5,0.02,
6/18/25,C1.5,6,0,
6/18/25,C1.5,7,0,
6/18/25,C1.5,8,0,
6/18/25,C1.5,9,0.7,
6/18/25,C1.5,10,0,
6/18/25,C1.5,11,0,
6/18/25,C1.5,12,0,
6/18/25,C1.5,13,0,
6/18/25,C1.5,14,0,
6/18/25,C1.5,15,0,
6/18/25,C1.5,16,0,
6/18/25,C1.5,17,0,
6/18/25,C1.5,18,0,
6/18/25,C1.5,19,0,
6/18/25,C1.5,20,0,
6/18/25,C2,1,0,
6/18/25,C2,2,0,
6/18/25,C2,3,0,
6/18/25,C2,4,0,
6/18/25,C2,5,0,
6/18/25,C2,6,0,
6/18/25,C2,7,0,
6/18/25,C2,8,0,
6/18/25,C2,9,0,
6/18/25,C2,10,0.06,
6/18/25,C2,11,0,
6/18/25,C2,12,0,
6/18/25,C2,13,0,
6/18/25,C2,14,0,
6/18/25,C2,15,0,
6/18/25,C2,16,1.66,
6/18/25,C2,17,0.17,
6/18/25,C2,18,1.29,
6/18/25,C2,19,0.13,
6/18/25,C2,20,0.09,
6/18/25,T1,1,0,
6/18/25,T1,2,0,
6/18/25,T1,3,0,
6/18/25,T1,4,0,
6/18/25,T1,5,0,
6/18/25,T1,6,0,
6/18/25,T1,7,0,
6/18/25,T1,8,0,
6/18/25,T1,9,0,
6/18/25,T1,10,0,
6/18/25,T1,11,0,
6/18/25,T1,12,0.46,
6/18/25,T1,13,0.09,
6/18/25,T1,14,0,
6/18/25,T1,15,0.04,
6/18/25,T1,16,0,
6/18/25,T1,17,0,
6/18/25,T1,18,0,
6/18/25,T1,19,0,
6/18/25,T1,20,0,
6/18/25,T2,1,0,
6/18/25,T2,2,0.41,
6/18/25,T2,3,0.55,
6/18/25,T2,4,0.32,
6/18/25,T2,5,0.3,
6/18/25,T2,6,0,
6/18/25,T2,7,0.84,
6/18/25,T2,8,0.58,
6/18/25,T2,9,0.72,
6/18/25,T2,10,0.34,
6/18/25,T2,11,0.64,
6/18/25,T2,12,0.21,
6/18/25,T2,13,0.19,
6/18/25,T2,14,0,
6/18/25,T2,15,0.92,
6/18/25,T2,16,0.17,
6/18/25,T2,17,0.39,
6/18/25,T2,18,0.72,
6/18/25,T2,19,0.61,
6/18/25,T2,20,1.29,
6/18/25,T3,1,1.84,
6/18/25,T3,2,0.3,
6/18/25,T3,3,0.45,
6/18/25,T3,4,1.02,
6/18/25,T3,5,1.28,
6/18/25,T3,6,0.9,
6/18/25,T3,7,0,
6/18/25,T3,8,2.28,
6/18/25,T3,9,0.06,
6/18/25,T3,10,0.3,
6/18/25,T3,11,1.09,
6/18/25,T3,12,0,
6/18/25,T3,13,0,
6/18/25,T3,14,0,
6/18/25,T3,15,0.16,
6/18/25,T3,16,0.54,
6/18/25,T3,17,0,
6/18/25,T3,18,0,
6/18/25,T3,19,0,
6/18/25,T3,20,0,