Date,Discharge_cfs,approval_status,sampled,velocity
10/2/2022,150,Approved,no,no
10/3/2022,215,Approved,no,no
10/4/2022,221,Approved,no,no
10/5/2022,190,Approved,no,no
10/6/2022,180,Approved,no,no
10/7/2022,194,Approved,no,no
10/8/2022,206,Approved,no,no
10/9/2022,219,Approved,no,no
10/10/2022,243,Approved,no,no
10/11/2022,272,Approved,no,no
10/12/2022,340,Approved,no,no
10/13/2022,419,Approved,no,no
10/14/2022,576,Approved,no,no
10/15/2022,626,Approved,no,no
10/16/2022,646,Approved,no,no
10/17/2022,650,Approved,no,no
10/18/2022,636,Approved,no,no
10/19/2022,640,Approved,no,no
10/20/2022,671,Approved,no,no
10/21/2022,719,Approved,no,no
10/22/2022,755,Approved,no,no
10/23/2022,746,Approved,no,no
10/24/2022,670,Approved,no,no
10/25/2022,568,Approved,no,no
10/26/2022,493,Approved,no,no
10/27/2022,364,Approved,no,no
10/28/2022,285,Approved,no,no
10/29/2022,202,Approved,no,no
10/30/2022,160,Approved,no,no
10/31/2022,157,Approved,no,no
11/1/2022,155,Approved,no,no
11/2/2022,152,Approved,no,no
11/3/2022,153,Approved,no,no
11/4/2022,156,Approved,no,no
11/5/2022,166,Approved,no,no
11/6/2022,164,Approved,no,no
11/7/2022,168,Approved,no,no
11/8/2022,169,Approved,no,no
11/9/2022,171,Approved,no,no
11/10/2022,180,Approved,no,no
11/11/2022,200,Approved,no,no
11/12/2022,203,Approved,no,no
11/13/2022,201,Approved,no,no
11/14/2022,189,Approved,no,no
11/15/2022,182,Approved,no,no
11/16/2022,181,Approved,no,no
11/17/2022,179,Approved,no,no
11/18/2022,177,Approved,no,no
11/19/2022,173,Approved,no,no
11/20/2022,177,Approved,no,no
11/21/2022,176,Approved,no,no
11/22/2022,172,Approved,no,no
11/23/2022,177,Approved,no,no
11/24/2022,175,Approved,no,no
11/25/2022,172,Approved,no,no
11/26/2022,172,Approved,no,no
11/27/2022,170,Approved,no,no
11/28/2022,173,Approved,no,no
11/29/2022,177,Approved,no,no
11/30/2022,180,Approved,no,no
12/1/2022,191,Approved,no,no
12/2/2022,190,Approved,no,no
12/3/2022,201,Approved,no,no
12/4/2022,202,Approved,no,no
12/5/2022,196,Approved,no,no
12/6/2022,208,Approved,no,no
12/7/2022,236,Approved,no,no
12/8/2022,242,Approved,no,no
12/9/2022,244,Approved,no,no
12/10/2022,244,Approved,no,no
12/11/2022,243,Approved,no,no
12/12/2022,232,Approved,no,no
12/13/2022,225,Approved,no,no
12/14/2022,223,Approved,no,no
12/15/2022,225,Approved,no,no
12/16/2022,207,Approved,no,no
12/17/2022,190,Approved,no,no
12/18/2022,170,Approved,no,no
12/19/2022,147,Approved,no,no
12/20/2022,134,Approved,no,no
12/21/2022,134,Approved,no,no
12/22/2022,143,Approved,no,no
12/23/2022,167,Approved,no,no
12/24/2022,180,Approved,no,no
12/25/2022,189,Approved,no,no
12/26/2022,203,Approved,no,no
12/27/2022,206,Approved,no,no
12/28/2022,213,Approved,no,no
12/29/2022,222,Approved,no,no
12/30/2022,220,Approved,no,no
12/31/2022,223,Approved,no,no
1/1/2023,221,Approved,no,no
1/2/2023,221,Approved,no,no
1/3/2023,237,Approved,no,no
1/4/2023,266,Approved,no,no
1/5/2023,266,Approved,no,no
1/6/2023,268,Approved,no,no
1/7/2023,262,Approved,no,no
1/8/2023,262,Approved,no,no
1/9/2023,265,Approved,no,no
1/10/2023,257,Approved,no,no
1/11/2023,235,Approved,no,no
1/12/2023,235,Approved,no,no
1/13/2023,238,Approved,no,no
1/14/2023,219,Approved,no,no
1/15/2023,212,Approved,yes,no
1/16/2023,213,Approved,no,no
1/17/2023,214,Approved,no,no
1/18/2023,214,Approved,no,no
1/19/2023,215,Approved,no,no
1/20/2023,232,Approved,no,no
1/21/2023,242,Approved,no,no
1/22/2023,246,Approved,no,no
1/23/2023,246,Approved,no,no
1/24/2023,223,Approved,no,no
1/25/2023,205,Approved,no,no
1/26/2023,200,Approved,no,no
1/27/2023,182,Approved,no,no
1/28/2023,182,Approved,no,no
1/29/2023,181,Approved,no,no
1/30/2023,181,Approved,no,no
1/31/2023,191,Approved,no,no
2/1/2023,209,Approved,no,no
2/2/2023,211,Approved,no,no
2/3/2023,213,Approved,no,no
2/4/2023,219,Approved,no,no
2/5/2023,216,Approved,no,no
2/6/2023,213,Approved,no,no
2/7/2023,212,Approved,no,no
2/8/2023,211,Approved,no,no
2/9/2023,213,Approved,no,no
2/10/2023,211,Approved,no,no
2/11/2023,210,Approved,no,no
2/12/2023,211,Approved,no,no
2/13/2023,200,Approved,no,no
2/14/2023,197,Approved,no,no
2/15/2023,193,Approved,no,no
2/16/2023,193,Approved,no,no
2/17/2023,192,Approved,no,no
2/18/2023,182,Approved,no,no
2/19/2023,171,Approved,no,no
2/20/2023,171,Approved,no,no
2/21/2023,172,Approved,no,no
2/22/2023,174,Approved,no,no
2/23/2023,176,Approved,no,no
2/24/2023,181,Approved,no,no
2/25/2023,191,Approved,no,no
2/26/2023,190,Approved,no,no
2/27/2023,194,Approved,no,no
2/28/2023,217,Approved,no,no
3/1/2023,213,Approved,no,no
3/2/2023,211,Approved,no,no
3/3/2023,208,Approved,no,no
3/4/2023,207,Approved,no,no
3/5/2023,209,Approved,no,no
3/6/2023,213,Approved,no,no
3/7/2023,208,Approved,no,no
3/8/2023,200,Approved,no,no
3/9/2023,211,Approved,no,no
3/10/2023,208,Approved,no,no
3/11/2023,187,Approved,no,no
3/12/2023,184,Approved,no,no
3/13/2023,185,Approved,no,no
3/14/2023,169,Approved,no,no
3/15/2023,129,Approved,no,no
3/16/2023,105,Approved,no,no
3/17/2023,126,Approved,no,no
3/18/2023,169,Approved,no,no
3/19/2023,194,Approved,no,no
3/20/2023,197,Approved,no,no
3/21/2023,198,Approved,yes,no
3/22/2023,198,Approved,no,no
3/23/2023,203,Approved,no,no
3/24/2023,211,Approved,no,no
3/25/2023,208,Approved,no,no
3/26/2023,212,Approved,no,no
3/27/2023,215,Approved,no,no
3/28/2023,210,Approved,no,no
3/29/2023,213,Approved,no,no
3/30/2023,213,Approved,no,no
3/31/2023,212,Approved,no,no
4/1/2023,212,Approved,no,no
4/2/2023,210,Approved,no,no
4/3/2023,209,Approved,no,no
4/4/2023,214,Approved,no,no
4/5/2023,226,Approved,no,no
4/6/2023,249,Approved,no,no
4/7/2023,249,Approved,no,no
4/8/2023,257,Approved,no,no
4/9/2023,250,Approved,no,no
4/10/2023,236,Approved,no,no
4/11/2023,135,Approved,no,no
4/12/2023,102,Approved,no,no
4/13/2023,100,Approved,no,no
4/14/2023,106,Approved,no,no
4/15/2023,107,Approved,no,no
4/16/2023,105,Approved,no,no
4/17/2023,106,Approved,no,no
4/18/2023,108,Approved,no,no
4/19/2023,112,Approved,no,no
4/20/2023,109,Approved,no,no
4/21/2023,115,Approved,no,no
4/22/2023,113,Approved,no,no
4/23/2023,112,Approved,no,no
4/24/2023,110,Approved,no,no
4/25/2023,112,Approved,no,no
4/26/2023,112,Approved,no,no
4/27/2023,105,Approved,no,no
4/28/2023,103,Approved,no,no
4/29/2023,101,Approved,no,no
4/30/2023,141,Approved,no,no
5/1/2023,233,Approved,no,no
5/2/2023,234,Approved,no,no
5/3/2023,237,Approved,no,no
5/4/2023,192,Approved,no,no
5/5/2023,105,Approved,no,no
5/6/2023,105,Approved,no,no
5/7/2023,105,Approved,no,no
5/8/2023,96.7,Approved,no,no
5/9/2023,97.8,Approved,no,no
5/10/2023,102,Approved,no,no
5/11/2023,99.9,Approved,no,no
5/12/2023,99.1,Approved,yes,no
5/13/2023,102,Approved,no,no
5/14/2023,100,Approved,no,no
5/15/2023,106,Approved,no,no
5/16/2023,109,Approved,no,no
5/17/2023,105,Approved,no,no
5/18/2023,101,Approved,no,no
5/19/2023,99.6,Approved,no,no
5/20/2023,106,Approved,no,no
5/21/2023,106,Approved,no,no
5/22/2023,105,Approved,no,no
5/23/2023,106,Approved,no,no
5/24/2023,103,Approved,yes,no
5/25/2023,100,Approved,no,no
5/26/2023,103,Approved,no,no
5/27/2023,104,Approved,no,no
5/28/2023,103,Approved,no,no
5/29/2023,104,Approved,no,no
5/30/2023,111,Approved,no,no
5/31/2023,111,Approved,no,no
6/1/2023,109,Approved,no,no
6/2/2023,110,Approved,no,no
6/3/2023,107,Approved,no,no
6/4/2023,104,Approved,no,no
6/5/2023,106,Approved,no,no
6/6/2023,161,Approved,no,no
6/7/2023,221,Approved,no,no
6/8/2023,393,Approved,no,no
6/9/2023,504,Approved,no,no
6/10/2023,606,Approved,no,no
6/11/2023,609,Approved,no,no
6/12/2023,681,Approved,no,no
6/13/2023,749,Approved,no,no
6/14/2023,756,Approved,no,no
6/15/2023,755,Approved,no,no
6/16/2023,757,Approved,no,no
6/17/2023,756,Approved,no,no
6/18/2023,754,Approved,no,no
6/19/2023,755,Approved,no,no
6/20/2023,756,Approved,no,no
6/21/2023,1080,Approved,no,no
6/22/2023,1360,Approved,no,no
6/23/2023,1350,Approved,no,no
6/24/2023,1540,Approved,no,no
6/25/2023,1680,Approved,no,no
6/26/2023,1480,Approved,no,no
6/27/2023,1460,Approved,yes,no
6/28/2023,1550,Approved,no,no
6/29/2023,1580,Approved,no,no
6/30/2023,1620,Approved,no,no
7/1/2023,1440,Approved,no,no
7/2/2023,1340,Approved,no,no
7/3/2023,1340,Approved,no,no
7/4/2023,1310,Approved,no,no
7/5/2023,1320,Approved,no,no
7/6/2023,1340,Approved,no,no
7/7/2023,1340,Approved,no,no
7/8/2023,1270,Approved,no,no
7/9/2023,1160,Approved,no,no
7/10/2023,1130,Approved,no,no
7/11/2023,1130,Approved,no,no
7/12/2023,1010,Approved,no,no
7/13/2023,807,Approved,no,no
7/14/2023,809,Approved,no,no
7/15/2023,791,Approved,no,no
7/16/2023,984,Approved,no,no
7/17/2023,1130,Approved,no,no
7/18/2023,925,Approved,no,no
7/19/2023,716,Approved,no,no
7/20/2023,657,Approved,no,no
7/21/2023,832,Approved,no,no
7/22/2023,835,Approved,no,no
7/23/2023,735,Approved,no,no
7/24/2023,681,Approved,no,no
7/25/2023,686,Approved,no,no
7/26/2023,656,Approved,no,no
7/27/2023,613,Approved,no,no
7/28/2023,498,Approved,no,no
7/29/2023,459,Approved,no,no
7/30/2023,464,Approved,no,no
7/31/2023,457,Approved,yes,no
8/1/2023,509,Approved,no,no
8/2/2023,790,Approved,no,no
8/3/2023,1120,Approved,no,no
8/4/2023,891,Approved,no,no
8/5/2023,788,Approved,no,no
8/6/2023,788,Approved,no,no
8/7/2023,679,Approved,no,no
8/8/2023,487,Approved,no,no
8/9/2023,459,Approved,no,no
8/10/2023,427,Approved,no,no
8/11/2023,429,Approved,no,no
8/12/2023,431,Approved,no,no
8/13/2023,441,Approved,no,no
8/14/2023,403,Approved,no,no
8/15/2023,356,Approved,no,no
8/16/2023,375,Approved,no,no
8/17/2023,403,Approved,no,no
8/18/2023,411,Approved,no,no
8/19/2023,411,Approved,no,no
8/20/2023,411,Approved,no,no
8/21/2023,426,Approved,no,no
8/22/2023,485,Approved,no,no
8/23/2023,532,Approved,no,no
8/24/2023,473,Approved,no,no
8/25/2023,224,Approved,no,no
8/26/2023,200,Approved,no,no
8/27/2023,307,Approved,no,no
8/28/2023,344,Approved,no,no
8/29/2023,385,Approved,no,no
8/30/2023,523,Approved,no,no
8/31/2023,763,Approved,no,no
9/1/2023,755,Approved,no,no
9/2/2023,754,Approved,no,no
9/3/2023,754,Approved,no,no
9/4/2023,758,Approved,no,no
9/5/2023,760,Approved,no,no
9/6/2023,768,Approved,no,no
9/7/2023,789,Approved,no,no
9/8/2023,817,Approved,no,no
9/9/2023,916,Approved,no,no
9/10/2023,927,Approved,no,no
9/11/2023,956,Approved,no,no
9/12/2023,991,Approved,no,no
9/13/2023,969,Approved,no,no
9/14/2023,945,Approved,no,no
9/15/2023,907,Approved,no,no
9/16/2023,870,Approved,no,no
9/17/2023,859,Approved,no,no
9/18/2023,866,Approved,no,no
9/19/2023,869,Approved,no,no
9/20/2023,864,Approved,no,no
9/21/2023,863,Approved,no,no
9/22/2023,834,Approved,no,no
9/23/2023,791,Approved,no,no
9/24/2023,761,Approved,no,no
9/25/2023,764,Approved,no,no
9/26/2023,757,Approved,no,no
9/27/2023,758,Approved,no,no
9/28/2023,757,Approved,no,no
9/29/2023,781,Approved,no,no
9/30/2023,846,Approved,no,no
10/1/2023,885,Approved,no,no
10/2/2023,839,Approved,no,no
10/3/2023,830,Approved,no,no
10/4/2023,826,Approved,yes,no
10/5/2023,817,Approved,no,no
10/6/2023,826,Approved,no,no
10/7/2023,828,Approved,no,no
10/8/2023,813,Approved,no,no
10/9/2023,791,Approved,no,no
10/10/2023,776,Approved,no,no
10/11/2023,774,Approved,no,no
10/12/2023,779,Approved,no,no
10/13/2023,801,Approved,no,no
10/14/2023,805,Approved,no,no
10/15/2023,800,Approved,no,no
10/16/2023,784,Approved,no,no
10/17/2023,784,Approved,no,no
10/18/2023,796,Approved,no,no
10/19/2023,785,Approved,no,no
10/20/2023,774,Approved,no,no
10/21/2023,761,Approved,no,no
10/22/2023,758,Approved,no,no
10/23/2023,749,Approved,no,no
10/24/2023,678,Approved,no,no
10/25/2023,618,Approved,no,no
10/26/2023,541,Approved,no,no
10/27/2023,538,Approved,no,no
10/28/2023,537,Approved,no,no
10/29/2023,535,Approved,no,no
10/30/2023,516,Approved,no,no
10/31/2023,423,Approved,no,no
11/1/2023,359,Approved,no,no
11/2/2023,253,Approved,no,no
11/3/2023,201,Approved,no,no
11/4/2023,189,Approved,no,no
11/5/2023,192,Approved,no,no
11/6/2023,207,Approved,no,no
11/7/2023,239,Approved,no,no
11/8/2023,263,Approved,no,no
11/9/2023,248,Approved,no,no
11/10/2023,218,Approved,no,no
11/11/2023,209,Approved,no,no
11/12/2023,213,Approved,no,no
11/13/2023,204,Approved,no,no
11/14/2023,188,Approved,no,no
11/15/2023,188,Approved,no,no
11/16/2023,196,Approved,no,no
11/17/2023,200,Approved,no,no
11/18/2023,189,Approved,no,no
11/19/2023,188,Approved,no,no
11/20/2023,182,Approved,no,no
11/21/2023,169,Approved,no,no
11/22/2023,175,Approved,no,no
11/23/2023,175,Approved,no,no
11/24/2023,185,Approved,no,no
11/25/2023,193,Approved,no,no
11/26/2023,194,Approved,no,no
11/27/2023,186,Approved,no,no
11/28/2023,169,Approved,no,no
11/29/2023,156,Approved,no,no
11/30/2023,155,Approved,no,no
12/1/2023,164,Approved,no,no
12/2/2023,186,Approved,no,no
12/3/2023,186,Approved,no,no
12/4/2023,191,Approved,no,no
12/5/2023,193,Approved,no,no
12/6/2023,195,Approved,no,no
12/7/2023,191,Approved,no,no
12/8/2023,191,Approved,no,no
12/9/2023,190,Approved,no,no
12/10/2023,189,Approved,no,no
12/11/2023,192,Approved,no,no
12/12/2023,184,Approved,no,no
12/13/2023,172,Approved,no,no
12/14/2023,174,Approved,no,no
12/15/2023,172,Approved,no,no
12/16/2023,174,Approved,no,no
12/17/2023,174,Approved,no,no
12/18/2023,174,Approved,no,no
12/19/2023,163,Approved,no,no
12/20/2023,149,Approved,no,no
12/21/2023,149,Approved,no,no
12/22/2023,160,Approved,no,no
12/23/2023,172,Approved,no,no
12/24/2023,172,Approved,no,no
12/25/2023,173,Approved,no,no
12/26/2023,174,Approved,no,no
12/27/2023,177,Approved,no,no
12/28/2023,171,Approved,no,no
12/29/2023,174,Approved,no,no
12/30/2023,172,Approved,no,no
12/31/2023,171,Approved,no,no
1/1/2024,172,Approved,no,no
1/2/2024,172,Approved,no,no
1/3/2024,176,Approved,no,no
1/4/2024,173,Approved,no,no
1/5/2024,175,Approved,no,no
1/6/2024,175,Approved,no,no
1/7/2024,173,Approved,no,no
1/8/2024,167,Approved,no,no
1/9/2024,162,Approved,no,no
1/10/2024,151,Approved,no,no
1/11/2024,151,Approved,no,no
1/12/2024,151,Approved,no,no
1/13/2024,153,Approved,no,no
1/14/2024,151,Approved,no,no
1/15/2024,152,Approved,no,no
1/16/2024,159,Approved,no,no
1/17/2024,177,Approved,no,no
1/18/2024,179,Approved,no,no
1/19/2024,184,Approved,no,no
1/20/2024,206,Approved,no,no
1/21/2024,207,Approved,no,no
1/22/2024,207,Approved,no,no
1/23/2024,215,Approved,no,no
1/24/2024,228,Approved,no,no
1/25/2024,226,Approved,no,no
1/26/2024,230,Approved,no,no
1/27/2024,231,Approved,no,no
1/28/2024,232,Approved,no,no
1/29/2024,232,Approved,no,no
1/30/2024,232,Approved,no,no
1/31/2024,228,Approved,no,no
2/1/2024,227,Approved,no,no
2/2/2024,228,Approved,no,no
2/3/2024,231,Approved,no,no
2/4/2024,234,Approved,no,no
2/5/2024,232,Approved,no,no
2/6/2024,232,Approved,no,no
2/7/2024,229,Approved,no,no
2/8/2024,231,Approved,no,no
2/9/2024,229,Approved,no,no
2/10/2024,231,Approved,no,no
2/11/2024,228,Approved,no,no
2/12/2024,229,Approved,no,no
2/13/2024,227,Approved,no,no
2/14/2024,226,Approved,no,no
2/15/2024,226,Approved,no,no
2/16/2024,229,Approved,no,no
2/17/2024,228,Approved,no,no
2/18/2024,228,Approved,no,no
2/19/2024,229,Approved,no,no
2/20/2024,229,Approved,no,no
2/21/2024,228,Approved,no,no
2/22/2024,227,Approved,no,no
2/23/2024,227,Approved,no,no
2/24/2024,227,Approved,no,no
2/25/2024,228,Approved,no,no
2/26/2024,236,Approved,no,no
2/27/2024,237,Approved,no,no
2/28/2024,234,Approved,no,no
2/29/2024,223,Approved,no,no
3/1/2024,206,Approved,no,no
3/2/2024,205,Approved,no,no
3/3/2024,201,Approved,no,no
3/4/2024,204,Approved,no,no
3/5/2024,202,Approved,no,no
3/6/2024,206,Approved,no,no
3/7/2024,207,Approved,no,no
3/8/2024,202,Approved,no,no
3/9/2024,202,Approved,no,no
3/10/2024,200,Approved,no,no
3/11/2024,207,Approved,no,no
3/12/2024,205,Approved,no,no
3/13/2024,213,Approved,no,no
3/14/2024,207,Approved,no,no
3/15/2024,209,Approved,no,no
3/16/2024,209,Approved,no,no
3/17/2024,208,Approved,no,no
3/18/2024,208,Approved,no,no
3/19/2024,207,Approved,no,no
3/20/2024,207,Approved,no,no
3/21/2024,206,Approved,no,no
3/22/2024,206,Approved,no,no
3/23/2024,208,Approved,no,no
3/24/2024,206,Approved,no,no
3/25/2024,212,Approved,no,no
3/26/2024,217,Approved,no,no
3/27/2024,220,Approved,no,no
3/28/2024,228,Approved,no,no
3/29/2024,228,Approved,no,no
3/30/2024,230,Approved,no,no
3/31/2024,227,Approved,no,no
4/1/2024,231,Approved,no,no
4/2/2024,228,Approved,no,no
4/3/2024,230,Approved,no,no
4/4/2024,229,Approved,no,no
4/5/2024,232,Approved,no,no
4/6/2024,244,Approved,no,no
4/7/2024,324,Approved,no,no
4/8/2024,389,Approved,no,no
4/9/2024,388,Approved,no,no
4/10/2024,297,Approved,no,no
4/11/2024,260,Approved,no,no
4/12/2024,259,Approved,no,no
4/13/2024,256,Approved,no,no
4/14/2024,258,Approved,no,no
4/15/2024,255,Approved,no,no
4/16/2024,252,Approved,no,no
4/17/2024,253,Approved,no,no
4/18/2024,255,Approved,no,no
4/19/2024,242,Approved,no,no
4/20/2024,182,Approved,no,no
4/21/2024,180,Approved,no,no
4/22/2024,182,Approved,no,no
4/23/2024,182,Approved,no,no
4/24/2024,178,Approved,no,no
4/25/2024,178,Approved,no,no
4/26/2024,177,Approved,no,no
4/27/2024,180,Approved,no,no
4/28/2024,185,Approved,no,no
4/29/2024,186,Approved,no,no
4/30/2024,187,Approved,no,no
5/1/2024,184,Approved,no,no
5/2/2024,183,Approved,no,no
5/3/2024,178,Approved,no,no
5/4/2024,180,Approved,no,no
5/5/2024,178,Approved,no,no
5/6/2024,186,Approved,no,no
5/7/2024,185,Approved,no,no
5/8/2024,187,Approved,no,no
5/9/2024,233,Approved,no,no
5/10/2024,257,Approved,no,no
5/11/2024,260,Approved,no,no
5/12/2024,263,Approved,no,no
5/13/2024,264,Approved,yes,no
5/14/2024,264,Approved,yes,no
5/15/2024,264,Approved,yes,no
5/16/2024,257,Approved,yes,no
5/17/2024,254,Approved,yes,no
5/18/2024,253,Approved,no,no
5/19/2024,256,Approved,no,no
5/20/2024,268,Approved,no,no
5/21/2024,284,Approved,no,no
5/22/2024,363,Approved,no,no
5/23/2024,359,Approved,no,no
5/24/2024,399,Approved,no,no
5/25/2024,407,Approved,no,no
5/26/2024,412,Approved,no,no
5/27/2024,424,Approved,no,no
5/28/2024,409,Approved,no,no
5/29/2024,404,Approved,no,no
5/30/2024,409,Approved,no,no
5/31/2024,422,Approved,no,no
6/1/2024,431,Approved,no,no
6/2/2024,421,Approved,no,no
6/3/2024,431,Approved,no,no
6/4/2024,698,Approved,no,no
6/5/2024,957,Approved,no,no
6/6/2024,1530,Approved,no,no
6/7/2024,1570,Approved,no,no
6/8/2024,1580,Approved,no,no
6/9/2024,1590,Approved,no,no
6/10/2024,1590,Approved,no,no
6/11/2024,1580,Approved,no,no
6/12/2024,1580,Approved,no,no
6/13/2024,1580,Approved,no,no
6/14/2024,1570,Approved,no,no
6/15/2024,1580,Approved,no,no
6/16/2024,1580,Approved,no,no
6/17/2024,1530,Approved,no,no
6/18/2024,1160,Approved,no,no
6/19/2024,1050,Approved,no,no
6/20/2024,1000,Approved,no,no
6/21/2024,1010,Approved,no,no
6/22/2024,1100,Approved,no,no
6/23/2024,1370,Approved,no,no
6/24/2024,1500,Approved,no,no
6/25/2024,1500,Approved,no,no
6/26/2024,1460,Approved,no,no
6/27/2024,1200,Approved,no,no
6/28/2024,1190,Approved,no,no
6/29/2024,1280,Approved,no,no
6/30/2024,1470,Approved,no,no
7/1/2024,1600,Approved,no,no
7/2/2024,2000,Approved,no,no
7/3/2024,1870,Approved,no,no
7/4/2024,1370,Approved,no,no
7/5/2024,1140,Approved,no,no
7/6/2024,1100,Approved,no,no
7/7/2024,1090,Approved,no,no
7/8/2024,1020,Approved,no,no
7/9/2024,927,Approved,no,no
7/10/2024,842,Approved,no,no
7/11/2024,847,Approved,no,no
7/12/2024,833,Approved,no,no
7/13/2024,834,Approved,no,no
7/14/2024,833,Approved,no,no
7/15/2024,744,Approved,no,no
7/16/2024,731,Approved,no,no
7/17/2024,743,Approved,no,no
7/18/2024,773,Approved,no,no
7/19/2024,765,Approved,no,no
7/20/2024,703,Approved,no,no
7/21/2024,604,Approved,no,no
7/22/2024,501,Approved,no,no
7/23/2024,372,Approved,no,no
7/24/2024,289,Approved,yes,yes
7/25/2024,352,Approved,no,no
7/26/2024,411,Approved,no,no
7/27/2024,386,Approved,no,no
7/28/2024,389,Approved,no,no
7/29/2024,360,Approved,yes,no
7/30/2024,347,Approved,yes,no
7/31/2024,348,Approved,yes,no
8/1/2024,372,Approved,yes,no
8/2/2024,405,Approved,yes,no
8/3/2024,424,Approved,no,no
8/4/2024,442,Approved,no,no
8/5/2024,441,Approved,no,no
8/6/2024,422,Approved,no,no
8/7/2024,358,Approved,no,no
8/8/2024,343,Approved,no,no
8/9/2024,277,Approved,no,no
8/10/2024,217,Approved,no,no
8/11/2024,216,Approved,no,no
8/12/2024,216,Approved,no,no
8/13/2024,218,Approved,yes,yes
8/14/2024,268,Approved,no,no
8/15/2024,315,Approved,no,no
8/16/2024,326,Approved,no,no
8/17/2024,325,Approved,no,no
8/18/2024,310,Approved,no,no
8/19/2024,343,Approved,no,no
8/20/2024,389,Approved,no,no
8/21/2024,367,Approved,no,no
8/22/2024,356,Approved,no,no
8/23/2024,372,Approved,no,no
8/24/2024,354,Approved,no,no
8/25/2024,337,Approved,no,no
8/26/2024,358,Approved,no,no
8/27/2024,356,Approved,no,no
8/28/2024,368,Approved,no,no
8/29/2024,406,Approved,no,no
8/30/2024,396,Approved,no,no
8/31/2024,396,Approved,no,no
9/1/2024,414,Approved,no,no
9/2/2024,398,Approved,no,no
9/3/2024,419,Approved,no,no
9/4/2024,512,Approved,no,no
9/5/2024,772,Approved,no,no
9/6/2024,899,Approved,no,no
9/7/2024,859,Approved,no,no
9/8/2024,879,Approved,no,no
9/9/2024,894,Approved,no,no
9/10/2024,890,Approved,no,no
9/11/2024,917,Approved,no,no
9/12/2024,941,Approved,no,no
9/13/2024,944,Approved,no,no
9/14/2024,909,Approved,no,no
9/15/2024,880,Approved,no,no
9/16/2024,860,Approved,no,no
9/17/2024,863,Approved,no,no
9/18/2024,941,Approved,no,no
9/19/2024,975,Approved,no,no
9/20/2024,869,Approved,no,no
9/21/2024,897,Approved,no,no
9/22/2024,982,Approved,no,no
9/23/2024,958,Approved,no,no
9/24/2024,983,Approved,no,no
9/25/2024,1010,Approved,no,no
9/26/2024,1060,Approved,yes,yes
9/27/2024,1060,Approved,no,no
9/28/2024,1060,Approved,no,no
9/29/2024,1060,Approved,no,no
9/30/2024,1060,Approved,no,no
10/1/2024,1080,Approved,no,no
10/2/2024,1020,Approved,no,no
10/3/2024,859,Approved,no,no
10/4/2024,865,Approved,no,no
10/5/2024,862,Approved,no,no
10/6/2024,885,Approved,no,no
10/7/2024,932,Approved,no,no
10/8/2024,956,Approved,no,no
10/9/2024,921,Approved,no,no
10/10/2024,823,Approved,no,no
10/11/2024,734,Approved,no,no
10/12/2024,704,Approved,no,no
10/13/2024,703,Approved,no,no
10/14/2024,684,Approved,no,no
10/15/2024,668,Approved,no,no
10/16/2024,662,Approved,no,no
10/17/2024,660,Approved,no,no
10/18/2024,653,Approved,no,no
10/19/2024,635,Approved,no,no
10/20/2024,644,Approved,no,no
10/21/2024,595,Approved,no,no
10/22/2024,640,Approved,no,no
10/23/2024,700,Approved,no,no
10/24/2024,680,Approved,no,no
10/25/2024,655,Approved,no,no
10/26/2024,644,Approved,yes,yes
10/27/2024,656,Approved,no,no
10/28/2024,653,Approved,no,no
10/29/2024,653,Approved,no,no
10/30/2024,655,Approved,no,no
10/31/2024,654,Approved,no,no
11/1/2024,442,Approved,no,no
11/2/2024,368,Approved,no,no
11/3/2024,311,Approved,no,no
11/4/2024,281,Approved,no,no
11/5/2024,281,Approved,no,no
11/6/2024,281,Approved,no,no
11/7/2024,262,Approved,no,no
11/8/2024,226,Approved,no,no
11/9/2024,231,Approved,no,no
11/10/2024,231,Approved,no,no
11/11/2024,229,Approved,no,no
11/12/2024,227,Approved,no,no
11/13/2024,228,Approved,no,no
11/14/2024,229,Approved,yes,yes
11/15/2024,224,Approved,no,no
11/16/2024,237,Approved,no,no
11/17/2024,243,Approved,no,no
11/18/2024,249,Approved,no,no
11/19/2024,242,Approved,no,no
11/20/2024,215,Approved,no,no
11/21/2024,209,Approved,no,no
11/22/2024,214,Approved,no,no
11/23/2024,209,Approved,no,no
11/24/2024,207,Approved,no,no
11/25/2024,201,Approved,no,no
11/26/2024,200,Approved,no,no
11/27/2024,198,Approved,no,no
11/28/2024,190,Approved,no,no
11/29/2024,209,Approved,no,no
11/30/2024,220,Approved,no,no
12/1/2024,220,Approved,no,no
12/2/2024,218,Approved,no,no
12/3/2024,220,Approved,no,no
12/4/2024,218,Approved,no,no
12/5/2024,218,Approved,no,no
12/6/2024,215,Approved,no,no
12/7/2024,197,Approved,no,no
12/8/2024,167,Approved,no,no
12/9/2024,149,Approved,no,no
12/10/2024,154,Approved,no,no
12/11/2024,149,Approved,no,no
12/12/2024,154,Approved,no,no
12/13/2024,154,Approved,no,no
12/14/2024,136,Approved,no,no
12/15/2024,129,Approved,no,no
12/16/2024,125,Approved,no,no
12/17/2024,127,Approved,no,no
12/18/2024,125,Approved,no,no
12/19/2024,124,Approved,no,no
12/20/2024,128,Approved,no,no
12/21/2024,144,Approved,no,no
12/22/2024,151,Approved,no,no
12/23/2024,152,Approved,no,no
12/24/2024,153,Approved,no,no
12/25/2024,154,Approved,no,no
12/26/2024,151,Approved,no,no
12/27/2024,149,Approved,no,no
12/28/2024,166,Approved,no,no
12/29/2024,175,Approved,no,no
12/30/2024,189,Approved,no,no
12/31/2024,193,Approved,no,no
1/1/2025,191,Approved,no,no
1/2/2025,191,Approved,no,no
1/3/2025,190,Approved,no,no
1/4/2025,198,Approved,no,no
1/5/2025,198,Approved,no,no
1/6/2025,204,Approved,no,no
1/7/2025,199,Approved,no,no
1/8/2025,195,Approved,no,no
1/9/2025,200,Approved,no,no
1/10/2025,197,Approved,no,no
1/11/2025,198,Approved,no,no
1/12/2025,195,Approved,no,no
1/13/2025,190,Approved,no,no
1/14/2025,195,Approved,no,no
1/15/2025,198,Approved,no,no
1/16/2025,198,Approved,yes,yes
1/17/2025,193,Approved,no,no
1/18/2025,176,Approved,no,no
1/19/2025,168,Approved,no,no
1/20/2025,159,Approved,no,no
1/21/2025,157,Approved,no,no
1/22/2025,135,Approved,no,no
1/23/2025,135,Approved,no,no
1/24/2025,138,Approved,no,no
1/25/2025,140,Approved,no,no
1/26/2025,134,Approved,no,no
1/27/2025,156,Approved,no,no
1/28/2025,164,Approved,no,no
1/29/2025,166,Approved,no,no
1/30/2025,165,Approved,no,no
1/31/2025,159,Approved,no,no
2/1/2025,153,Approved,no,no
2/2/2025,158,Approved,no,no
2/3/2025,162,Approved,no,no
2/4/2025,179,Approved,no,no
2/5/2025,188,Approved,no,no
2/6/2025,193,Approved,no,no
2/7/2025,192,Approved,no,no
2/8/2025,190,Approved,no,no
2/9/2025,187,Approved,no,no
2/10/2025,186,Approved,no,no
2/11/2025,193,Approved,no,no
2/12/2025,188,Approved,no,no
2/13/2025,187,Approved,no,no
2/14/2025,186,Approved,no,no
2/15/2025,188,Approved,no,no
2/16/2025,186,Approved,no,no
2/17/2025,207,Approved,no,no
2/18/2025,218,Approved,no,no
2/19/2025,215,Approved,no,no
2/20/2025,213,Approved,no,no
2/21/2025,213,Approved,no,no
2/22/2025,215,Approved,no,no
2/23/2025,215,Approved,no,no
2/24/2025,215,Approved,no,no
2/25/2025,217,Approved,no,no
2/26/2025,218,Approved,no,no
2/27/2025,200,Approved,no,no
2/28/2025,165,Approved,no,no
3/1/2025,168,Approved,no,no
3/2/2025,169,Approved,no,no
3/3/2025,170,Approved,no,no
3/4/2025,169,Approved,no,no
3/5/2025,171,Approved,no,no
3/6/2025,169,Approved,no,no
3/7/2025,184,Approved,no,no
3/8/2025,192,Approved,no,no
3/9/2025,189,Approved,no,no
3/10/2025,190,Approved,no,no
3/11/2025,187,Approved,yes,yes
3/12/2025,186,Approved,no,no
3/13/2025,184,Approved,no,no
3/14/2025,186,Approved,no,no
3/15/2025,185,Approved,no,no
3/16/2025,185,Approved,no,no
3/17/2025,183,Approved,no,no
3/18/2025,210,Approved,no,no
3/19/2025,224,Approved,no,no
3/20/2025,225,Approved,no,no
3/21/2025,222,Approved,no,no
3/22/2025,212,Approved,no,no
3/23/2025,210,Approved,no,no
3/24/2025,210,Approved,no,no
3/25/2025,211,Approved,no,no
3/26/2025,211,Approved,no,no
3/27/2025,213,Approved,no,no
3/28/2025,233,Approved,no,no
3/29/2025,264,Approved,no,no
3/30/2025,272,Approved,no,no
3/31/2025,303,Approved,no,no
4/1/2025,357,Approved,no,no
4/2/2025,402,Approved,no,no
4/3/2025,396,Approved,no,no
4/4/2025,452,Approved,no,no
4/5/2025,610,Approved,no,no
4/6/2025,726,Approved,no,no
4/7/2025,745,Approved,no,no
4/8/2025,747,Approved,no,no
4/9/2025,700,Approved,no,no
4/10/2025,570,Approved,no,no
4/11/2025,426,Approved,no,no
4/12/2025,319,Approved,no,no
4/13/2025,309,Approved,no,no
4/14/2025,385,Approved,no,no
4/15/2025,402,Approved,no,no
4/16/2025,397,Approved,no,no
4/17/2025,399,Approved,no,no
4/18/2025,400,Approved,no,no
4/19/2025,475,Approved,no,no
4/20/2025,542,Approved,no,no
4/21/2025,509,Approved,no,no
4/22/2025,338,Approved,no,no
4/23/2025,164,Approved,no,no
4/24/2025,147,Approved,no,no
4/25/2025,144,Approved,no,no
4/26/2025,148,Approved,no,no
4/27/2025,150,Approved,no,no
4/28/2025,145,Approved,no,no
4/29/2025,215,Approved,no,no
4/30/2025,296,Approved,no,no
5/1/2025,248,Approved,no,no
5/2/2025,123,Approved,no,no
5/3/2025,111,Approved,no,no
5/4/2025,105,Approved,no,no
5/5/2025,102,Approved,no,no
5/6/2025,99.4,Approved,no,no
5/7/2025,99.9,Approved,no,no
5/8/2025,101,Approved,no,no
5/9/2025,103,Approved,no,no
5/10/2025,101,Approved,no,no
5/11/2025,101,Approved,no,no
5/12/2025,102,Approved,no,no
5/13/2025,103,Approved,no,no
5/14/2025,102,Approved,no,no
5/15/2025,100,Approved,no,no
5/16/2025,102,Approved,no,no
5/17/2025,105,Approved,no,no
5/18/2025,106,Approved,no,no
5/19/2025,107,Approved,yes,yes
5/20/2025,107,Approved,yes,yes
5/21/2025,80.7,Approved,yes,yes
5/22/2025,61.3,Approved,yes,yes
5/23/2025,60.9,Approved,yes,yes
5/24/2025,60.9,Approved,no,no
5/25/2025,60.9,Approved,no,no
5/26/2025,61.1,Approved,no,no
5/27/2025,60.8,Approved,no,no
5/28/2025,61,Approved,no,no
5/29/2025,61.2,Approved,no,no
5/30/2025,61,Approved,no,no
5/31/2025,61.4,Approved,no,no
6/1/2025,61.4,Approved,no,no
6/2/2025,61.5,Approved,no,no
6/3/2025,61.5,Approved,no,no
6/4/2025,61.6,Approved,no,no
6/5/2025,61.9,Approved,no,no
6/6/2025,62.2,Approved,no,no
6/7/2025,62.2,Approved,no,no
6/8/2025,62.2,Approved,no,no
6/9/2025,62.1,Approved,no,no
6/10/2025,78.8,Approved,yes,yes
6/11/2025,85.3,Approved,no,no
6/12/2025,85.6,Approved,no,no
6/13/2025,85.9,Approved,no,no
6/14/2025,86.1,Approved,no,no
6/15/2025,86.1,Approved,no,no
6/16/2025,86.2,Approved,no,no
6/17/2025,86.4,Approved,no,no
6/18/2025,86.7,Approved,yes,no
6/19/2025,86.7,Approved,no,no
6/20/2025,87,Approved,no,no
6/21/2025,87,Approved,no,no
6/22/2025,87.2,Approved,no,no
6/23/2025,87.6,Approved,no,no
6/24/2025,88,Approved,no,no
6/25/2025,88,Approved,no,no
6/26/2025,88.2,Approved,no,no
6/27/2025,88.5,Approved,no,no
6/28/2025,88.6,Approved,no,no
6/29/2025,88.8,Approved,no,no
6/30/2025,88.8,Approved,no,no
7/1/2025,99,Approved,no,no
7/2/2025,111,Approved,no,no
7/3/2025,146,Approved,no,no
7/4/2025,153,Approved,no,no
7/5/2025,158,Approved,no,no
7/6/2025,173,Approved,no,no
7/7/2025,185,Approved,no,no
7/8/2025,191,Approved,no,no
7/9/2025,191,Approved,no,no
7/10/2025,254,Approved,no,no
7/11/2025,357,Approved,no,no
7/12/2025,392,Approved,no,no
7/13/2025,443,Approved,no,no
7/14/2025,509,Approved,no,no
7/15/2025,547,Approved,no,no
7/16/2025,601,Approved,no,no
7/17/2025,628,Approved,no,no
7/18/2025,628,Approved,no,no
7/19/2025,625,Approved,no,no
7/20/2025,655,Approved,no,no
7/21/2025,701,Approved,no,no
7/22/2025,760,Approved,no,no
7/23/2025,794,Approved,no,no
7/24/2025,793,Approved,no,no
7/25/2025,823,Approved,no,no
7/26/2025,847,Approved,no,no
7/27/2025,852,Approved,no,no
7/28/2025,849,Approved,no,no
7/29/2025,843,Approved,no,no
7/30/2025,824,Approved,yes,yes
7/31/2025,775,Approved,no,no
8/1/2025,808,Approved,no,no
8/2/2025,767,Approved,no,no
8/3/2025,667,Approved,no,no
8/4/2025,658,Approved,no,no
8/5/2025,713,Approved,no,no
8/6/2025,768,Approved,no,no
8/7/2025,811,Approved,no,no
8/8/2025,838,Approved,no,no
8/9/2025,806,Approved,no,no
8/10/2025,770,Approved,no,no
8/11/2025,801,Approved,no,no
8/12/2025,853,Approved,no,no
8/13/2025,863,Approved,no,no
8/14/2025,833,Approved,no,no
8/15/2025,823,Approved,no,no
8/16/2025,801,Approved,no,no
8/17/2025,771,Approved,no,no
8/18/2025,773,Approved,no,no
8/19/2025,790,Approved,no,no
8/20/2025,776,Approved,no,no
8/21/2025,700,Approved,no,no
8/22/2025,672,Approved,no,no
8/23/2025,659,Approved,no,no
8/24/2025,559,Approved,no,no
8/25/2025,400,Approved,no,no
8/26/2025,284,Approved,no,no
8/27/2025,196,Approved,yes,yes
8/28/2025,124,Approved,no,no
8/29/2025,104,Approved,no,no
8/30/2025,106,Approved,no,no
8/31/2025,109,Approved,no,no
9/1/2025,110,Approved,no,no
9/2/2025,132,Approved,no,no
9/3/2025,202,Approved,no,no
9/4/2025,287,Approved,no,no
9/5/2025,347,Approved,no,no
9/6/2025,354,Approved,no,no
9/7/2025,360,Approved,no,no
9/8/2025,350,Approved,no,no
9/9/2025,352,Approved,no,no
9/10/2025,330,Approved,no,no
9/11/2025,342,Approved,no,no
9/12/2025,344,Approved,no,no
9/13/2025,340,Approved,no,no
9/14/2025,350,Approved,no,no
9/15/2025,309,Approved,no,no
9/16/2025,326,Approved,no,no
9/17/2025,385,Approved,no,no
9/18/2025,434,Approved,no,no
9/19/2025,503,Approved,no,no
9/20/2025,621,Approved,no,no
9/21/2025,621,Approved,no,no
9/22/2025,626,Approved,no,no
9/23/2025,624,Approved,yes,yes
9/24/2025,594,Approved,no,no
9/25/2025,614,Approved,no,no
9/26/2025,684,Approved,no,no
9/27/2025,726,Approved,no,no
9/28/2025,734,Approved,no,no
9/29/2025,720,Approved,no,no
9/30/2025,703,Approved,no,no
10/1/2025,701,Approved,no,no
10/2/2025,727,Approved,no,no
10/3/2025,746,Approved,no,no
10/4/2025,782,Approved,no,no
10/5/2025,789,Approved,no,no
10/6/2025,750,Approved,no,no
10/7/2025,695,Approved,no,no
10/8/2025,621,Approved,no,no
10/9/2025,473,Approved,no,no
10/10/2025,406,Approved,no,no
10/11/2025,389,Approved,no,no
10/12/2025,330,Approved,no,no
10/13/2025,330,Approved,no,no
10/14/2025,340,Approved,no,no
10/15/2025,358,Approved,no,no
10/16/2025,397,Approved,no,no
10/17/2025,393,Approved,no,no
10/18/2025,362,Approved,no,no
10/19/2025,364,Approved,yes,yes
10/20/2025,342,Approved,yes,yes
10/21/2025,297,Approved,yes,yes
10/22/2025,261,Approved,yes,yes
10/23/2025,433,Approved,no,no
10/24/2025,667,Approved,no,no
10/25/2025,633,Approved,no,no
10/26/2025,675,Approved,no,no
10/27/2025,699,Approved,no,no
10/28/2025,553,Approved,no,no
10/29/2025,287,Approved,no,no
10/30/2025,239,Approved,no,no
10/31/2025,197,Approved,no,no
11/1/2025,190,Approved,no,no
11/2/2025,180,Approved,no,no
11/3/2025,181,Approved,no,no
11/4/2025,172,Approved,no,no
11/5/2025,147,Approved,no,no
11/6/2025,146,Approved,no,no
11/7/2025,145,Approved,no,no
11/8/2025,146,Approved,no,no
11/9/2025,150,Approved,no,no
11/10/2025,145,Approved,no,no
11/11/2025,145,Approved,no,no
11/12/2025,144,Approved,no,no
11/13/2025,150,Approved,no,no
11/14/2025,161,Approved,yes,yes
11/15/2025,159,Approved,no,no
11/16/2025,177,Approved,no,no
11/17/2025,206,Approved,no,no
11/18/2025,226,Approved,no,no
11/19/2025,208,Approved,no,no
11/20/2025,185,Approved,no,no
11/21/2025,173,Approved,no,no
11/22/2025,156,Approved,no,no
11/23/2025,157,Approved,no,no
11/24/2025,156,Approved,no,no
11/25/2025,151,Approved,no,no
11/26/2025,144,Approved,no,no
11/27/2025,146,Approved,no,no
11/28/2025,146,Approved,no,no
11/29/2025,147,Approved,no,no
11/30/2025,145,Approved,no,no
12/1/2025,149,Approved,no,no
12/2/2025,145,Approved,no,no
12/3/2025,133,Approved,no,no
12/4/2025,121,Approved,no,no
12/5/2025,119,Approved,no,no
12/6/2025,122,Approved,no,no
12/7/2025,120,Approved,no,no
12/8/2025,119,Approved,no,no
12/9/2025,118,Approved,no,no
12/10/2025,128,Approved,no,no
12/11/2025,143,Approved,no,no
12/12/2025,141,Approved,no,no
12/13/2025,138,Approved,no,no
12/14/2025,138,Approved,no,no
12/15/2025,138,Approved,yes,yes
12/16/2025,139,Approved,no,no
12/17/2025,141,Approved,no,no
12/18/2025,146,Approved,no,no
12/19/2025,160,Approved,no,no
12/20/2025,161,Approved,no,no
12/21/2025,150,Approved,no,no
12/22/2025,140,Approved,no,no
12/23/2025,148,Approved,no,no
12/24/2025,145,Approved,no,no
12/25/2025,144,Approved,no,no
12/26/2025,145,Approved,no,no
12/27/2025,135,Approved,no,no
12/28/2025,124,Approved,no,no
12/29/2025,128,Approved,no,no
12/30/2025,120,Approved,no,no
12/31/2025,107,Approved,no,no
1/1/2026,113,Approved,no,no
1/2/2026,132,Approved,no,no
1/3/2026,154,Approved,no,no
1/4/2026,147,Approved,no,no
1/5/2026,148,Approved,no,no
1/6/2026,162,Approved,no,no
1/7/2026,182,Provisional,no,no
1/8/2026,181,Provisional,no,no
1/9/2026,183,Provisional,no,no
1/10/2026,184,Provisional,no,no
1/11/2026,187,Provisional,no,no
1/12/2026,162,Provisional,no,no
1/13/2026,132,Provisional,no,no
1/14/2026,134,Provisional,no,no
1/15/2026,134,Provisional,no,no
1/16/2026,135,Provisional,no,no
1/17/2026,133,Provisional,no,no
1/18/2026,134,Provisional,no,no
1/19/2026,128,Provisional,no,no
1/20/2026,130,Provisional,no,no
1/21/2026,128,Provisional,no,no
1/22/2026,128,Provisional,no,no
1/23/2026,129,Provisional,no,no
1/24/2026,129,Provisional,no,no
1/25/2026,130,Provisional,no,no
1/26/2026,129,Provisional,no,no
1/27/2026,130,Provisional,no,no
1/28/2026,128,Provisional,no,no
1/29/2026,136,Provisional,no,no
1/30/2026,145,Provisional,no,no
1/31/2026,150,Provisional,no,no
2/1/2026,151,Provisional,no,no
2/2/2026,154,Provisional,no,no
2/3/2026,154,Provisional,no,no
2/4/2026,163,Provisional,no,no
2/5/2026,167,Provisional,no,no
2/6/2026,171,Provisional,no,no
2/7/2026,174,Provisional,no,no
2/8/2026,175,Provisional,no,no
2/9/2026,156,Provisional,no,no
2/10/2026,140,Provisional,no,no
2/11/2026,136,Provisional,no,no
2/12/2026,139,Provisional,no,no
2/13/2026,143,Provisional,no,no
2/14/2026,144,Provisional,yes,yes
2/15/2026,143,Provisional,no,no
2/16/2026,145,Provisional,no,no
2/17/2026,143,Provisional,no,no
2/18/2026,141,Provisional,no,no
2/19/2026,140,Provisional,no,no
2/20/2026,139,Provisional,no,no
2/21/2026,137,Provisional,no,no
2/22/2026,135,Provisional,no,no
2/23/2026,143,Provisional,no,no
2/24/2026,143,Provisional,no,no
2/25/2026,136,Provisional,no,no
2/26/2026,152,Provisional,no,no
2/27/2026,155,Provisional,no,no
2/28/2026,160,Provisional,no,no
3/1/2026,156,Provisional,no,no
3/2/2026,154,Provisional,no,no
3/3/2026,155,Provisional,no,no
3/4/2026,159,Provisional,no,no
3/5/2026,158,Provisional,no,no
3/6/2026,163,Provisional,no,no
3/7/2026,182,Provisional,yes,yes
3/8/2026,187,Provisional,no,no
3/9/2026,181,Provisional,no,no
3/10/2026,182,Provisional,no,no
3/11/2026,185,Provisional,no,no
3/12/2026,186,Provisional,no,no
3/13/2026,184,Provisional,no,no
3/14/2026,185,Provisional,no,no
3/15/2026,186,Provisional,no,no
3/16/2026,185,Provisional,no,no
3/17/2026,186,Provisional,no,no
3/18/2026,143,Provisional,no,no
3/19/2026,71.1,Provisional,no,no
3/20/2026,60.6,Provisional,no,no
3/21/2026,60.7,Provisional,no,no
3/22/2026,60.6,Provisional,no,no
3/23/2026,60.6,Provisional,no,no
3/24/2026,60.6,Provisional,no,no
3/25/2026,206,Provisional,no,no
3/26/2026,392,Provisional,no,no
3/27/2026,403,Provisional,no,no
3/28/2026,400,Provisional,no,no
3/29/2026,403,Provisional,no,no
3/30/2026,378,Provisional,no,no
3/31/2026,188,Provisional,no,no
4/1/2026,62.5,Provisional,no,no
4/2/2026,62.2,Provisional,no,no
4/3/2026,62.2,Provisional,no,no
4/4/2026,62,Provisional,no,no
4/5/2026,61.9,Provisional,no,no
4/6/2026,61.5,Provisional,no,no
4/7/2026,73.7,Provisional,no,no
4/8/2026,115,Provisional,no,no
4/9/2026,222,Provisional,no,no
4/10/2026,336,Provisional,no,no
4/11/2026,371,Provisional,yes,yes
4/12/2026,375,Provisional,no,no
4/13/2026,396,Provisional,no,no
4/14/2026,471,Provisional,no,no
4/15/2026,495,Provisional,no,no
4/16/2026,497,Provisional,no,no
4/17/2026,371,Provisional,no,no
4/18/2026,99.2,Provisional,no,no
4/19/2026,127,Provisional,no,no
4/20/2026,147,Provisional,no,no
4/21/2026,157,Provisional,no,no
4/22/2026,249,Provisional,no,no
4/23/2026,436,Provisional,no,no
4/24/2026,497,Provisional,no,no
4/25/2026,508,Provisional,no,no
4/26/2026,511,Provisional,no,no
4/27/2026,487,Provisional,no,no
4/28/2026,472,Provisional,no,no
4/29/2026,485,Provisional,no,no
4/30/2026,495,Provisional,no,no
5/1/2026,482,Provisional,no,no
5/2/2026,465,Provisional,no,no
5/3/2026,444,Provisional,no,no
5/4/2026,444,Provisional,no,no
5/5/2026,445,Provisional,no,no
5/6/2026,391,Provisional,no,no
5/7/2026,207,Provisional,no,no
5/8/2026,59.8,Provisional,no,no
5/9/2026,59.7,Provisional,no,no
5/10/2026,60,Provisional,no,no
5/11/2026,60.2,Provisional,no,no
5/12/2026,60,Provisional,no,no
5/13/2026,59.5,Provisional,no,no
5/14/2026,58.3,Provisional,no,no
5/15/2026,58.5,Provisional,no,no
5/16/2026,58.7,Provisional,no,no
5/17/2026,58.7,Provisional,no,no
5/18/2026,58.7,Provisional,no,no
5/19/2026,58.7,Provisional,no,no
5/20/2026,58.7,Provisional,no,no
5/21/2026,140,Provisional,no,no
5/22/2026,284,Provisional,no,no
5/23/2026,379,Provisional,no,no
5/24/2026,370,Provisional,no,no
5/25/2026,324,Provisional,yes,yes
5/26/2026,289,Provisional,yes,yes
5/27/2026,181,Provisional,yes,yes
5/28/2026,57.6,Provisional,yes,yes
5/29/2026,56.9,Provisional,yes,yes
5/30/2026,57,Provisional,no,no
5/31/2026,57.3,Provisional,no,no
6/1/2026,57.4,Provisional,no,no
6/2/2026,57.5,Provisional,no,no
6/3/2026,57.8,Provisional,no,no
6/4/2026,57.8,Provisional,no,no
6/5/2026,57.8,Provisional,no,no
6/6/2026,71,Provisional,no,no
6/7/2026,102,Provisional,no,no
6/8/2026,195,Provisional,no,no
6/9/2026,320,Provisional,no,no
6/10/2026,407,Provisional,no,no
6/11/2026,445,Provisional,no,no
6/12/2026,500,Provisional,no,no
6/13/2026,564,Provisional,no,no
6/14/2026,594,Provisional,no,no
6/15/2026,567,Provisional,no,no
6/16/2026,561,Provisional,no,no
6/17/2026,561,Provisional,no,no
6/18/2026,563,Provisional,no,no
6/19/2026,562,Provisional,no,no
6/20/2026,561,Provisional,no,no
6/21/2026,592,Provisional,no,no
6/22/2026,626,Provisional,no,no
6/23/2026,637,Provisional,no,no
6/24/2026,645,Provisional,no,no
6/25/2026,631,Provisional,no,no
6/26/2026,607,Provisional,no,no
6/27/2026,598,Provisional,no,no
6/28/2026,596,Provisional,no,no
6/29/2026,590,Provisional,no,no
6/30/2026,567,Provisional,no,no
7/1/2026,637,Provisional,no,no
7/2/2026,739,Provisional,no,no
7/3/2026,787,Provisional,no,no
7/4/2026,819,Provisional,no,no
7/5/2026,802,Provisional,no,no
7/6/2026,675,Provisional,no,no
7/7/2026,535,Provisional,no,no
7/8/2026,654,Provisional,no,no
7/9/2026,763,Provisional,no,no
7/10/2026,665,Provisional,no,no
7/11/2026,620,Provisional,no,no
7/12/2026,603,Provisional,no,no
7/13/2026,595,Provisional,no,no
7/14/2026,505,Provisional,no,no
7/15/2026,387,Provisional,no,no
7/16/2026,348,Provisional,no,no
7/17/2026,332,Provisional,no,no
7/18/2026,307,Provisional,no,no
7/19/2026,311,Provisional,no,no
7/20/2026,321,Provisional,no,no
7/21/2026,320,Provisional,no,no
7/22/2026,322,Provisional,no,no
7/23/2026,335,Provisional,no,no
7/24/2026,347,Provisional,no,no
7/25/2026,356,Provisional,no,no
7/26/2026,345,Provisional,no,no
7/27/2026,318,Provisional,no,no
7/28/2026,314,Provisional,no,no
7/29/2026,320,Provisional,no,no
7/30/2026,331,Provisional,no,no
7/31/2026,335,Provisional,no,no
8/1/2026,324,Provisional,no,no
8/2/2026,320,Provisional,no,no
8/3/2026,307,Provisional,yes,yes
8/4/2026,287,Provisional,yes,yes
8/5/2026,276,Provisional,yes,yes
8/6/2026,274,Provisional,yes,yes
8/7/2026,281,Provisional,yes,yes
8/8/2026,282,Provisional,no,no
8/9/2026,277,Provisional,no,no
8/10/2026,272,Provisional,no,no
8/11/2026,267,Provisional,no,no
8/12/2026,257,Provisional,no,no
8/13/2026,273,Provisional,no,no
8/14/2026,291,Provisional,no,no
8/15/2026,287,Provisional,no,no
8/16/2026,286,Provisional,no,no
8/17/2026,276,Provisional,no,no
8/18/2026,259,Provisional,no,no
8/19/2026,262,Provisional,no,no
8/20/2026,257,Provisional,no,no
8/21/2026,259,Provisional,no,no
8/22/2026,257,Provisional,no,no
8/23/2026,253,Provisional,no,no