agency_cd,site_no,Date,Discharge_cfs,Qualifier
USGS,09057500,10/01/22,144,A
USGS,09057500,10/02/22,150,A
USGS,09057500,10/03/22,215,A
USGS,09057500,10/04/22,221,A
USGS,09057500,10/05/22,190,A
USGS,09057500,10/06/22,180,A
USGS,09057500,10/07/22,194,A
USGS,09057500,10/08/22,206,A
USGS,09057500,10/09/22,219,A
USGS,09057500,10/10/22,243,A
USGS,09057500,10/11/22,272,A
USGS,09057500,10/12/22,340,A
USGS,09057500,10/13/22,419,A
USGS,09057500,10/14/22,576,A
USGS,09057500,10/15/22,626,A
USGS,09057500,10/16/22,646,A
USGS,09057500,10/17/22,650,A
USGS,09057500,10/18/22,636,A
USGS,09057500,10/19/22,640,A
USGS,09057500,10/20/22,671,A
USGS,09057500,10/21/22,719,A
USGS,09057500,10/22/22,755,A
USGS,09057500,10/23/22,746,A
USGS,09057500,10/24/22,670,A
USGS,09057500,10/25/22,568,A
USGS,09057500,10/26/22,493,A
USGS,09057500,10/27/22,364,A
USGS,09057500,10/28/22,285,A
USGS,09057500,10/29/22,202,A
USGS,09057500,10/30/22,160,A
USGS,09057500,10/31/22,157,A
USGS,09057500,11/01/22,155,A
USGS,09057500,11/02/22,152,A
USGS,09057500,11/03/22,153,A
USGS,09057500,11/04/22,156,A
USGS,09057500,11/05/22,166,A
USGS,09057500,11/06/22,164,A
USGS,09057500,11/07/22,168,A
USGS,09057500,11/08/22,169,A
USGS,09057500,11/09/22,171,A
USGS,09057500,11/10/22,180,A
USGS,09057500,11/11/22,200,A
USGS,09057500,11/12/22,203,A
USGS,09057500,11/13/22,201,A
USGS,09057500,11/14/22,189,A
USGS,09057500,11/15/22,182,A
USGS,09057500,11/16/22,181,A
USGS,09057500,11/17/22,179,A
USGS,09057500,11/18/22,177,A
USGS,09057500,11/19/22,173,A
USGS,09057500,11/20/22,177,A
USGS,09057500,11/21/22,176,A
USGS,09057500,11/22/22,172,A
USGS,09057500,11/23/22,177,A
USGS,09057500,11/24/22,175,A
USGS,09057500,11/25/22,172,A
USGS,09057500,11/26/22,172,A
USGS,09057500,11/27/22,170,A
USGS,09057500,11/28/22,173,A
USGS,09057500,11/29/22,177,A
USGS,09057500,11/30/22,180,A
USGS,09057500,12/01/22,191,A
USGS,09057500,12/02/22,190,A
USGS,09057500,12/03/22,201,A
USGS,09057500,12/04/22,202,A
USGS,09057500,12/05/22,196,A
USGS,09057500,12/06/22,208,A
USGS,09057500,12/07/22,236,A
USGS,09057500,12/08/22,242,A
USGS,09057500,12/09/22,244,A
USGS,09057500,12/10/22,244,A
USGS,09057500,12/11/22,243,A
USGS,09057500,12/12/22,232,A
USGS,09057500,12/13/22,225,A
USGS,09057500,12/14/22,223,A
USGS,09057500,12/15/22,225,A
USGS,09057500,12/16/22,207,A
USGS,09057500,12/17/22,190,A
USGS,09057500,12/18/22,170,A
USGS,09057500,12/19/22,147,A
USGS,09057500,12/20/22,134,A
USGS,09057500,12/21/22,134,A
USGS,09057500,12/22/22,143,A
USGS,09057500,12/23/22,167,A
USGS,09057500,12/24/22,180,A
USGS,09057500,12/25/22,189,A
USGS,09057500,12/26/22,203,A
USGS,09057500,12/27/22,206,A
USGS,09057500,12/28/22,213,A
USGS,09057500,12/29/22,222,A
USGS,09057500,12/30/22,220,A
USGS,09057500,12/31/22,223,A
USGS,09057500,01/01/23,221,A
USGS,09057500,01/02/23,221,A
USGS,09057500,01/03/23,237,A
USGS,09057500,01/04/23,266,A
USGS,09057500,01/05/23,266,A
USGS,09057500,01/06/23,268,A
USGS,09057500,01/07/23,262,A
USGS,09057500,01/08/23,262,A
USGS,09057500,01/09/23,265,A
USGS,09057500,01/10/23,257,A
USGS,09057500,01/11/23,235,A
USGS,09057500,01/12/23,235,A
USGS,09057500,01/13/23,238,A
USGS,09057500,01/14/23,219,A
USGS,09057500,01/15/23,212,A
USGS,09057500,01/16/23,213,A
USGS,09057500,01/17/23,214,A
USGS,09057500,01/18/23,214,A
USGS,09057500,01/19/23,215,A
USGS,09057500,01/20/23,232,A
USGS,09057500,01/21/23,242,A
USGS,09057500,01/22/23,246,A
USGS,09057500,01/23/23,246,A
USGS,09057500,01/24/23,223,A
USGS,09057500,01/25/23,205,A
USGS,09057500,01/26/23,200,A
USGS,09057500,01/27/23,182,A
USGS,09057500,01/28/23,182,A
USGS,09057500,01/29/23,181,A
USGS,09057500,01/30/23,181,A
USGS,09057500,01/31/23,191,A
USGS,09057500,02/01/23,209,A
USGS,09057500,02/02/23,211,A
USGS,09057500,02/03/23,213,A
USGS,09057500,02/04/23,219,A
USGS,09057500,02/05/23,216,A
USGS,09057500,02/06/23,213,A
USGS,09057500,02/07/23,212,A
USGS,09057500,02/08/23,211,A
USGS,09057500,02/09/23,213,A
USGS,09057500,02/10/23,211,A
USGS,09057500,02/11/23,210,A
USGS,09057500,02/12/23,211,A
USGS,09057500,02/13/23,200,A
USGS,09057500,02/14/23,197,A
USGS,09057500,02/15/23,193,A
USGS,09057500,02/16/23,193,A
USGS,09057500,02/17/23,192,A
USGS,09057500,02/18/23,182,A
USGS,09057500,02/19/23,171,A
USGS,09057500,02/20/23,171,A
USGS,09057500,02/21/23,172,A
USGS,09057500,02/22/23,174,A
USGS,09057500,02/23/23,176,A
USGS,09057500,02/24/23,181,A
USGS,09057500,02/25/23,191,A
USGS,09057500,02/26/23,190,A
USGS,09057500,02/27/23,194,A
USGS,09057500,02/28/23,217,A
USGS,09057500,03/01/23,213,A
USGS,09057500,03/02/23,211,A
USGS,09057500,03/03/23,208,A
USGS,09057500,03/04/23,207,A
USGS,09057500,03/05/23,209,A
USGS,09057500,03/06/23,213,A
USGS,09057500,03/07/23,208,A
USGS,09057500,03/08/23,200,A
USGS,09057500,03/09/23,211,A
USGS,09057500,03/10/23,208,A
USGS,09057500,03/11/23,187,A
USGS,09057500,03/12/23,184,A
USGS,09057500,03/13/23,185,A
USGS,09057500,03/14/23,169,A
USGS,09057500,03/15/23,129,A
USGS,09057500,03/16/23,105,A
USGS,09057500,03/17/23,126,A
USGS,09057500,03/18/23,169,A
USGS,09057500,03/19/23,194,A
USGS,09057500,03/20/23,197,A
USGS,09057500,03/21/23,198,A
USGS,09057500,03/22/23,198,A
USGS,09057500,03/23/23,203,A
USGS,09057500,03/24/23,211,A
USGS,09057500,03/25/23,208,A
USGS,09057500,03/26/23,212,A
USGS,09057500,03/27/23,215,A
USGS,09057500,03/28/23,210,A
USGS,09057500,03/29/23,213,A
USGS,09057500,03/30/23,213,A
USGS,09057500,03/31/23,212,A
USGS,09057500,04/01/23,212,A
USGS,09057500,04/02/23,210,A
USGS,09057500,04/03/23,209,A
USGS,09057500,04/04/23,214,A
USGS,09057500,04/05/23,226,A
USGS,09057500,04/06/23,249,A
USGS,09057500,04/07/23,249,A
USGS,09057500,04/08/23,257,A
USGS,09057500,04/09/23,250,A
USGS,09057500,04/10/23,236,A
USGS,09057500,04/11/23,135,A
USGS,09057500,04/12/23,102,A
USGS,09057500,04/13/23,100,A
USGS,09057500,04/14/23,106,A
USGS,09057500,04/15/23,107,A
USGS,09057500,04/16/23,105,A
USGS,09057500,04/17/23,106,A
USGS,09057500,04/18/23,108,A
USGS,09057500,04/19/23,112,A
USGS,09057500,04/20/23,109,A
USGS,09057500,04/21/23,115,A
USGS,09057500,04/22/23,113,A
USGS,09057500,04/23/23,112,A
USGS,09057500,04/24/23,110,A
USGS,09057500,04/25/23,112,A
USGS,09057500,04/26/23,112,A
USGS,09057500,04/27/23,105,A
USGS,09057500,04/28/23,103,A
USGS,09057500,04/29/23,101,A
USGS,09057500,04/30/23,141,A
USGS,09057500,05/01/23,233,A
USGS,09057500,05/02/23,234,A
USGS,09057500,05/03/23,237,A
USGS,09057500,05/04/23,192,A
USGS,09057500,05/05/23,105,A
USGS,09057500,05/06/23,105,A
USGS,09057500,05/07/23,105,A
USGS,09057500,05/08/23,96.7,A
USGS,09057500,05/09/23,97.8,A
USGS,09057500,05/10/23,102,A
USGS,09057500,05/11/23,99.9,A
USGS,09057500,05/12/23,99.1,A
USGS,09057500,05/13/23,102,A
USGS,09057500,05/14/23,100,A
USGS,09057500,05/15/23,106,A
USGS,09057500,05/16/23,109,A
USGS,09057500,05/17/23,105,A
USGS,09057500,05/18/23,101,A
USGS,09057500,05/19/23,99.6,A
USGS,09057500,05/20/23,106,A
USGS,09057500,05/21/23,106,A
USGS,09057500,05/22/23,105,A
USGS,09057500,05/23/23,106,A
USGS,09057500,05/24/23,103,A
USGS,09057500,05/25/23,100,A
USGS,09057500,05/26/23,103,A
USGS,09057500,05/27/23,104,A
USGS,09057500,05/28/23,103,A
USGS,09057500,05/29/23,104,A
USGS,09057500,05/30/23,111,A
USGS,09057500,05/31/23,111,A
USGS,09057500,06/01/23,109,A
USGS,09057500,06/02/23,110,A
USGS,09057500,06/03/23,107,A
USGS,09057500,06/04/23,104,A
USGS,09057500,06/05/23,106,A
USGS,09057500,06/06/23,161,A
USGS,09057500,06/07/23,221,A
USGS,09057500,06/08/23,393,A
USGS,09057500,06/09/23,504,A
USGS,09057500,06/10/23,606,A
USGS,09057500,06/11/23,609,A
USGS,09057500,06/12/23,681,A
USGS,09057500,06/13/23,749,A
USGS,09057500,06/14/23,756,A
USGS,09057500,06/15/23,755,A
USGS,09057500,06/16/23,757,A
USGS,09057500,06/17/23,756,A
USGS,09057500,06/18/23,754,A
USGS,09057500,06/19/23,755,A
USGS,09057500,06/20/23,756,A
USGS,09057500,06/21/23,1080,A
USGS,09057500,06/22/23,1360,A
USGS,09057500,06/23/23,1350,A
USGS,09057500,06/24/23,1540,A
USGS,09057500,06/25/23,1680,A
USGS,09057500,06/26/23,1480,A
USGS,09057500,06/27/23,1460,A
USGS,09057500,06/28/23,1550,A
USGS,09057500,06/29/23,1580,A
USGS,09057500,06/30/23,1620,A
USGS,09057500,07/01/23,1440,A
USGS,09057500,07/02/23,1340,A
USGS,09057500,07/03/23,1340,A
USGS,09057500,07/04/23,1310,A
USGS,09057500,07/05/23,1320,A
USGS,09057500,07/06/23,1340,A
USGS,09057500,07/07/23,1340,A
USGS,09057500,07/08/23,1270,A
USGS,09057500,07/09/23,1160,A
USGS,09057500,07/10/23,1130,A
USGS,09057500,07/11/23,1130,A
USGS,09057500,07/12/23,1010,A
USGS,09057500,07/13/23,807,A
USGS,09057500,07/14/23,809,A
USGS,09057500,07/15/23,791,A
USGS,09057500,07/16/23,984,A
USGS,09057500,07/17/23,1130,A
USGS,09057500,07/18/23,925,A
USGS,09057500,07/19/23,716,A
USGS,09057500,07/20/23,657,A
USGS,09057500,07/21/23,832,A
USGS,09057500,07/22/23,835,A
USGS,09057500,07/23/23,735,A
USGS,09057500,07/24/23,681,A
USGS,09057500,07/25/23,686,A
USGS,09057500,07/26/23,656,A
USGS,09057500,07/27/23,613,A
USGS,09057500,07/28/23,498,A
USGS,09057500,07/29/23,459,A
USGS,09057500,07/30/23,464,A
USGS,09057500,07/31/23,457,A
USGS,09057500,08/01/23,509,A
USGS,09057500,08/02/23,790,A
USGS,09057500,08/03/23,1120,A
USGS,09057500,08/04/23,891,A
USGS,09057500,08/05/23,788,A
USGS,09057500,08/06/23,788,A
USGS,09057500,08/07/23,679,A
USGS,09057500,08/08/23,487,A
USGS,09057500,08/09/23,459,A
USGS,09057500,08/10/23,427,A
USGS,09057500,08/11/23,429,A
USGS,09057500,08/12/23,431,A
USGS,09057500,08/13/23,441,A
USGS,09057500,08/14/23,403,A
USGS,09057500,08/15/23,356,A
USGS,09057500,08/16/23,375,A
USGS,09057500,08/17/23,403,A
USGS,09057500,08/18/23,411,A
USGS,09057500,08/19/23,411,A
USGS,09057500,08/20/23,411,A
USGS,09057500,08/21/23,426,A
USGS,09057500,08/22/23,485,A
USGS,09057500,08/23/23,532,A
USGS,09057500,08/24/23,473,A
USGS,09057500,08/25/23,224,A
USGS,09057500,08/26/23,200,A
USGS,09057500,08/27/23,307,A
USGS,09057500,08/28/23,344,A
USGS,09057500,08/29/23,385,A
USGS,09057500,08/30/23,523,A
USGS,09057500,08/31/23,763,A
USGS,09057500,09/01/23,755,A
USGS,09057500,09/02/23,754,A
USGS,09057500,09/03/23,754,A
USGS,09057500,09/04/23,758,A
USGS,09057500,09/05/23,760,A
USGS,09057500,09/06/23,768,A
USGS,09057500,09/07/23,789,A
USGS,09057500,09/08/23,817,A
USGS,09057500,09/09/23,916,A
USGS,09057500,09/10/23,927,A
USGS,09057500,09/11/23,956,A
USGS,09057500,09/12/23,991,A
USGS,09057500,09/13/23,969,A
USGS,09057500,09/14/23,945,A
USGS,09057500,09/15/23,907,A
USGS,09057500,09/16/23,870,A
USGS,09057500,09/17/23,859,A
USGS,09057500,09/18/23,866,A
USGS,09057500,09/19/23,869,A
USGS,09057500,09/20/23,864,A
USGS,09057500,09/21/23,863,A
USGS,09057500,09/22/23,834,A
USGS,09057500,09/23/23,791,A
USGS,09057500,09/24/23,761,A
USGS,09057500,09/25/23,764,A
USGS,09057500,09/26/23,757,A
USGS,09057500,09/27/23,758,A
USGS,09057500,09/28/23,757,A
USGS,09057500,09/29/23,781,A
USGS,09057500,09/30/23,846,A
USGS,09057500,10/01/23,885,A
USGS,09057500,10/02/23,839,A
USGS,09057500,10/03/23,830,A
USGS,09057500,10/04/23,826,A
USGS,09057500,10/05/23,817,A
USGS,09057500,10/06/23,826,A
USGS,09057500,10/07/23,828,A
USGS,09057500,10/08/23,813,A
USGS,09057500,10/09/23,791,A
USGS,09057500,10/10/23,776,A
USGS,09057500,10/11/23,774,A
USGS,09057500,10/12/23,779,A
USGS,09057500,10/13/23,801,A
USGS,09057500,10/14/23,805,A
USGS,09057500,10/15/23,800,A
USGS,09057500,10/16/23,784,A
USGS,09057500,10/17/23,784,A
USGS,09057500,10/18/23,796,A
USGS,09057500,10/19/23,785,A
USGS,09057500,10/20/23,774,A
USGS,09057500,10/21/23,761,A
USGS,09057500,10/22/23,758,A
USGS,09057500,10/23/23,749,A
USGS,09057500,10/24/23,678,A
USGS,09057500,10/25/23,618,A
USGS,09057500,10/26/23,541,A
USGS,09057500,10/27/23,538,A
USGS,09057500,10/28/23,537,A
USGS,09057500,10/29/23,535,A
USGS,09057500,10/30/23,516,A
USGS,09057500,10/31/23,423,A
USGS,09057500,11/01/23,359,A
USGS,09057500,11/02/23,253,A
USGS,09057500,11/03/23,201,A
USGS,09057500,11/04/23,189,A
USGS,09057500,11/05/23,192,A
USGS,09057500,11/06/23,207,A
USGS,09057500,11/07/23,239,A
USGS,09057500,11/08/23,263,A
USGS,09057500,11/09/23,248,A
USGS,09057500,11/10/23,218,A
USGS,09057500,11/11/23,209,A
USGS,09057500,11/12/23,213,A
USGS,09057500,11/13/23,204,A
USGS,09057500,11/14/23,188,A
USGS,09057500,11/15/23,188,A
USGS,09057500,11/16/23,196,A
USGS,09057500,11/17/23,200,A
USGS,09057500,11/18/23,189,A
USGS,09057500,11/19/23,188,A
USGS,09057500,11/20/23,182,A
USGS,09057500,11/21/23,169,A
USGS,09057500,11/22/23,175,A
USGS,09057500,11/23/23,175,A
USGS,09057500,11/24/23,185,A
USGS,09057500,11/25/23,193,A
USGS,09057500,11/26/23,194,A
USGS,09057500,11/27/23,186,A
USGS,09057500,11/28/23,169,A
USGS,09057500,11/29/23,156,A
USGS,09057500,11/30/23,155,A
USGS,09057500,12/01/23,164,A
USGS,09057500,12/02/23,186,A
USGS,09057500,12/03/23,186,A
USGS,09057500,12/04/23,191,A
USGS,09057500,12/05/23,193,A
USGS,09057500,12/06/23,195,A
USGS,09057500,12/07/23,191,A
USGS,09057500,12/08/23,191,A
USGS,09057500,12/09/23,190,A
USGS,09057500,12/10/23,189,A
USGS,09057500,12/11/23,192,A
USGS,09057500,12/12/23,184,A
USGS,09057500,12/13/23,172,A
USGS,09057500,12/14/23,174,A
USGS,09057500,12/15/23,172,A
USGS,09057500,12/16/23,174,A
USGS,09057500,12/17/23,174,A
USGS,09057500,12/18/23,174,A
USGS,09057500,12/19/23,163,A
USGS,09057500,12/20/23,149,A
USGS,09057500,12/21/23,149,A
USGS,09057500,12/22/23,160,A
USGS,09057500,12/23/23,172,A
USGS,09057500,12/24/23,172,A
USGS,09057500,12/25/23,173,A
USGS,09057500,12/26/23,174,A
USGS,09057500,12/27/23,177,A
USGS,09057500,12/28/23,171,A
USGS,09057500,12/29/23,174,A
USGS,09057500,12/30/23,172,A
USGS,09057500,12/31/23,171,A
USGS,09057500,01/01/24,172,A
USGS,09057500,01/02/24,172,A
USGS,09057500,01/03/24,176,A
USGS,09057500,01/04/24,173,A
USGS,09057500,01/05/24,175,A
USGS,09057500,01/06/24,175,A
USGS,09057500,01/07/24,173,A
USGS,09057500,01/08/24,167,A
USGS,09057500,01/09/24,162,A
USGS,09057500,01/10/24,151,A
USGS,09057500,01/11/24,151,A
USGS,09057500,01/12/24,151,A
USGS,09057500,01/13/24,153,A
USGS,09057500,01/14/24,151,A
USGS,09057500,01/15/24,152,A
USGS,09057500,01/16/24,159,A
USGS,09057500,01/17/24,177,A
USGS,09057500,01/18/24,179,A
USGS,09057500,01/19/24,184,A
USGS,09057500,01/20/24,206,A
USGS,09057500,01/21/24,207,A
USGS,09057500,01/22/24,207,A
USGS,09057500,01/23/24,215,A
USGS,09057500,01/24/24,228,A
USGS,09057500,01/25/24,226,A
USGS,09057500,01/26/24,230,A
USGS,09057500,01/27/24,231,A
USGS,09057500,01/28/24,232,A
USGS,09057500,01/29/24,232,A
USGS,09057500,01/30/24,232,A
USGS,09057500,01/31/24,228,A
USGS,09057500,02/01/24,227,A
USGS,09057500,02/02/24,228,A
USGS,09057500,02/03/24,231,A
USGS,09057500,02/04/24,234,A
USGS,09057500,02/05/24,232,A
USGS,09057500,02/06/24,232,A
USGS,09057500,02/07/24,229,A
USGS,09057500,02/08/24,231,A
USGS,09057500,02/09/24,229,A
USGS,09057500,02/10/24,231,A
USGS,09057500,02/11/24,228,A
USGS,09057500,02/12/24,229,A
USGS,09057500,02/13/24,227,A
USGS,09057500,02/14/24,226,A
USGS,09057500,02/15/24,226,A
USGS,09057500,02/16/24,229,A
USGS,09057500,02/17/24,228,A
USGS,09057500,02/18/24,228,A
USGS,09057500,02/19/24,229,A
USGS,09057500,02/20/24,229,A
USGS,09057500,02/21/24,228,A
USGS,09057500,02/22/24,227,A
USGS,09057500,02/23/24,227,A
USGS,09057500,02/24/24,227,A
USGS,09057500,02/25/24,228,A
USGS,09057500,02/26/24,236,A
USGS,09057500,02/27/24,237,A
USGS,09057500,02/28/24,234,A
USGS,09057500,02/29/24,223,A
USGS,09057500,03/01/24,206,A
USGS,09057500,03/02/24,205,A
USGS,09057500,03/03/24,201,A
USGS,09057500,03/04/24,204,A
USGS,09057500,03/05/24,202,A
USGS,09057500,03/06/24,206,A
USGS,09057500,03/07/24,207,A
USGS,09057500,03/08/24,202,A
USGS,09057500,03/09/24,202,A
USGS,09057500,03/10/24,200,A
USGS,09057500,03/11/24,207,A
USGS,09057500,03/12/24,205,A
USGS,09057500,03/13/24,213,A
USGS,09057500,03/14/24,207,A
USGS,09057500,03/15/24,209,A
USGS,09057500,03/16/24,209,A
USGS,09057500,03/17/24,208,A
USGS,09057500,03/18/24,208,A
USGS,09057500,03/19/24,207,A
USGS,09057500,03/20/24,207,A
USGS,09057500,03/21/24,206,A
USGS,09057500,03/22/24,206,A
USGS,09057500,03/23/24,208,A
USGS,09057500,03/24/24,206,A
USGS,09057500,03/25/24,212,A
USGS,09057500,03/26/24,217,A
USGS,09057500,03/27/24,220,A
USGS,09057500,03/28/24,228,A
USGS,09057500,03/29/24,228,A
USGS,09057500,03/30/24,230,A
USGS,09057500,03/31/24,227,A
USGS,09057500,04/01/24,231,A
USGS,09057500,04/02/24,228,A
USGS,09057500,04/03/24,230,A
USGS,09057500,04/04/24,229,A
USGS,09057500,04/05/24,232,A
USGS,09057500,04/06/24,244,A
USGS,09057500,04/07/24,324,A
USGS,09057500,04/08/24,389,A
USGS,09057500,04/09/24,388,A
USGS,09057500,04/10/24,297,A
USGS,09057500,04/11/24,260,A
USGS,09057500,04/12/24,259,A
USGS,09057500,04/13/24,256,A
USGS,09057500,04/14/24,258,A
USGS,09057500,04/15/24,255,A
USGS,09057500,04/16/24,252,A
USGS,09057500,04/17/24,253,A
USGS,09057500,04/18/24,255,A
USGS,09057500,04/19/24,242,A
USGS,09057500,04/20/24,182,A
USGS,09057500,04/21/24,180,A
USGS,09057500,04/22/24,182,A
USGS,09057500,04/23/24,182,A
USGS,09057500,04/24/24,178,A
USGS,09057500,04/25/24,178,A
USGS,09057500,04/26/24,177,A
USGS,09057500,04/27/24,180,A
USGS,09057500,04/28/24,185,A
USGS,09057500,04/29/24,186,A
USGS,09057500,04/30/24,187,A
USGS,09057500,05/01/24,184,A
USGS,09057500,05/02/24,183,A
USGS,09057500,05/03/24,178,A
USGS,09057500,05/04/24,180,A
USGS,09057500,05/05/24,178,A
USGS,09057500,05/06/24,186,A
USGS,09057500,05/07/24,185,A
USGS,09057500,05/08/24,187,A
USGS,09057500,05/09/24,233,A
USGS,09057500,05/10/24,257,A
USGS,09057500,05/11/24,260,A
USGS,09057500,05/12/24,263,A
USGS,09057500,05/13/24,264,A
USGS,09057500,05/14/24,264,A
USGS,09057500,05/15/24,264,A
USGS,09057500,05/16/24,257,A
USGS,09057500,05/17/24,254,A
USGS,09057500,05/18/24,253,A
USGS,09057500,05/19/24,256,A
USGS,09057500,05/20/24,268,A
USGS,09057500,05/21/24,284,A
USGS,09057500,05/22/24,363,A
USGS,09057500,05/23/24,359,A
USGS,09057500,05/24/24,399,A
USGS,09057500,05/25/24,407,A
USGS,09057500,05/26/24,412,A
USGS,09057500,05/27/24,424,A
USGS,09057500,05/28/24,409,A
USGS,09057500,05/29/24,404,A
USGS,09057500,05/30/24,409,A
USGS,09057500,05/31/24,422,A
USGS,09057500,06/01/24,431,A
USGS,09057500,06/02/24,421,A
USGS,09057500,06/03/24,431,A
USGS,09057500,06/04/24,698,A
USGS,09057500,06/05/24,957,A
USGS,09057500,06/06/24,1530,A
USGS,09057500,06/07/24,1570,A
USGS,09057500,06/08/24,1580,A
USGS,09057500,06/09/24,1590,A
USGS,09057500,06/10/24,1590,A
USGS,09057500,06/11/24,1580,A
USGS,09057500,06/12/24,1580,A
USGS,09057500,06/13/24,1580,A
USGS,09057500,06/14/24,1570,A
USGS,09057500,06/15/24,1580,A
USGS,09057500,06/16/24,1580,A
USGS,09057500,06/17/24,1530,A
USGS,09057500,06/18/24,1160,A
USGS,09057500,06/19/24,1050,A
USGS,09057500,06/20/24,1000,A
USGS,09057500,06/21/24,1010,A
USGS,09057500,06/22/24,1100,A
USGS,09057500,06/23/24,1370,A
USGS,09057500,06/24/24,1500,A
USGS,09057500,06/25/24,1500,A
USGS,09057500,06/26/24,1460,A
USGS,09057500,06/27/24,1200,A
USGS,09057500,06/28/24,1190,A
USGS,09057500,06/29/24,1280,A
USGS,09057500,06/30/24,1470,A
USGS,09057500,07/01/24,1600,A
USGS,09057500,07/02/24,2000,A
USGS,09057500,07/03/24,1870,A
USGS,09057500,07/04/24,1370,A
USGS,09057500,07/05/24,1140,A
USGS,09057500,07/06/24,1100,A
USGS,09057500,07/07/24,1090,A
USGS,09057500,07/08/24,1020,A
USGS,09057500,07/09/24,927,A
USGS,09057500,07/10/24,842,A
USGS,09057500,07/11/24,847,A
USGS,09057500,07/12/24,833,A
USGS,09057500,07/13/24,834,A
USGS,09057500,07/14/24,833,A
USGS,09057500,07/15/24,744,A
USGS,09057500,07/16/24,731,A
USGS,09057500,07/17/24,743,A
USGS,09057500,07/18/24,773,A
USGS,09057500,07/19/24,765,A
USGS,09057500,07/20/24,703,A
USGS,09057500,07/21/24,604,A
USGS,09057500,07/22/24,501,A
USGS,09057500,07/23/24,372,A
USGS,09057500,07/24/24,289,A
USGS,09057500,07/25/24,352,A
USGS,09057500,07/26/24,411,A
USGS,09057500,07/27/24,386,A
USGS,09057500,07/28/24,389,A
USGS,09057500,07/29/24,360,A
USGS,09057500,07/30/24,347,A
USGS,09057500,07/31/24,348,A
USGS,09057500,08/01/24,372,A
USGS,09057500,08/02/24,405,A
USGS,09057500,08/03/24,424,A
USGS,09057500,08/04/24,442,A
USGS,09057500,08/05/24,441,A
USGS,09057500,08/06/24,422,A
USGS,09057500,08/07/24,358,A
USGS,09057500,08/08/24,343,A
USGS,09057500,08/09/24,277,A
USGS,09057500,08/10/24,217,A
USGS,09057500,08/11/24,216,A
USGS,09057500,08/12/24,216,A
USGS,09057500,08/13/24,218,A
USGS,09057500,08/14/24,268,A
USGS,09057500,08/15/24,315,A
USGS,09057500,08/16/24,326,A
USGS,09057500,08/17/24,325,A
USGS,09057500,08/18/24,310,A
USGS,09057500,08/19/24,343,A
USGS,09057500,08/20/24,389,A
USGS,09057500,08/21/24,367,A
USGS,09057500,08/22/24,356,A
USGS,09057500,08/23/24,372,A
USGS,09057500,08/24/24,354,A
USGS,09057500,08/25/24,337,A
USGS,09057500,08/26/24,358,A
USGS,09057500,08/27/24,356,A
USGS,09057500,08/28/24,368,A
USGS,09057500,08/29/24,406,A
USGS,09057500,08/30/24,396,A
USGS,09057500,08/31/24,396,A
USGS,09057500,09/01/24,414,A
USGS,09057500,09/02/24,398,A
USGS,09057500,09/03/24,419,A
USGS,09057500,09/04/24,512,A
USGS,09057500,09/05/24,772,A
USGS,09057500,09/06/24,899,A
USGS,09057500,09/07/24,859,A
USGS,09057500,09/08/24,879,A
USGS,09057500,09/09/24,894,A
USGS,09057500,09/10/24,890,A
USGS,09057500,09/11/24,917,A
USGS,09057500,09/12/24,941,A
USGS,09057500,09/13/24,944,A
USGS,09057500,09/14/24,909,A
USGS,09057500,09/15/24,880,A
USGS,09057500,09/16/24,860,A
USGS,09057500,09/17/24,863,A
USGS,09057500,09/18/24,941,A
USGS,09057500,09/19/24,975,A
USGS,09057500,09/20/24,869,A
USGS,09057500,09/21/24,897,A
USGS,09057500,09/22/24,982,A
USGS,09057500,09/23/24,958,A
USGS,09057500,09/24/24,983,A
USGS,09057500,09/25/24,1010,A
USGS,09057500,09/26/24,1060,A
USGS,09057500,09/27/24,1060,A
USGS,09057500,09/28/24,1060,A
USGS,09057500,09/29/24,1060,A
USGS,09057500,09/30/24,1060,A
USGS,09057500,10/01/24,1080,A
USGS,09057500,10/02/24,1020,A
USGS,09057500,10/03/24,859,A
USGS,09057500,10/04/24,865,A
USGS,09057500,10/05/24,862,A
USGS,09057500,10/06/24,885,A
USGS,09057500,10/07/24,932,A
USGS,09057500,10/08/24,956,A
USGS,09057500,10/09/24,921,A
USGS,09057500,10/10/24,823,A
USGS,09057500,10/11/24,734,A
USGS,09057500,10/12/24,704,A
USGS,09057500,10/13/24,703,A
USGS,09057500,10/14/24,684,A
USGS,09057500,10/15/24,668,A
USGS,09057500,10/16/24,662,A
USGS,09057500,10/17/24,660,A
USGS,09057500,10/18/24,653,A
USGS,09057500,10/19/24,635,A
USGS,09057500,10/20/24,644,A
USGS,09057500,10/21/24,595,A
USGS,09057500,10/22/24,640,A
USGS,09057500,10/23/24,700,A
USGS,09057500,10/24/24,680,A
USGS,09057500,10/25/24,655,A
USGS,09057500,10/26/24,644,A
USGS,09057500,10/27/24,656,A
USGS,09057500,10/28/24,653,A
USGS,09057500,10/29/24,653,A
USGS,09057500,10/30/24,655,A
USGS,09057500,10/31/24,654,A
USGS,09057500,11/01/24,442,A
USGS,09057500,11/02/24,368,A
USGS,09057500,11/03/24,311,A
USGS,09057500,11/04/24,281,A
USGS,09057500,11/05/24,281,A
USGS,09057500,11/06/24,281,A
USGS,09057500,11/07/24,262,A
USGS,09057500,11/08/24,226,A
USGS,09057500,11/09/24,231,A
USGS,09057500,11/10/24,231,A
USGS,09057500,11/11/24,229,A
USGS,09057500,11/12/24,227,A
USGS,09057500,11/13/24,228,A
USGS,09057500,11/14/24,229,A
USGS,09057500,11/15/24,224,A
USGS,09057500,11/16/24,237,A
USGS,09057500,11/17/24,243,A
USGS,09057500,11/18/24,249,A
USGS,09057500,11/19/24,242,A
USGS,09057500,11/20/24,215,A
USGS,09057500,11/21/24,209,A
USGS,09057500,11/22/24,214,A
USGS,09057500,11/23/24,209,A
USGS,09057500,11/24/24,207,A
USGS,09057500,11/25/24,201,A
USGS,09057500,11/26/24,200,A
USGS,09057500,11/27/24,198,A
USGS,09057500,11/28/24,190,A
USGS,09057500,11/29/24,209,A
USGS,09057500,11/30/24,220,A
USGS,09057500,12/01/24,220,A
USGS,09057500,12/02/24,218,A
USGS,09057500,12/03/24,220,A
USGS,09057500,12/04/24,218,A
USGS,09057500,12/05/24,218,A
USGS,09057500,12/06/24,215,A
USGS,09057500,12/07/24,197,A
USGS,09057500,12/08/24,167,A
USGS,09057500,12/09/24,149,A
USGS,09057500,12/10/24,154,A
USGS,09057500,12/11/24,149,A
USGS,09057500,12/12/24,154,A
USGS,09057500,12/13/24,154,A
USGS,09057500,12/14/24,136,A
USGS,09057500,12/15/24,129,A
USGS,09057500,12/16/24,125,A
USGS,09057500,12/17/24,127,A
USGS,09057500,12/18/24,125,A
USGS,09057500,12/19/24,124,A
USGS,09057500,12/20/24,128,A
USGS,09057500,12/21/24,144,A
USGS,09057500,12/22/24,151,A
USGS,09057500,12/23/24,152,A
USGS,09057500,12/24/24,153,A
USGS,09057500,12/25/24,154,A
USGS,09057500,12/26/24,151,A
USGS,09057500,12/27/24,149,A
USGS,09057500,12/28/24,166,A
USGS,09057500,12/29/24,175,A
USGS,09057500,12/30/24,189,A
USGS,09057500,12/31/24,193,A
USGS,09057500,01/01/25,191,A
USGS,09057500,01/02/25,191,A
USGS,09057500,01/03/25,190,A
USGS,09057500,01/04/25,198,A
USGS,09057500,01/05/25,198,A
USGS,09057500,01/06/25,204,A
USGS,09057500,01/07/25,199,A
USGS,09057500,01/08/25,195,A
USGS,09057500,01/09/25,200,A
USGS,09057500,01/10/25,197,A
USGS,09057500,01/11/25,198,A
USGS,09057500,01/12/25,195,A
USGS,09057500,01/13/25,190,A
USGS,09057500,01/14/25,195,A
USGS,09057500,01/15/25,198,A
USGS,09057500,01/16/25,198,A
USGS,09057500,01/17/25,193,A
USGS,09057500,01/18/25,176,A
USGS,09057500,01/19/25,168,A
USGS,09057500,01/20/25,159,A
USGS,09057500,01/21/25,157,A
USGS,09057500,01/22/25,135,A
USGS,09057500,01/23/25,135,A
USGS,09057500,01/24/25,138,A
USGS,09057500,01/25/25,140,A
USGS,09057500,01/26/25,134,A
USGS,09057500,01/27/25,156,A
USGS,09057500,01/28/25,164,A
USGS,09057500,01/29/25,166,A
USGS,09057500,01/30/25,165,P
USGS,09057500,01/31/25,159,P
USGS,09057500,02/01/25,153,P
USGS,09057500,02/02/25,158,P
USGS,09057500,02/03/25,162,P
USGS,09057500,02/04/25,179,P
USGS,09057500,02/05/25,188,P
USGS,09057500,02/06/25,193,P
USGS,09057500,02/07/25,192,P
USGS,09057500,02/08/25,190,P
USGS,09057500,02/09/25,187,P
USGS,09057500,02/10/25,186,P
USGS,09057500,02/11/25,193,P
USGS,09057500,02/12/25,188,P
USGS,09057500,02/13/25,187,P
USGS,09057500,02/14/25,186,P
USGS,09057500,02/15/25,188,P
USGS,09057500,02/16/25,186,P
USGS,09057500,02/17/25,207,P
USGS,09057500,02/18/25,218,P
USGS,09057500,02/19/25,215,P
USGS,09057500,02/20/25,213,P
USGS,09057500,02/21/25,213,P
USGS,09057500,02/22/25,215,P
USGS,09057500,02/23/25,215,P
USGS,09057500,02/24/25,215,P
USGS,09057500,02/25/25,217,P
USGS,09057500,02/26/25,218,P
USGS,09057500,02/27/25,200,P
USGS,09057500,02/28/25,165,P
USGS,09057500,03/01/25,168,P
USGS,09057500,03/02/25,169,P
USGS,09057500,03/03/25,170,P
USGS,09057500,03/04/25,169,P
USGS,09057500,03/05/25,171,P
USGS,09057500,03/06/25,169,P
USGS,09057500,03/07/25,184,P
USGS,09057500,03/08/25,192,P
USGS,09057500,03/09/25,189,P
USGS,09057500,03/10/25,190,P
USGS,09057500,03/11/25,187,P
USGS,09057500,03/12/25,186,P
USGS,09057500,03/13/25,184,P
USGS,09057500,03/14/25,186,P
USGS,09057500,03/15/25,185,P
USGS,09057500,03/16/25,185,P
USGS,09057500,03/17/25,183,P
USGS,09057500,03/18/25,210,P
USGS,09057500,03/19/25,224,P
USGS,09057500,03/20/25,225,P
USGS,09057500,03/21/25,222,P
USGS,09057500,03/22/25,212,P
USGS,09057500,03/23/25,210,P
USGS,09057500,03/24/25,210,P
USGS,09057500,03/25/25,211,P
USGS,09057500,03/26/25,211,P
USGS,09057500,03/27/25,213,P
USGS,09057500,03/28/25,233,P
USGS,09057500,03/29/25,264,P
USGS,09057500,03/30/25,272,P
USGS,09057500,03/31/25,303,P
USGS,09057500,04/01/25,357,P
USGS,09057500,04/02/25,402,P
USGS,09057500,04/03/25,396,P
USGS,09057500,04/04/25,452,P
USGS,09057500,04/05/25,610,P
USGS,09057500,04/06/25,726,P
USGS,09057500,04/07/25,745,P
USGS,09057500,04/08/25,747,P
USGS,09057500,04/09/25,700,P
USGS,09057500,04/10/25,570,P
USGS,09057500,04/11/25,426,P
USGS,09057500,04/12/25,319,P
USGS,09057500,04/13/25,309,P
USGS,09057500,04/14/25,385,P
USGS,09057500,04/15/25,402,P
USGS,09057500,04/16/25,397,P
USGS,09057500,04/17/25,399,P
USGS,09057500,04/18/25,400,P
USGS,09057500,04/19/25,475,P
USGS,09057500,04/20/25,542,P
USGS,09057500,04/21/25,509,P
USGS,09057500,04/22/25,338,P
USGS,09057500,04/23/25,164,P
USGS,09057500,04/24/25,147,P
USGS,09057500,04/25/25,144,P
USGS,09057500,04/26/25,148,P
USGS,09057500,04/27/25,150,P
USGS,09057500,04/28/25,145,P
USGS,09057500,04/29/25,215,P
USGS,09057500,04/30/25,296,P
USGS,09057500,05/01/25,248,P
USGS,09057500,05/02/25,123,P
USGS,09057500,05/03/25,111,P
USGS,09057500,05/04/25,105,P
USGS,09057500,05/05/25,102,P
USGS,09057500,05/06/25,99.4,P
USGS,09057500,05/07/25,99.9,P
USGS,09057500,05/08/25,101,P
USGS,09057500,05/09/25,103,P
USGS,09057500,05/10/25,101,P
USGS,09057500,05/11/25,101,P
USGS,09057500,05/12/25,102,P
USGS,09057500,05/13/25,103,P
USGS,09057500,05/14/25,102,P
USGS,09057500,05/15/25,100,P
USGS,09057500,05/16/25,102,P
USGS,09057500,05/17/25,105,P
USGS,09057500,05/18/25,106,P
USGS,09057500,05/19/25,107,P
USGS,09057500,05/20/25,107,P
USGS,09057500,05/21/25,80.7,P
USGS,09057500,05/22/25,61.3,P
USGS,09057500,05/23/25,60.9,P
USGS,09057500,05/24/25,60.9,P
USGS,09057500,05/25/25,60.9,P
USGS,09057500,05/26/25,61.1,P
USGS,09057500,05/27/25,60.8,P
USGS,09057500,05/28/25,61,P
USGS,09057500,05/29/25,61.2,P
USGS,09057500,05/30/25,61,P
USGS,09057500,05/31/25,61.4,P
USGS,09057500,06/01/25,61.4,P
USGS,09057500,06/02/25,61.5,P
USGS,09057500,06/03/25,61.5,P
USGS,09057500,06/04/25,61.6,P
USGS,09057500,06/05/25,61.9,P
USGS,09057500,06/06/25,62.2,P
USGS,09057500,06/07/25,62.2,P
USGS,09057500,06/08/25,62.2,P
USGS,09057500,06/09/25,62.1,P
USGS,09057500,06/10/25,78.8,P
USGS,09057500,06/11/25,85.3,P
USGS,09057500,06/12/25,85.6,P
USGS,09057500,06/13/25,85.9,P
USGS,09057500,06/14/25,86.1,P
USGS,09057500,06/15/25,86.1,P
USGS,09057500,06/16/25,86.2,P
USGS,09057500,06/17/25,86.4,P
USGS,09057500,06/18/25,86.7,P
USGS,09057500,06/19/25,86.7,P
USGS,09057500,06/20/25,87,P
USGS,09057500,06/21/25,87,P
USGS,09057500,06/22/25,87.2,P
USGS,09057500,06/23/25,87.6,P
USGS,09057500,06/24/25,88,P
USGS,09057500,06/25/25,88,P
USGS,09057500,06/26/25,88.2,P
USGS,09057500,06/27/25,88.5,P
USGS,09057500,06/28/25,88.6,P
USGS,09057500,06/29/25,88.8,P
USGS,09057500,06/30/25,88.8,P
USGS,09057500,07/01/25,99,P
USGS,09057500,07/02/25,111,P
USGS,09057500,07/03/25,146,P
USGS,09057500,07/04/25,153,P
USGS,09057500,07/05/25,158,P
USGS,09057500,07/06/25,173,P
USGS,09057500,07/07/25,185,P
USGS,09057500,07/08/25,191,P
USGS,09057500,07/09/25,191,P
USGS,09057500,07/10/25,254,P
USGS,09057500,07/11/25,357,P
USGS,09057500,07/12/25,392,P
USGS,09057500,07/13/25,443,P
USGS,09057500,07/14/25,509,P
USGS,09057500,07/15/25,547,P
USGS,09057500,07/16/25,601,P
USGS,09057500,07/17/25,628,P
USGS,09057500,07/18/25,628,P
USGS,09057500,07/19/25,625,P
USGS,09057500,07/20/25,655,P
USGS,09057500,07/21/25,701,P
USGS,09057500,07/22/25,760,P
USGS,09057500,07/23/25,794,P
USGS,09057500,07/24/25,793,P
USGS,09057500,07/25/25,823,P
USGS,09057500,07/26/25,847,P
USGS,09057500,07/27/25,852,P
USGS,09057500,07/28/25,849,P
USGS,09057500,07/29/25,843,P
USGS,09057500,07/30/25,824,P
USGS,09057500,07/31/25,775,P
USGS,09057500,08/01/25,808,P
USGS,09057500,08/02/25,767,P
USGS,09057500,08/03/25,667,P
USGS,09057500,08/04/25,658,P
USGS,09057500,08/05/25,713,P
USGS,09057500,08/06/25,768,P
USGS,09057500,08/07/25,811,P
USGS,09057500,08/08/25,838,P
USGS,09057500,08/09/25,806,P
USGS,09057500,08/10/25,770,P
USGS,09057500,08/11/25,801,P
USGS,09057500,08/12/25,853,P
USGS,09057500,08/13/25,863,P
USGS,09057500,08/14/25,833,P
USGS,09057500,08/15/25,823,P
USGS,09057500,08/16/25,801,P
USGS,09057500,08/17/25,771,P
USGS,09057500,08/18/25,773,P
USGS,09057500,08/19/25,790,P
USGS,09057500,08/20/25,776,P
USGS,09057500,08/21/25,700,P
USGS,09057500,08/22/25,672,P
USGS,09057500,08/23/25,659,P
USGS,09057500,08/24/25,559,P
USGS,09057500,08/25/25,400,P
USGS,09057500,08/26/25,284,P
USGS,09057500,08/27/25,196,P
USGS,09057500,08/28/25,124,P
USGS,09057500,08/29/25,104,P
USGS,09057500,08/30/25,106,P
USGS,09057500,08/31/25,109,P
USGS,09057500,09/01/25,110,P
USGS,09057500,09/02/25,132,P
USGS,09057500,09/03/25,202,P
USGS,09057500,09/04/25,287,P
USGS,09057500,09/05/25,347,P
USGS,09057500,09/06/25,354,P
USGS,09057500,09/07/25,360,P
USGS,09057500,09/08/25,350,P
USGS,09057500,09/09/25,352,P
USGS,09057500,09/10/25,330,P
USGS,09057500,09/11/25,342,P
USGS,09057500,09/12/25,344,P
USGS,09057500,09/13/25,340,P
USGS,09057500,09/14/25,350,P
USGS,09057500,09/15/25,309,P
USGS,09057500,09/16/25,326,P
USGS,09057500,09/17/25,385,P
USGS,09057500,09/18/25,434,P
USGS,09057500,09/19/25,503,P
USGS,09057500,09/20/25,621,P
USGS,09057500,09/21/25,621,P
USGS,09057500,09/22/25,626,P
USGS,09057500,09/23/25,624,P
USGS,09057500,09/24/25,594,P
USGS,09057500,09/25/25,614,P
USGS,09057500,09/26/25,684,P
USGS,09057500,09/27/25,726,P
USGS,09057500,09/28/25,734,P
USGS,09057500,09/29/25,720,P