agency_cd,site_no,Date,Discharge_cfs,Qualifier
USGS,09057500,2020-01-01,182,A
USGS,09057500,2020-01-02,190,A
USGS,09057500,2020-01-03,202,A
USGS,09057500,2020-01-04,199,A
USGS,09057500,2020-01-05,198,A
USGS,09057500,2020-01-06,200,A
USGS,09057500,2020-01-07,201,A
USGS,09057500,2020-01-08,194,A
USGS,09057500,2020-01-09,176,A
USGS,09057500,2020-01-10,178,A
USGS,09057500,2020-01-11,181,A
USGS,09057500,2020-01-12,183,A
USGS,09057500,2020-01-13,176,A
USGS,09057500,2020-01-14,172,A
USGS,09057500,2020-01-15,171,A
USGS,09057500,2020-01-16,176,A
USGS,09057500,2020-01-17,175,A
USGS,09057500,2020-01-18,170,A
USGS,09057500,2020-01-19,173,A
USGS,09057500,2020-01-20,175,A
USGS,09057500,2020-01-21,174,A
USGS,09057500,2020-01-22,178,A
USGS,09057500,2020-01-23,173,A
USGS,09057500,2020-01-24,172,A
USGS,09057500,2020-01-25,171,A
USGS,09057500,2020-01-26,170,A
USGS,09057500,2020-01-27,171,A
USGS,09057500,2020-01-28,178,A
USGS,09057500,2020-01-29,175,A
USGS,09057500,2020-01-30,177,A
USGS,09057500,2020-01-31,179,A
USGS,09057500,2020-02-01,173,A
USGS,09057500,2020-02-02,174,A
USGS,09057500,2020-02-03,177,A
USGS,09057500,2020-02-04,178,A
USGS,09057500,2020-02-05,183,A
USGS,09057500,2020-02-06,199,A
USGS,09057500,2020-02-07,198,A
USGS,09057500,2020-02-08,196,A
USGS,09057500,2020-02-09,193,A
USGS,09057500,2020-02-10,212,A
USGS,09057500,2020-02-11,235,A
USGS,09057500,2020-02-12,235,A
USGS,09057500,2020-02-13,235,A
USGS,09057500,2020-02-14,232,A
USGS,09057500,2020-02-15,207,A
USGS,09057500,2020-02-16,196,A
USGS,09057500,2020-02-17,195,A
USGS,09057500,2020-02-18,188,A
USGS,09057500,2020-02-19,158,A
USGS,09057500,2020-02-20,157,A
USGS,09057500,2020-02-21,153,A
USGS,09057500,2020-02-22,157,A
USGS,09057500,2020-02-23,157,A
USGS,09057500,2020-02-24,159,A
USGS,09057500,2020-02-25,156,A
USGS,09057500,2020-02-26,156,A
USGS,09057500,2020-02-27,158,A
USGS,09057500,2020-02-28,162,A
USGS,09057500,2020-02-29,161,A
USGS,09057500,2020-03-01,203,A
USGS,09057500,2020-03-02,208,A
USGS,09057500,2020-03-03,208,A
USGS,09057500,2020-03-04,201,A
USGS,09057500,2020-03-05,193,A
USGS,09057500,2020-03-06,193,A
USGS,09057500,2020-03-07,191,A
USGS,09057500,2020-03-08,191,A
USGS,09057500,2020-03-09,190,A
USGS,09057500,2020-03-10,188,A
USGS,09057500,2020-03-11,184,A
USGS,09057500,2020-03-12,185,A
USGS,09057500,2020-03-13,174,A
USGS,09057500,2020-03-14,159,A
USGS,09057500,2020-03-15,157,A
USGS,09057500,2020-03-16,153,A
USGS,09057500,2020-03-17,140,A
USGS,09057500,2020-03-18,144,A
USGS,09057500,2020-03-19,145,A
USGS,09057500,2020-03-20,143,A
USGS,09057500,2020-03-21,140,A
USGS,09057500,2020-03-22,138,A
USGS,09057500,2020-03-23,159,A
USGS,09057500,2020-03-24,244,A
USGS,09057500,2020-03-25,287,A
USGS,09057500,2020-03-26,287,A
USGS,09057500,2020-03-27,276,A
USGS,09057500,2020-03-28,256,A
USGS,09057500,2020-03-29,256,A
USGS,09057500,2020-03-30,256,A
USGS,09057500,2020-03-31,255,A
USGS,09057500,2020-04-01,254,A
USGS,09057500,2020-04-02,255,A
USGS,09057500,2020-04-03,255,A
USGS,09057500,2020-04-04,254,A
USGS,09057500,2020-04-05,255,A
USGS,09057500,2020-04-06,253,A
USGS,09057500,2020-04-07,254,A
USGS,09057500,2020-04-08,254,A
USGS,09057500,2020-04-09,256,A
USGS,09057500,2020-04-10,257,A
USGS,09057500,2020-04-11,253,A
USGS,09057500,2020-04-12,256,A
USGS,09057500,2020-04-13,255,A
USGS,09057500,2020-04-14,255,A
USGS,09057500,2020-04-15,308,A
USGS,09057500,2020-04-16,353,A
USGS,09057500,2020-04-17,383,A
USGS,09057500,2020-04-18,415,A
USGS,09057500,2020-04-19,414,A
USGS,09057500,2020-04-20,387,A
USGS,09057500,2020-04-21,326,A
USGS,09057500,2020-04-22,274,A
USGS,09057500,2020-04-23,264,A
USGS,09057500,2020-04-24,263,A
USGS,09057500,2020-04-25,261,A
USGS,09057500,2020-04-26,266,A
USGS,09057500,2020-04-27,265,A
USGS,09057500,2020-04-28,262,A
USGS,09057500,2020-04-29,264,A
USGS,09057500,2020-04-30,265,A
USGS,09057500,2020-05-01,260,A
USGS,09057500,2020-05-02,263,A
USGS,09057500,2020-05-03,261,A
USGS,09057500,2020-05-04,259,A
USGS,09057500,2020-05-05,256,A
USGS,09057500,2020-05-06,262,A
USGS,09057500,2020-05-07,265,A
USGS,09057500,2020-05-08,265,A
USGS,09057500,2020-05-09,267,A
USGS,09057500,2020-05-10,266,A
USGS,09057500,2020-05-11,268,A
USGS,09057500,2020-05-12,265,A
USGS,09057500,2020-05-13,270,A
USGS,09057500,2020-05-14,269,A
USGS,09057500,2020-05-15,266,A
USGS,09057500,2020-05-16,256,A
USGS,09057500,2020-05-17,262,A
USGS,09057500,2020-05-18,256,A
USGS,09057500,2020-05-19,257,A
USGS,09057500,2020-05-20,258,A
USGS,09057500,2020-05-21,259,A
USGS,09057500,2020-05-22,255,A
USGS,09057500,2020-05-23,280,A
USGS,09057500,2020-05-24,345,A
USGS,09057500,2020-05-25,345,A
USGS,09057500,2020-05-26,346,A
USGS,09057500,2020-05-27,346,A
USGS,09057500,2020-05-28,341,A
USGS,09057500,2020-05-29,505,A
USGS,09057500,2020-05-30,1140,A
USGS,09057500,2020-05-31,1440,A
USGS,09057500,2020-06-01,1440,A
USGS,09057500,2020-06-02,1440,A
USGS,09057500,2020-06-03,1380,A
USGS,09057500,2020-06-04,968,A
USGS,09057500,2020-06-05,583,A
USGS,09057500,2020-06-06,286,A
USGS,09057500,2020-06-07,147,A
USGS,09057500,2020-06-08,145,A
USGS,09057500,2020-06-09,145,A
USGS,09057500,2020-06-10,135,A
USGS,09057500,2020-06-11,96.6,A
USGS,09057500,2020-06-12,97.1,A
USGS,09057500,2020-06-13,97.2,A
USGS,09057500,2020-06-14,101,A
USGS,09057500,2020-06-15,100,A
USGS,09057500,2020-06-16,98.8,A
USGS,09057500,2020-06-17,98.3,A
USGS,09057500,2020-06-18,100,A
USGS,09057500,2020-06-19,95.5,A
USGS,09057500,2020-06-20,98.4,A
USGS,09057500,2020-06-21,101,A
USGS,09057500,2020-06-22,104,A
USGS,09057500,2020-06-23,98.8,A
USGS,09057500,2020-06-24,285,A
USGS,09057500,2020-06-25,614,A
USGS,09057500,2020-06-26,813,A
USGS,09057500,2020-06-27,845,A
USGS,09057500,2020-06-28,883,A
USGS,09057500,2020-06-29,892,A
USGS,09057500,2020-06-30,830,A
USGS,09057500,2020-07-01,732,A
USGS,09057500,2020-07-02,645,A
USGS,09057500,2020-07-03,536,A
USGS,09057500,2020-07-04,517,A
USGS,09057500,2020-07-05,548,A
USGS,09057500,2020-07-06,593,A
USGS,09057500,2020-07-07,594,A
USGS,09057500,2020-07-08,563,A
USGS,09057500,2020-07-09,502,A
USGS,09057500,2020-07-10,453,A
USGS,09057500,2020-07-11,411,A
USGS,09057500,2020-07-12,381,A
USGS,09057500,2020-07-13,354,A
USGS,09057500,2020-07-14,338,A
USGS,09057500,2020-07-15,387,A
USGS,09057500,2020-07-16,483,A
USGS,09057500,2020-07-17,438,A
USGS,09057500,2020-07-18,433,A
USGS,09057500,2020-07-19,419,A
USGS,09057500,2020-07-20,390,A
USGS,09057500,2020-07-21,368,A
USGS,09057500,2020-07-22,365,A
USGS,09057500,2020-07-23,366,A
USGS,09057500,2020-07-24,363,A
USGS,09057500,2020-07-25,365,A
USGS,09057500,2020-07-26,365,A
USGS,09057500,2020-07-27,363,A
USGS,09057500,2020-07-28,344,A
USGS,09057500,2020-07-29,357,A
USGS,09057500,2020-07-30,420,A
USGS,09057500,2020-07-31,451,A
USGS,09057500,2020-08-01,528,A
USGS,09057500,2020-08-02,594,A
USGS,09057500,2020-08-03,616,A
USGS,09057500,2020-08-04,615,A
USGS,09057500,2020-08-05,615,A
USGS,09057500,2020-08-06,693,A
USGS,09057500,2020-08-07,815,A
USGS,09057500,2020-08-08,815,A
USGS,09057500,2020-08-09,815,A
USGS,09057500,2020-08-10,817,A
USGS,09057500,2020-08-11,868,A
USGS,09057500,2020-08-12,927,A
USGS,09057500,2020-08-13,898,A
USGS,09057500,2020-08-14,854,A
USGS,09057500,2020-08-15,853,A
USGS,09057500,2020-08-16,849,A
USGS,09057500,2020-08-17,872,A
USGS,09057500,2020-08-18,887,A
USGS,09057500,2020-08-19,871,A
USGS,09057500,2020-08-20,828,A
USGS,09057500,2020-08-21,825,A
USGS,09057500,2020-08-22,822,A
USGS,09057500,2020-08-23,827,A
USGS,09057500,2020-08-24,830,A
USGS,09057500,2020-08-25,822,A
USGS,09057500,2020-08-26,803,A
USGS,09057500,2020-08-27,802,A
USGS,09057500,2020-08-28,821,A
USGS,09057500,2020-08-29,852,A
USGS,09057500,2020-08-30,842,A
USGS,09057500,2020-08-31,781,A
USGS,09057500,2020-09-01,750,A
USGS,09057500,2020-09-02,750,A
USGS,09057500,2020-09-03,753,A
USGS,09057500,2020-09-04,769,A
USGS,09057500,2020-09-05,803,A
USGS,09057500,2020-09-06,797,A
USGS,09057500,2020-09-07,795,A
USGS,09057500,2020-09-08,791,A
USGS,09057500,2020-09-09,747,A
USGS,09057500,2020-09-10,611,A
USGS,09057500,2020-09-11,471,A
USGS,09057500,2020-09-12,420,A
USGS,09057500,2020-09-13,408,A
USGS,09057500,2020-09-14,429,A
USGS,09057500,2020-09-15,479,A
USGS,09057500,2020-09-16,514,A
USGS,09057500,2020-09-17,515,A
USGS,09057500,2020-09-18,506,A
USGS,09057500,2020-09-19,492,A
USGS,09057500,2020-09-20,492,A
USGS,09057500,2020-09-21,505,A
USGS,09057500,2020-09-22,537,A
USGS,09057500,2020-09-23,558,A
USGS,09057500,2020-09-24,559,A
USGS,09057500,2020-09-25,558,A
USGS,09057500,2020-09-26,556,A
USGS,09057500,2020-09-27,572,A
USGS,09057500,2020-09-28,611,A
USGS,09057500,2020-09-29,607,A
USGS,09057500,2020-09-30,607,A
USGS,09057500,2020-10-01,567,A
USGS,09057500,2020-10-02,537,A
USGS,09057500,2020-10-03,531,A
USGS,09057500,2020-10-04,529,A
USGS,09057500,2020-10-05,529,A
USGS,09057500,2020-10-06,526,A
USGS,09057500,2020-10-07,523,A
USGS,09057500,2020-10-08,539,A
USGS,09057500,2020-10-09,525,A
USGS,09057500,2020-10-10,513,A
USGS,09057500,2020-10-11,513,A
USGS,09057500,2020-10-12,489,A
USGS,09057500,2020-10-13,456,A
USGS,09057500,2020-10-14,439,A
USGS,09057500,2020-10-15,435,A
USGS,09057500,2020-10-16,435,A
USGS,09057500,2020-10-17,459,A
USGS,09057500,2020-10-18,458,A
USGS,09057500,2020-10-19,479,A
USGS,09057500,2020-10-20,538,A
USGS,09057500,2020-10-21,521,A
USGS,09057500,2020-10-22,489,A
USGS,09057500,2020-10-23,459,A
USGS,09057500,2020-10-24,407,A
USGS,09057500,2020-10-25,372,A
USGS,09057500,2020-10-26,334,A
USGS,09057500,2020-10-27,279,A
USGS,09057500,2020-10-28,242,A
USGS,09057500,2020-10-29,169,A
USGS,09057500,2020-10-30,151,A
USGS,09057500,2020-10-31,151,A
USGS,09057500,2020-11-01,149,A
USGS,09057500,2020-11-02,154,A
USGS,09057500,2020-11-03,150,A
USGS,09057500,2020-11-04,153,A
USGS,09057500,2020-11-05,162,A
USGS,09057500,2020-11-06,175,A
USGS,09057500,2020-11-07,176,A
USGS,09057500,2020-11-08,174,A
USGS,09057500,2020-11-09,185,A
USGS,09057500,2020-11-10,211,A
USGS,09057500,2020-11-11,218,A
USGS,09057500,2020-11-12,213,A
USGS,09057500,2020-11-13,210,A
USGS,09057500,2020-11-14,180,A
USGS,09057500,2020-11-15,181,A
USGS,09057500,2020-11-16,158,A
USGS,09057500,2020-11-17,132,A
USGS,09057500,2020-11-18,132,A
USGS,09057500,2020-11-19,131,A
USGS,09057500,2020-11-20,131,A
USGS,09057500,2020-11-21,132,A
USGS,09057500,2020-11-22,128,A
USGS,09057500,2020-11-23,137,A
USGS,09057500,2020-11-24,151,A
USGS,09057500,2020-11-25,168,A
USGS,09057500,2020-11-26,174,A
USGS,09057500,2020-11-27,175,A
USGS,09057500,2020-11-28,174,A
USGS,09057500,2020-11-29,173,A
USGS,09057500,2020-11-30,166,A
USGS,09057500,2020-12-01,155,A
USGS,09057500,2020-12-02,157,A
USGS,09057500,2020-12-03,156,A
USGS,09057500,2020-12-04,138,A
USGS,09057500,2020-12-05,137,A
USGS,09057500,2020-12-06,136,A
USGS,09057500,2020-12-07,131,A
USGS,09057500,2020-12-08,115,A
USGS,09057500,2020-12-09,114,A
USGS,09057500,2020-12-10,118,A
USGS,09057500,2020-12-11,120,A
USGS,09057500,2020-12-12,115,A
USGS,09057500,2020-12-13,116,A
USGS,09057500,2020-12-14,117,A
USGS,09057500,2020-12-15,119,A
USGS,09057500,2020-12-16,119,A
USGS,09057500,2020-12-17,120,A
USGS,09057500,2020-12-18,120,A
USGS,09057500,2020-12-19,120,A
USGS,09057500,2020-12-20,117,A
USGS,09057500,2020-12-21,119,A
USGS,09057500,2020-12-22,115,A
USGS,09057500,2020-12-23,119,A
USGS,09057500,2020-12-24,119,A
USGS,09057500,2020-12-25,122,A
USGS,09057500,2020-12-26,122,A
USGS,09057500,2020-12-27,121,A
USGS,09057500,2020-12-28,121,A
USGS,09057500,2020-12-29,119,A
USGS,09057500,2020-12-30,118,A
USGS,09057500,2020-12-31,118,A
USGS,09057500,2021-01-01,119,A
USGS,09057500,2021-01-02,119,A
USGS,09057500,2021-01-03,126,A
USGS,09057500,2021-01-04,137,A
USGS,09057500,2021-01-05,138,A
USGS,09057500,2021-01-06,142,A
USGS,09057500,2021-01-07,140,A
USGS,09057500,2021-01-08,136,A
USGS,09057500,2021-01-09,135,A
USGS,09057500,2021-01-10,135,A
USGS,09057500,2021-01-11,144,A
USGS,09057500,2021-01-12,157,A
USGS,09057500,2021-01-13,157,A
USGS,09057500,2021-01-14,157,A
USGS,09057500,2021-01-15,148,A
USGS,09057500,2021-01-16,135,A
USGS,09057500,2021-01-17,131,A
USGS,09057500,2021-01-18,131,A
USGS,09057500,2021-01-19,136,A
USGS,09057500,2021-01-20,135,A
USGS,09057500,2021-01-21,135,A
USGS,09057500,2021-01-22,133,A
USGS,09057500,2021-01-23,132,A
USGS,09057500,2021-01-24,130,A
USGS,09057500,2021-01-25,136,A
USGS,09057500,2021-01-26,137,A
USGS,09057500,2021-01-27,137,A
USGS,09057500,2021-01-28,140,A
USGS,09057500,2021-01-29,138,A
USGS,09057500,2021-01-30,135,A
USGS,09057500,2021-01-31,134,A
USGS,09057500,2021-02-01,136,A
USGS,09057500,2021-02-02,136,A
USGS,09057500,2021-02-03,135,A
USGS,09057500,2021-02-04,136,A
USGS,09057500,2021-02-05,139,A
USGS,09057500,2021-02-06,135,A
USGS,09057500,2021-02-07,138,A
USGS,09057500,2021-02-08,137,A
USGS,09057500,2021-02-09,138,A
USGS,09057500,2021-02-10,138,A
USGS,09057500,2021-02-11,130,A
USGS,09057500,2021-02-12,132,A
USGS,09057500,2021-02-13,137,A
USGS,09057500,2021-02-14,135,A
USGS,09057500,2021-02-15,137,A
USGS,09057500,2021-02-16,135,A
USGS,09057500,2021-02-17,136,A
USGS,09057500,2021-02-18,155,A
USGS,09057500,2021-02-19,163,A
USGS,09057500,2021-02-20,166,A
USGS,09057500,2021-02-21,163,A
USGS,09057500,2021-02-22,167,A
USGS,09057500,2021-02-23,167,A
USGS,09057500,2021-02-24,164,A
USGS,09057500,2021-02-25,164,A
USGS,09057500,2021-02-26,164,A
USGS,09057500,2021-02-27,164,A
USGS,09057500,2021-02-28,164,A
USGS,09057500,2021-03-01,152,A
USGS,09057500,2021-03-02,130,A
USGS,09057500,2021-03-03,130,A
USGS,09057500,2021-03-04,124,A
USGS,09057500,2021-03-05,125,A
USGS,09057500,2021-03-06,129,A
USGS,09057500,2021-03-07,135,A
USGS,09057500,2021-03-08,146,A
USGS,09057500,2021-03-09,148,A
USGS,09057500,2021-03-10,173,A
USGS,09057500,2021-03-11,197,A
USGS,09057500,2021-03-12,189,A
USGS,09057500,2021-03-13,174,A
USGS,09057500,2021-03-14,158,A
USGS,09057500,2021-03-15,147,A
USGS,09057500,2021-03-16,143,A
USGS,09057500,2021-03-17,170,A
USGS,09057500,2021-03-18,200,A
USGS,09057500,2021-03-19,197,A
USGS,09057500,2021-03-20,196,A
USGS,09057500,2021-03-21,196,A
USGS,09057500,2021-03-22,198,A
USGS,09057500,2021-03-23,200,A
USGS,09057500,2021-03-24,203,A
USGS,09057500,2021-03-25,181,A
USGS,09057500,2021-03-26,148,A
USGS,09057500,2021-03-27,148,A
USGS,09057500,2021-03-28,151,A
USGS,09057500,2021-03-29,144,A
USGS,09057500,2021-03-30,148,A
USGS,09057500,2021-03-31,145,A
USGS,09057500,2021-04-01,242,A
USGS,09057500,2021-04-02,321,A
USGS,09057500,2021-04-03,329,A
USGS,09057500,2021-04-04,364,A
USGS,09057500,2021-04-05,380,A
USGS,09057500,2021-04-06,248,A
USGS,09057500,2021-04-07,194,A
USGS,09057500,2021-04-08,184,A
USGS,09057500,2021-04-09,209,A
USGS,09057500,2021-04-10,270,A
USGS,09057500,2021-04-11,271,A
USGS,09057500,2021-04-12,255,A
USGS,09057500,2021-04-13,197,A
USGS,09057500,2021-04-14,207,A
USGS,09057500,2021-04-15,264,A
USGS,09057500,2021-04-16,335,A
USGS,09057500,2021-04-17,437,A
USGS,09057500,2021-04-18,535,A
USGS,09057500,2021-04-19,564,A
USGS,09057500,2021-04-20,590,A
USGS,09057500,2021-04-21,654,A
USGS,09057500,2021-04-22,649,A
USGS,09057500,2021-04-23,672,A
USGS,09057500,2021-04-24,649,A
USGS,09057500,2021-04-25,454,A
USGS,09057500,2021-04-26,319,A
USGS,09057500,2021-04-27,415,A
USGS,09057500,2021-04-28,472,A
USGS,09057500,2021-04-29,457,A
USGS,09057500,2021-04-30,204,A
USGS,09057500,2021-05-01,79.2,A
USGS,09057500,2021-05-02,72,A
USGS,09057500,2021-05-03,71.8,A
USGS,09057500,2021-05-04,71.4,A
USGS,09057500,2021-05-05,71.3,A
USGS,09057500,2021-05-06,71.3,A
USGS,09057500,2021-05-07,71.3,A
USGS,09057500,2021-05-08,71.4,A
USGS,09057500,2021-05-09,71.5,A
USGS,09057500,2021-05-10,72.1,A
USGS,09057500,2021-05-11,75.2,A
USGS,09057500,2021-05-12,77.8,A
USGS,09057500,2021-05-13,77.8,A
USGS,09057500,2021-05-14,77.8,A
USGS,09057500,2021-05-15,77.8,A
USGS,09057500,2021-05-16,77.9,A
USGS,09057500,2021-05-17,78.2,A
USGS,09057500,2021-05-18,78.1,A
USGS,09057500,2021-05-19,78.2,A
USGS,09057500,2021-05-20,78.1,A
USGS,09057500,2021-05-21,78.6,A
USGS,09057500,2021-05-22,78.6,A
USGS,09057500,2021-05-23,78.9,A
USGS,09057500,2021-05-24,78.9,A
USGS,09057500,2021-05-25,78.9,A
USGS,09057500,2021-05-26,78.9,A
USGS,09057500,2021-05-27,79,A
USGS,09057500,2021-05-28,79.3,A
USGS,09057500,2021-05-29,79.7,A
USGS,09057500,2021-05-30,80,A
USGS,09057500,2021-05-31,79.9,A
USGS,09057500,2021-06-01,80,A
USGS,09057500,2021-06-02,72.7,A
USGS,09057500,2021-06-03,60.6,A
USGS,09057500,2021-06-04,60.6,A
USGS,09057500,2021-06-05,60.7,A
USGS,09057500,2021-06-06,61.1,A
USGS,09057500,2021-06-07,64.4,A
USGS,09057500,2021-06-08,66.4,A
USGS,09057500,2021-06-09,66.6,A
USGS,09057500,2021-06-10,66.8,A
USGS,09057500,2021-06-11,67,A
USGS,09057500,2021-06-12,67.1,A
USGS,09057500,2021-06-13,67.1,A
USGS,09057500,2021-06-14,67.2,A
USGS,09057500,2021-06-15,67.3,A
USGS,09057500,2021-06-16,67.4,A
USGS,09057500,2021-06-17,67.4,A
USGS,09057500,2021-06-18,67.4,A
USGS,09057500,2021-06-19,67.9,A
USGS,09057500,2021-06-20,67.8,A
USGS,09057500,2021-06-21,67.8,A
USGS,09057500,2021-06-22,67.9,A
USGS,09057500,2021-06-23,94.3,A
USGS,09057500,2021-06-24,102,A
USGS,09057500,2021-06-25,96.8,A
USGS,09057500,2021-06-26,95.8,A
USGS,09057500,2021-06-27,96.5,A
USGS,09057500,2021-06-28,120,A
USGS,09057500,2021-06-29,189,A
USGS,09057500,2021-06-30,161,A
USGS,09057500,2021-07-01,108,A
USGS,09057500,2021-07-02,107,A
USGS,09057500,2021-07-03,103,A
USGS,09057500,2021-07-04,101,A
USGS,09057500,2021-07-05,101,A
USGS,09057500,2021-07-06,99.9,A
USGS,09057500,2021-07-07,120,A
USGS,09057500,2021-07-08,188,A
USGS,09057500,2021-07-09,314,A
USGS,09057500,2021-07-10,363,A
USGS,09057500,2021-07-11,438,A
USGS,09057500,2021-07-12,547,A
USGS,09057500,2021-07-13,569,A
USGS,09057500,2021-07-14,567,A
USGS,09057500,2021-07-15,537,A
USGS,09057500,2021-07-16,479,A
USGS,09057500,2021-07-17,485,A
USGS,09057500,2021-07-18,439,A
USGS,09057500,2021-07-19,488,A
USGS,09057500,2021-07-20,552,A
USGS,09057500,2021-07-21,616,A
USGS,09057500,2021-07-22,646,A
USGS,09057500,2021-07-23,563,A
USGS,09057500,2021-07-24,492,A
USGS,09057500,2021-07-25,459,A
USGS,09057500,2021-07-26,508,A
USGS,09057500,2021-07-27,634,A
USGS,09057500,2021-07-28,639,A
USGS,09057500,2021-07-29,690,A
USGS,09057500,2021-07-30,539,A
USGS,09057500,2021-07-31,431,A
USGS,09057500,2021-08-01,288,A
USGS,09057500,2021-08-02,105,A
USGS,09057500,2021-08-03,169,A
USGS,09057500,2021-08-04,311,A
USGS,09057500,2021-08-05,490,A
USGS,09057500,2021-08-06,540,A
USGS,09057500,2021-08-07,590,A
USGS,09057500,2021-08-08,625,A
USGS,09057500,2021-08-09,615,A
USGS,09057500,2021-08-10,604,A
USGS,09057500,2021-08-11,622,A
USGS,09057500,2021-08-12,644,A
USGS,09057500,2021-08-13,699,A
USGS,09057500,2021-08-14,685,A
USGS,09057500,2021-08-15,678,A
USGS,09057500,2021-08-16,662,A
USGS,09057500,2021-08-17,681,A
USGS,09057500,2021-08-18,727,A
USGS,09057500,2021-08-19,769,A
USGS,09057500,2021-08-20,765,A
USGS,09057500,2021-08-21,680,A
USGS,09057500,2021-08-22,457,A
USGS,09057500,2021-08-23,387,A
USGS,09057500,2021-08-24,404,A
USGS,09057500,2021-08-25,438,A
USGS,09057500,2021-08-26,484,A
USGS,09057500,2021-08-27,500,A
USGS,09057500,2021-08-28,485,A
USGS,09057500,2021-08-29,473,A
USGS,09057500,2021-08-30,475,A
USGS,09057500,2021-08-31,525,A
USGS,09057500,2021-09-01,548,A
USGS,09057500,2021-09-02,536,A
USGS,09057500,2021-09-03,506,A
USGS,09057500,2021-09-04,506,A
USGS,09057500,2021-09-05,481,A
USGS,09057500,2021-09-06,437,A
USGS,09057500,2021-09-07,460,A
USGS,09057500,2021-09-08,457,A
USGS,09057500,2021-09-09,482,A
USGS,09057500,2021-09-10,502,A
USGS,09057500,2021-09-11,459,A
USGS,09057500,2021-09-12,380,A
USGS,09057500,2021-09-13,347,A
USGS,09057500,2021-09-14,380,A
USGS,09057500,2021-09-15,397,A
USGS,09057500,2021-09-16,411,A
USGS,09057500,2021-09-17,463,A
USGS,09057500,2021-09-18,400,A
USGS,09057500,2021-09-19,320,A
USGS,09057500,2021-09-20,274,A
USGS,09057500,2021-09-21,229,A
USGS,09057500,2021-09-22,215,A
USGS,09057500,2021-09-23,212,A
USGS,09057500,2021-09-24,165,A
USGS,09057500,2021-09-25,177,A
USGS,09057500,2021-09-26,195,A
USGS,09057500,2021-09-27,219,A
USGS,09057500,2021-09-28,250,A
USGS,09057500,2021-09-29,210,A
USGS,09057500,2021-09-30,160,A
USGS,09057500,2021-10-01,102,A
USGS,09057500,2021-10-02,106,A
USGS,09057500,2021-10-03,107,A
USGS,09057500,2021-10-04,108,A
USGS,09057500,2021-10-05,103,A
USGS,09057500,2021-10-06,102,A
USGS,09057500,2021-10-07,159,A
USGS,09057500,2021-10-08,264,A
USGS,09057500,2021-10-09,251,A
USGS,09057500,2021-10-10,277,A
USGS,09057500,2021-10-11,312,A
USGS,09057500,2021-10-12,315,A
USGS,09057500,2021-10-13,311,A
USGS,09057500,2021-10-14,325,A
USGS,09057500,2021-10-15,353,A
USGS,09057500,2021-10-16,359,A
USGS,09057500,2021-10-17,353,A
USGS,09057500,2021-10-18,389,A
USGS,09057500,2021-10-19,406,A
USGS,09057500,2021-10-20,405,A
USGS,09057500,2021-10-21,401,A
USGS,09057500,2021-10-22,405,A
USGS,09057500,2021-10-23,405,A
USGS,09057500,2021-10-24,404,A
USGS,09057500,2021-10-25,382,A
USGS,09057500,2021-10-26,353,A
USGS,09057500,2021-10-27,342,A
USGS,09057500,2021-10-28,279,A
USGS,09057500,2021-10-29,236,A
USGS,09057500,2021-10-30,224,A
USGS,09057500,2021-10-31,237,A
USGS,09057500,2021-11-01,238,A
USGS,09057500,2021-11-02,251,A
USGS,09057500,2021-11-03,282,A
USGS,09057500,2021-11-04,284,A
USGS,09057500,2021-11-05,286,A
USGS,09057500,2021-11-06,281,A
USGS,09057500,2021-11-07,278,A
USGS,09057500,2021-11-08,283,A
USGS,09057500,2021-11-09,278,A
USGS,09057500,2021-11-10,283,A
USGS,09057500,2021-11-11,307,A
USGS,09057500,2021-11-12,301,A
USGS,09057500,2021-11-13,302,A
USGS,09057500,2021-11-14,298,A
USGS,09057500,2021-11-15,289,A
USGS,09057500,2021-11-16,275,A
USGS,09057500,2021-11-17,276,A
USGS,09057500,2021-11-18,281,A
USGS,09057500,2021-11-19,281,A
USGS,09057500,2021-11-20,281,A
USGS,09057500,2021-11-21,280,A
USGS,09057500,2021-11-22,261,A
USGS,09057500,2021-11-23,218,A
USGS,09057500,2021-11-24,201,A
USGS,09057500,2021-11-25,201,A
USGS,09057500,2021-11-26,194,A
USGS,09057500,2021-11-27,177,A
USGS,09057500,2021-11-28,166,A
USGS,09057500,2021-11-29,163,A
USGS,09057500,2021-11-30,164,A
USGS,09057500,2021-12-01,159,A
USGS,09057500,2021-12-02,158,A
USGS,09057500,2021-12-03,160,A
USGS,09057500,2021-12-04,161,A
USGS,09057500,2021-12-05,161,A
USGS,09057500,2021-12-06,163,A
USGS,09057500,2021-12-07,169,A
USGS,09057500,2021-12-08,168,A
USGS,09057500,2021-12-09,161,A
USGS,09057500,2021-12-10,153,A
USGS,09057500,2021-12-11,153,A
USGS,09057500,2021-12-12,153,A
USGS,09057500,2021-12-13,152,A
USGS,09057500,2021-12-14,150,A
USGS,09057500,2021-12-15,153,A
USGS,09057500,2021-12-16,155,A
USGS,09057500,2021-12-17,171,A
USGS,09057500,2021-12-18,183,A
USGS,09057500,2021-12-19,184,A
USGS,09057500,2021-12-20,186,A
USGS,09057500,2021-12-21,183,A
USGS,09057500,2021-12-22,174,A
USGS,09057500,2021-12-23,166,A
USGS,09057500,2021-12-24,170,A
USGS,09057500,2021-12-25,187,A
USGS,09057500,2021-12-26,201,A
USGS,09057500,2021-12-27,216,A
USGS,09057500,2021-12-28,226,A
USGS,09057500,2021-12-29,236,A
USGS,09057500,2021-12-30,246,A
USGS,09057500,2021-12-31,244,A
USGS,09057500,2022-01-01,248,A
USGS,09057500,2022-01-02,266,A
USGS,09057500,2022-01-03,265,A
USGS,09057500,2022-01-04,263,A
USGS,09057500,2022-01-05,289,A
USGS,09057500,2022-01-06,263,A
USGS,09057500,2022-01-07,266,A
USGS,09057500,2022-01-08,263,A
USGS,09057500,2022-01-09,263,A
USGS,09057500,2022-01-10,265,A
USGS,09057500,2022-01-11,265,A
USGS,09057500,2022-01-12,265,A
USGS,09057500,2022-01-13,265,A
USGS,09057500,2022-01-14,262,A
USGS,09057500,2022-01-15,263,A
USGS,09057500,2022-01-16,261,A
USGS,09057500,2022-01-17,263,A
USGS,09057500,2022-01-18,239,A
USGS,09057500,2022-01-19,202,A
USGS,09057500,2022-01-20,203,A
USGS,09057500,2022-01-21,202,A
USGS,09057500,2022-01-22,200,A
USGS,09057500,2022-01-23,198,A
USGS,09057500,2022-01-24,186,A
USGS,09057500,2022-01-25,170,A
USGS,09057500,2022-01-26,172,A
USGS,09057500,2022-01-27,172,A
USGS,09057500,2022-01-28,188,A
USGS,09057500,2022-01-29,195,A
USGS,09057500,2022-01-30,184,A e
USGS,09057500,2022-01-31,174,A e
USGS,09057500,2022-02-01,174,A e
USGS,09057500,2022-02-02,174,A e
USGS,09057500,2022-02-03,174,A e
USGS,09057500,2022-02-04,174,A e
USGS,09057500,2022-02-05,174,A e
USGS,09057500,2022-02-06,175,A e
USGS,09057500,2022-02-07,180,A
USGS,09057500,2022-02-08,188,A
USGS,09057500,2022-02-09,184,A
USGS,09057500,2022-02-10,177,A
USGS,09057500,2022-02-11,171,A
USGS,09057500,2022-02-12,163,A
USGS,09057500,2022-02-13,164,A
USGS,09057500,2022-02-14,169,A
USGS,09057500,2022-02-15,159,A
USGS,09057500,2022-02-16,158,A
USGS,09057500,2022-02-17,169,A
USGS,09057500,2022-02-18,180,A
USGS,09057500,2022-02-19,178,A
USGS,09057500,2022-02-20,178,A
USGS,09057500,2022-02-21,178,A
USGS,09057500,2022-02-22,191,A
USGS,09057500,2022-02-23,204,A
USGS,09057500,2022-02-24,205,A
USGS,09057500,2022-02-25,207,A
USGS,09057500,2022-02-26,205,A
USGS,09057500,2022-02-27,206,A
USGS,09057500,2022-02-28,207,A
USGS,09057500,2022-03-01,203,A
USGS,09057500,2022-03-02,197,A
USGS,09057500,2022-03-03,199,A
USGS,09057500,2022-03-04,202,A
USGS,09057500,2022-03-05,203,A
USGS,09057500,2022-03-06,202,A
USGS,09057500,2022-03-07,202,A
USGS,09057500,2022-03-08,203,A
USGS,09057500,2022-03-09,201,A
USGS,09057500,2022-03-10,203,A
USGS,09057500,2022-03-11,201,A
USGS,09057500,2022-03-12,182,A
USGS,09057500,2022-03-13,181,A
USGS,09057500,2022-03-14,182,A
USGS,09057500,2022-03-15,181,A
USGS,09057500,2022-03-16,183,A
USGS,09057500,2022-03-17,179,A
USGS,09057500,2022-03-18,179,A
USGS,09057500,2022-03-19,182,A
USGS,09057500,2022-03-20,183,A
USGS,09057500,2022-03-21,196,A
USGS,09057500,2022-03-22,211,A
USGS,09057500,2022-03-23,211,A
USGS,09057500,2022-03-24,210,A
USGS,09057500,2022-03-25,208,A
USGS,09057500,2022-03-26,202,A
USGS,09057500,2022-03-27,193,A
USGS,09057500,2022-03-28,195,A
USGS,09057500,2022-03-29,196,A
USGS,09057500,2022-03-30,215,A
USGS,09057500,2022-03-31,255,A
USGS,09057500,2022-04-01,276,A
USGS,09057500,2022-04-02,306,A
USGS,09057500,2022-04-03,304,A
USGS,09057500,2022-04-04,263,A
USGS,09057500,2022-04-05,270,A
USGS,09057500,2022-04-06,308,A
USGS,09057500,2022-04-07,337,A
USGS,09057500,2022-04-08,333,A
USGS,09057500,2022-04-09,315,A
USGS,09057500,2022-04-10,346,A
USGS,09057500,2022-04-11,425,A
USGS,09057500,2022-04-12,542,A
USGS,09057500,2022-04-13,469,A
USGS,09057500,2022-04-14,457,A
USGS,09057500,2022-04-15,462,A
USGS,09057500,2022-04-16,504,A
USGS,09057500,2022-04-17,431,A
USGS,09057500,2022-04-18,297,A
USGS,09057500,2022-04-19,136,A
USGS,09057500,2022-04-20,101,A
USGS,09057500,2022-04-21,102,A
USGS,09057500,2022-04-22,104,A
USGS,09057500,2022-04-23,106,A
USGS,09057500,2022-04-24,105,A
USGS,09057500,2022-04-25,107,A
USGS,09057500,2022-04-26,109,A
USGS,09057500,2022-04-27,109,A
USGS,09057500,2022-04-28,107,A
USGS,09057500,2022-04-29,106,A
USGS,09057500,2022-04-30,106,A
USGS,09057500,2022-05-01,106,A
USGS,09057500,2022-05-02,85.7,A
USGS,09057500,2022-05-03,73.4,A
USGS,09057500,2022-05-04,73.5,A
USGS,09057500,2022-05-05,73.3,A
USGS,09057500,2022-05-06,73.1,A
USGS,09057500,2022-05-07,72.9,A
USGS,09057500,2022-05-08,72.8,A
USGS,09057500,2022-05-09,72.6,A
USGS,09057500,2022-05-10,72.3,A
USGS,09057500,2022-05-11,72.1,A
USGS,09057500,2022-05-12,72.2,A
USGS,09057500,2022-05-13,72.1,A
USGS,09057500,2022-05-14,71.9,A
USGS,09057500,2022-05-15,71.5,A
USGS,09057500,2022-05-16,71.5,A
USGS,09057500,2022-05-17,71.5,A
USGS,09057500,2022-05-18,71.6,A
USGS,09057500,2022-05-19,71.6,A
USGS,09057500,2022-05-20,71.5,A
USGS,09057500,2022-05-21,71.3,A
USGS,09057500,2022-05-22,71.1,A
USGS,09057500,2022-05-23,70.9,A
USGS,09057500,2022-05-24,70.7,A
USGS,09057500,2022-05-25,70.5,A
USGS,09057500,2022-05-26,70.3,A
USGS,09057500,2022-05-27,70.1,A
USGS,09057500,2022-05-28,69.9,A
USGS,09057500,2022-05-29,70,A
USGS,09057500,2022-05-30,69.8,A
USGS,09057500,2022-05-31,69.6,A
USGS,09057500,2022-06-01,71,A
USGS,09057500,2022-06-02,73.5,A
USGS,09057500,2022-06-03,73.5,A
USGS,09057500,2022-06-04,73.5,A
USGS,09057500,2022-06-05,73.5,A
USGS,09057500,2022-06-06,72.7,A
USGS,09057500,2022-06-07,70.9,A
USGS,09057500,2022-06-08,71,A
USGS,09057500,2022-06-09,71.4,A
USGS,09057500,2022-06-10,71.4,A
USGS,09057500,2022-06-11,71.4,A
USGS,09057500,2022-06-12,71.4,A
USGS,09057500,2022-06-13,71.5,A
USGS,09057500,2022-06-14,69.6,A
USGS,09057500,2022-06-15,68.7,A
USGS,09057500,2022-06-16,68.9,A
USGS,09057500,2022-06-17,69,A
USGS,09057500,2022-06-18,69.2,A
USGS,09057500,2022-06-19,69.3,A
USGS,09057500,2022-06-20,69.3,A
USGS,09057500,2022-06-21,69.2,A
USGS,09057500,2022-06-22,69.4,A
USGS,09057500,2022-06-23,69.4,A
USGS,09057500,2022-06-24,69.5,A
USGS,09057500,2022-06-25,69.4,A
USGS,09057500,2022-06-26,69.5,A
USGS,09057500,2022-06-27,69.4,A
USGS,09057500,2022-06-28,69.5,A
USGS,09057500,2022-06-29,69.6,A
USGS,09057500,2022-06-30,68,A
USGS,09057500,2022-07-01,64.4,A
USGS,09057500,2022-07-02,64.3,A
USGS,09057500,2022-07-03,64.4,A
USGS,09057500,2022-07-04,64.4,A
USGS,09057500,2022-07-05,64.4,A
USGS,09057500,2022-07-06,64.4,A
USGS,09057500,2022-07-07,64.4,A
USGS,09057500,2022-07-08,64.4,A
USGS,09057500,2022-07-09,64.4,A
USGS,09057500,2022-07-10,92.6,A
USGS,09057500,2022-07-11,130,A
USGS,09057500,2022-07-12,155,A
USGS,09057500,2022-07-13,181,A
USGS,09057500,2022-07-14,181,A
USGS,09057500,2022-07-15,159,A
USGS,09057500,2022-07-16,138,A
USGS,09057500,2022-07-17,163,A
USGS,09057500,2022-07-18,142,A
USGS,09057500,2022-07-19,111,A
USGS,09057500,2022-07-20,140,A
USGS,09057500,2022-07-21,236,A
USGS,09057500,2022-07-22,291,A
USGS,09057500,2022-07-23,268,A
USGS,09057500,2022-07-24,268,A
USGS,09057500,2022-07-25,297,A
USGS,09057500,2022-07-26,325,A
USGS,09057500,2022-07-27,325,A
USGS,09057500,2022-07-28,328,A
USGS,09057500,2022-07-29,296,A
USGS,09057500,2022-07-30,313,A
USGS,09057500,2022-07-31,379,A
USGS,09057500,2022-08-01,430,A
USGS,09057500,2022-08-02,465,A
USGS,09057500,2022-08-03,437,A
USGS,09057500,2022-08-04,347,A
USGS,09057500,2022-08-05,336,A
USGS,09057500,2022-08-06,410,A
USGS,09057500,2022-08-07,431,A
USGS,09057500,2022-08-08,483,A
USGS,09057500,2022-08-09,561,A
USGS,09057500,2022-08-10,641,A
USGS,09057500,2022-08-11,659,A
USGS,09057500,2022-08-12,701,A
USGS,09057500,2022-08-13,728,A
USGS,09057500,2022-08-14,715,A
USGS,09057500,2022-08-15,659,A
USGS,09057500,2022-08-16,530,A
USGS,09057500,2022-08-17,408,A
USGS,09057500,2022-08-18,356,A
USGS,09057500,2022-08-19,327,A
USGS,09057500,2022-08-20,273,A
USGS,09057500,2022-08-21,233,A
USGS,09057500,2022-08-22,235,A
USGS,09057500,2022-08-23,255,A
USGS,09057500,2022-08-24,279,A
USGS,09057500,2022-08-25,275,A
USGS,09057500,2022-08-26,271,A
USGS,09057500,2022-08-27,296,A
USGS,09057500,2022-08-28,330,A
USGS,09057500,2022-08-29,330,A
USGS,09057500,2022-08-30,350,A
USGS,09057500,2022-08-31,401,A
USGS,09057500,2022-09-01,424,A
USGS,09057500,2022-09-02,505,A
USGS,09057500,2022-09-03,670,A
USGS,09057500,2022-09-04,713,A
USGS,09057500,2022-09-05,772,A
USGS,09057500,2022-09-06,746,A
USGS,09057500,2022-09-07,692,A
USGS,09057500,2022-09-08,672,A
USGS,09057500,2022-09-09,680,A
USGS,09057500,2022-09-10,694,A
USGS,09057500,2022-09-11,699,A
USGS,09057500,2022-09-12,700,A
USGS,09057500,2022-09-13,698,A
USGS,09057500,2022-09-14,674,A
USGS,09057500,2022-09-15,629,A
USGS,09057500,2022-09-16,513,A
USGS,09057500,2022-09-17,318,A
USGS,09057500,2022-09-18,251,A
USGS,09057500,2022-09-19,161,A
USGS,09057500,2022-09-20,102,A
USGS,09057500,2022-09-21,104,A
USGS,09057500,2022-09-22,103,A
USGS,09057500,2022-09-23,98.7,A
USGS,09057500,2022-09-24,99.3,A
USGS,09057500,2022-09-25,99.2,A
USGS,09057500,2022-09-26,101,A
USGS,09057500,2022-09-27,101,A
USGS,09057500,2022-09-28,136,A
USGS,09057500,2022-09-29,167,A
USGS,09057500,2022-09-30,167,A
USGS,09057500,2022-10-01,144,A
USGS,09057500,2022-10-02,150,A
USGS,09057500,2022-10-03,215,A
USGS,09057500,2022-10-04,221,A
USGS,09057500,2022-10-05,190,A
USGS,09057500,2022-10-06,180,A
USGS,09057500,2022-10-07,194,A
USGS,09057500,2022-10-08,206,A
USGS,09057500,2022-10-09,219,A
USGS,09057500,2022-10-10,243,A
USGS,09057500,2022-10-11,272,A
USGS,09057500,2022-10-12,340,A
USGS,09057500,2022-10-13,419,A
USGS,09057500,2022-10-14,576,A
USGS,09057500,2022-10-15,626,A
USGS,09057500,2022-10-16,646,A
USGS,09057500,2022-10-17,650,A
USGS,09057500,2022-10-18,636,A
USGS,09057500,2022-10-19,640,A
USGS,09057500,2022-10-20,671,A
USGS,09057500,2022-10-21,719,A
USGS,09057500,2022-10-22,755,A
USGS,09057500,2022-10-23,746,A
USGS,09057500,2022-10-24,670,A
USGS,09057500,2022-10-25,568,A
USGS,09057500,2022-10-26,493,A
USGS,09057500,2022-10-27,364,A
USGS,09057500,2022-10-28,285,A
USGS,09057500,2022-10-29,202,A
USGS,09057500,2022-10-30,160,A
USGS,09057500,2022-10-31,157,A
USGS,09057500,2022-11-01,155,A
USGS,09057500,2022-11-02,152,A
USGS,09057500,2022-11-03,153,A
USGS,09057500,2022-11-04,156,A
USGS,09057500,2022-11-05,166,A
USGS,09057500,2022-11-06,164,A
USGS,09057500,2022-11-07,168,A
USGS,09057500,2022-11-08,169,A
USGS,09057500,2022-11-09,171,A
USGS,09057500,2022-11-10,180,A
USGS,09057500,2022-11-11,200,A
USGS,09057500,2022-11-12,203,A
USGS,09057500,2022-11-13,201,A
USGS,09057500,2022-11-14,189,A
USGS,09057500,2022-11-15,182,A
USGS,09057500,2022-11-16,181,A
USGS,09057500,2022-11-17,179,A
USGS,09057500,2022-11-18,177,A
USGS,09057500,2022-11-19,173,A
USGS,09057500,2022-11-20,177,A
USGS,09057500,2022-11-21,176,A
USGS,09057500,2022-11-22,172,A
USGS,09057500,2022-11-23,177,A
USGS,09057500,2022-11-24,175,A
USGS,09057500,2022-11-25,172,A
USGS,09057500,2022-11-26,172,A
USGS,09057500,2022-11-27,170,A
USGS,09057500,2022-11-28,173,A
USGS,09057500,2022-11-29,177,A
USGS,09057500,2022-11-30,180,A
USGS,09057500,2022-12-01,191,A
USGS,09057500,2022-12-02,190,A
USGS,09057500,2022-12-03,201,A
USGS,09057500,2022-12-04,202,A
USGS,09057500,2022-12-05,196,A
USGS,09057500,2022-12-06,208,A
USGS,09057500,2022-12-07,236,A
USGS,09057500,2022-12-08,242,A
USGS,09057500,2022-12-09,244,A
USGS,09057500,2022-12-10,244,A
USGS,09057500,2022-12-11,243,A
USGS,09057500,2022-12-12,232,A
USGS,09057500,2022-12-13,225,A
USGS,09057500,2022-12-14,223,A
USGS,09057500,2022-12-15,225,A
USGS,09057500,2022-12-16,207,A
USGS,09057500,2022-12-17,190,A
USGS,09057500,2022-12-18,170,A
USGS,09057500,2022-12-19,147,A
USGS,09057500,2022-12-20,134,A
USGS,09057500,2022-12-21,134,A
USGS,09057500,2022-12-22,143,A
USGS,09057500,2022-12-23,167,A
USGS,09057500,2022-12-24,180,A
USGS,09057500,2022-12-25,189,A
USGS,09057500,2022-12-26,203,A
USGS,09057500,2022-12-27,206,A
USGS,09057500,2022-12-28,213,A
USGS,09057500,2022-12-29,222,A
USGS,09057500,2022-12-30,220,A
USGS,09057500,2022-12-31,223,A
USGS,09057500,2023-01-01,221,A
USGS,09057500,2023-01-02,221,A
USGS,09057500,2023-01-03,237,A
USGS,09057500,2023-01-04,266,A
USGS,09057500,2023-01-05,266,A
USGS,09057500,2023-01-06,268,A
USGS,09057500,2023-01-07,262,A
USGS,09057500,2023-01-08,262,A
USGS,09057500,2023-01-09,265,A
USGS,09057500,2023-01-10,257,A
USGS,09057500,2023-01-11,235,A
USGS,09057500,2023-01-12,235,A
USGS,09057500,2023-01-13,238,A
USGS,09057500,2023-01-14,219,A
USGS,09057500,2023-01-15,212,A
USGS,09057500,2023-01-16,213,A
USGS,09057500,2023-01-17,214,A
USGS,09057500,2023-01-18,214,A
USGS,09057500,2023-01-19,215,A
USGS,09057500,2023-01-20,232,A
USGS,09057500,2023-01-21,242,A
USGS,09057500,2023-01-22,246,A
USGS,09057500,2023-01-23,246,A
USGS,09057500,2023-01-24,223,A
USGS,09057500,2023-01-25,205,A
USGS,09057500,2023-01-26,200,A
USGS,09057500,2023-01-27,182,A
USGS,09057500,2023-01-28,182,A
USGS,09057500,2023-01-29,181,A
USGS,09057500,2023-01-30,181,A
USGS,09057500,2023-01-31,191,A
USGS,09057500,2023-02-01,209,A
USGS,09057500,2023-02-02,211,A
USGS,09057500,2023-02-03,213,A
USGS,09057500,2023-02-04,219,A
USGS,09057500,2023-02-05,216,A
USGS,09057500,2023-02-06,213,A
USGS,09057500,2023-02-07,212,A
USGS,09057500,2023-02-08,211,A
USGS,09057500,2023-02-09,213,A
USGS,09057500,2023-02-10,211,A
USGS,09057500,2023-02-11,210,A
USGS,09057500,2023-02-12,211,A
USGS,09057500,2023-02-13,200,A
USGS,09057500,2023-02-14,197,A
USGS,09057500,2023-02-15,193,A
USGS,09057500,2023-02-16,193,A
USGS,09057500,2023-02-17,192,A
USGS,09057500,2023-02-18,182,A
USGS,09057500,2023-02-19,171,A
USGS,09057500,2023-02-20,171,A
USGS,09057500,2023-02-21,172,A
USGS,09057500,2023-02-22,174,A
USGS,09057500,2023-02-23,176,A
USGS,09057500,2023-02-24,181,A
USGS,09057500,2023-02-25,191,A
USGS,09057500,2023-02-26,190,A
USGS,09057500,2023-02-27,194,A
USGS,09057500,2023-02-28,217,A
USGS,09057500,2023-03-01,213,A
USGS,09057500,2023-03-02,211,A
USGS,09057500,2023-03-03,208,A
USGS,09057500,2023-03-04,207,A
USGS,09057500,2023-03-05,209,A
USGS,09057500,2023-03-06,213,A
USGS,09057500,2023-03-07,208,A
USGS,09057500,2023-03-08,200,A
USGS,09057500,2023-03-09,211,A
USGS,09057500,2023-03-10,208,A
USGS,09057500,2023-03-11,187,A
USGS,09057500,2023-03-12,184,A
USGS,09057500,2023-03-13,185,A
USGS,09057500,2023-03-14,169,A
USGS,09057500,2023-03-15,129,A
USGS,09057500,2023-03-16,105,A
USGS,09057500,2023-03-17,126,A
USGS,09057500,2023-03-18,169,A
USGS,09057500,2023-03-19,194,A
USGS,09057500,2023-03-20,197,A
USGS,09057500,2023-03-21,198,A
USGS,09057500,2023-03-22,198,A
USGS,09057500,2023-03-23,203,A
USGS,09057500,2023-03-24,211,A
USGS,09057500,2023-03-25,208,A
USGS,09057500,2023-03-26,212,A
USGS,09057500,2023-03-27,215,A
USGS,09057500,2023-03-28,210,A
USGS,09057500,2023-03-29,213,A
USGS,09057500,2023-03-30,213,A
USGS,09057500,2023-03-31,212,A
USGS,09057500,2023-04-01,212,A
USGS,09057500,2023-04-02,210,A
USGS,09057500,2023-04-03,209,A
USGS,09057500,2023-04-04,214,A
USGS,09057500,2023-04-05,226,A
USGS,09057500,2023-04-06,249,A
USGS,09057500,2023-04-07,249,A
USGS,09057500,2023-04-08,257,A
USGS,09057500,2023-04-09,250,A
USGS,09057500,2023-04-10,236,A
USGS,09057500,2023-04-11,135,A
USGS,09057500,2023-04-12,102,A
USGS,09057500,2023-04-13,100,A
USGS,09057500,2023-04-14,106,A
USGS,09057500,2023-04-15,107,A
USGS,09057500,2023-04-16,105,A
USGS,09057500,2023-04-17,106,A
USGS,09057500,2023-04-18,108,A
USGS,09057500,2023-04-19,112,A
USGS,09057500,2023-04-20,109,A
USGS,09057500,2023-04-21,115,A
USGS,09057500,2023-04-22,113,A
USGS,09057500,2023-04-23,112,A
USGS,09057500,2023-04-24,110,A
USGS,09057500,2023-04-25,112,A
USGS,09057500,2023-04-26,112,A
USGS,09057500,2023-04-27,105,A
USGS,09057500,2023-04-28,103,A
USGS,09057500,2023-04-29,101,A
USGS,09057500,2023-04-30,141,A
USGS,09057500,2023-05-01,233,A
USGS,09057500,2023-05-02,234,A
USGS,09057500,2023-05-03,237,A
USGS,09057500,2023-05-04,192,A
USGS,09057500,2023-05-05,105,A
USGS,09057500,2023-05-06,105,A
USGS,09057500,2023-05-07,105,A
USGS,09057500,2023-05-08,96.7,A
USGS,09057500,2023-05-09,97.8,A
USGS,09057500,2023-05-10,102,A
USGS,09057500,2023-05-11,99.9,A
USGS,09057500,2023-05-12,99.1,A
USGS,09057500,2023-05-13,102,A
USGS,09057500,2023-05-14,100,A
USGS,09057500,2023-05-15,106,A
USGS,09057500,2023-05-16,109,A
USGS,09057500,2023-05-17,105,A
USGS,09057500,2023-05-18,101,A
USGS,09057500,2023-05-19,99.6,A
USGS,09057500,2023-05-20,106,A
USGS,09057500,2023-05-21,106,A
USGS,09057500,2023-05-22,105,A
USGS,09057500,2023-05-23,106,A
USGS,09057500,2023-05-24,103,A
USGS,09057500,2023-05-25,100,A
USGS,09057500,2023-05-26,103,A
USGS,09057500,2023-05-27,104,A
USGS,09057500,2023-05-28,103,A
USGS,09057500,2023-05-29,104,A
USGS,09057500,2023-05-30,111,A
USGS,09057500,2023-05-31,111,A
USGS,09057500,2023-06-01,109,A
USGS,09057500,2023-06-02,110,A
USGS,09057500,2023-06-03,107,A
USGS,09057500,2023-06-04,104,A
USGS,09057500,2023-06-05,106,A
USGS,09057500,2023-06-06,161,A
USGS,09057500,2023-06-07,221,A
USGS,09057500,2023-06-08,393,A
USGS,09057500,2023-06-09,504,A
USGS,09057500,2023-06-10,606,A
USGS,09057500,2023-06-11,609,A
USGS,09057500,2023-06-12,681,A
USGS,09057500,2023-06-13,749,A
USGS,09057500,2023-06-14,756,A
USGS,09057500,2023-06-15,755,A
USGS,09057500,2023-06-16,757,A
USGS,09057500,2023-06-17,756,A
USGS,09057500,2023-06-18,754,A
USGS,09057500,2023-06-19,755,A
USGS,09057500,2023-06-20,756,A
USGS,09057500,2023-06-21,1080,A
USGS,09057500,2023-06-22,1360,A
USGS,09057500,2023-06-23,1350,A
USGS,09057500,2023-06-24,1540,A
USGS,09057500,2023-06-25,1680,A
USGS,09057500,2023-06-26,1480,A
USGS,09057500,2023-06-27,1460,A
USGS,09057500,2023-06-28,1550,A
USGS,09057500,2023-06-29,1580,A
USGS,09057500,2023-06-30,1620,A
USGS,09057500,2023-07-01,1440,A
USGS,09057500,2023-07-02,1340,A
USGS,09057500,2023-07-03,1340,A
USGS,09057500,2023-07-04,1310,A
USGS,09057500,2023-07-05,1320,A
USGS,09057500,2023-07-06,1340,A
USGS,09057500,2023-07-07,1340,A
USGS,09057500,2023-07-08,1270,A
USGS,09057500,2023-07-09,1160,A
USGS,09057500,2023-07-10,1130,A
USGS,09057500,2023-07-11,1130,A
USGS,09057500,2023-07-12,1010,A
USGS,09057500,2023-07-13,807,A
USGS,09057500,2023-07-14,809,A
USGS,09057500,2023-07-15,791,A
USGS,09057500,2023-07-16,984,A
USGS,09057500,2023-07-17,1130,A
USGS,09057500,2023-07-18,925,A
USGS,09057500,2023-07-19,716,A
USGS,09057500,2023-07-20,657,A
USGS,09057500,2023-07-21,832,A
USGS,09057500,2023-07-22,835,A
USGS,09057500,2023-07-23,735,A
USGS,09057500,2023-07-24,681,A
USGS,09057500,2023-07-25,686,A
USGS,09057500,2023-07-26,656,A
USGS,09057500,2023-07-27,613,A
USGS,09057500,2023-07-28,498,A
USGS,09057500,2023-07-29,459,A
USGS,09057500,2023-07-30,464,A
USGS,09057500,2023-07-31,457,A
USGS,09057500,2023-08-01,509,A
USGS,09057500,2023-08-02,790,A
USGS,09057500,2023-08-03,1120,A
USGS,09057500,2023-08-04,891,A
USGS,09057500,2023-08-05,788,A
USGS,09057500,2023-08-06,788,A
USGS,09057500,2023-08-07,679,A
USGS,09057500,2023-08-08,487,A
USGS,09057500,2023-08-09,459,A
USGS,09057500,2023-08-10,427,A
USGS,09057500,2023-08-11,429,A
USGS,09057500,2023-08-12,431,A
USGS,09057500,2023-08-13,441,A
USGS,09057500,2023-08-14,403,A
USGS,09057500,2023-08-15,356,A
USGS,09057500,2023-08-16,375,A
USGS,09057500,2023-08-17,403,A
USGS,09057500,2023-08-18,411,A
USGS,09057500,2023-08-19,411,A
USGS,09057500,2023-08-20,411,A
USGS,09057500,2023-08-21,426,A
USGS,09057500,2023-08-22,485,A
USGS,09057500,2023-08-23,532,A
USGS,09057500,2023-08-24,473,A
USGS,09057500,2023-08-25,224,A
USGS,09057500,2023-08-26,200,A
USGS,09057500,2023-08-27,307,A
USGS,09057500,2023-08-28,344,A
USGS,09057500,2023-08-29,385,A
USGS,09057500,2023-08-30,523,A
USGS,09057500,2023-08-31,763,A
USGS,09057500,2023-09-01,755,A
USGS,09057500,2023-09-02,754,A
USGS,09057500,2023-09-03,754,A
USGS,09057500,2023-09-04,758,A
USGS,09057500,2023-09-05,760,A
USGS,09057500,2023-09-06,768,A
USGS,09057500,2023-09-07,789,A
USGS,09057500,2023-09-08,817,A
USGS,09057500,2023-09-09,916,A
USGS,09057500,2023-09-10,927,A
USGS,09057500,2023-09-11,956,A
USGS,09057500,2023-09-12,991,A
USGS,09057500,2023-09-13,969,A
USGS,09057500,2023-09-14,945,A
USGS,09057500,2023-09-15,907,A
USGS,09057500,2023-09-16,870,A
USGS,09057500,2023-09-17,859,A
USGS,09057500,2023-09-18,866,A
USGS,09057500,2023-09-19,869,A
USGS,09057500,2023-09-20,864,A
USGS,09057500,2023-09-21,863,A
USGS,09057500,2023-09-22,834,A
USGS,09057500,2023-09-23,791,A
USGS,09057500,2023-09-24,761,A
USGS,09057500,2023-09-25,764,A
USGS,09057500,2023-09-26,757,A
USGS,09057500,2023-09-27,758,A
USGS,09057500,2023-09-28,757,A
USGS,09057500,2023-09-29,781,A
USGS,09057500,2023-09-30,846,A
USGS,09057500,2023-10-01,885,A
USGS,09057500,2023-10-02,839,A
USGS,09057500,2023-10-03,830,A
USGS,09057500,2023-10-04,826,A
USGS,09057500,2023-10-05,817,A
USGS,09057500,2023-10-06,826,A
USGS,09057500,2023-10-07,828,A
USGS,09057500,2023-10-08,813,A
USGS,09057500,2023-10-09,791,A
USGS,09057500,2023-10-10,776,A
USGS,09057500,2023-10-11,774,A
USGS,09057500,2023-10-12,779,A
USGS,09057500,2023-10-13,801,A
USGS,09057500,2023-10-14,805,A
USGS,09057500,2023-10-15,800,A
USGS,09057500,2023-10-16,784,A
USGS,09057500,2023-10-17,784,A
USGS,09057500,2023-10-18,796,A
USGS,09057500,2023-10-19,785,A
USGS,09057500,2023-10-20,774,A
USGS,09057500,2023-10-21,761,A
USGS,09057500,2023-10-22,758,A
USGS,09057500,2023-10-23,749,A
USGS,09057500,2023-10-24,678,A
USGS,09057500,2023-10-25,618,A
USGS,09057500,2023-10-26,541,A
USGS,09057500,2023-10-27,538,A
USGS,09057500,2023-10-28,537,A
USGS,09057500,2023-10-29,535,A
USGS,09057500,2023-10-30,516,A
USGS,09057500,2023-10-31,423,A
USGS,09057500,2023-11-01,359,A
USGS,09057500,2023-11-02,253,A
USGS,09057500,2023-11-03,201,A
USGS,09057500,2023-11-04,189,A
USGS,09057500,2023-11-05,192,A
USGS,09057500,2023-11-06,207,A
USGS,09057500,2023-11-07,239,A
USGS,09057500,2023-11-08,263,A
USGS,09057500,2023-11-09,248,A
USGS,09057500,2023-11-10,218,A
USGS,09057500,2023-11-11,209,A
USGS,09057500,2023-11-12,213,A
USGS,09057500,2023-11-13,204,A
USGS,09057500,2023-11-14,188,A
USGS,09057500,2023-11-15,188,A
USGS,09057500,2023-11-16,196,A
USGS,09057500,2023-11-17,200,A
USGS,09057500,2023-11-18,189,A
USGS,09057500,2023-11-19,188,A
USGS,09057500,2023-11-20,182,A
USGS,09057500,2023-11-21,169,A
USGS,09057500,2023-11-22,175,A
USGS,09057500,2023-11-23,175,A
USGS,09057500,2023-11-24,185,A
USGS,09057500,2023-11-25,193,A
USGS,09057500,2023-11-26,194,A
USGS,09057500,2023-11-27,186,A
USGS,09057500,2023-11-28,169,A
USGS,09057500,2023-11-29,156,A
USGS,09057500,2023-11-30,155,A
USGS,09057500,2023-12-01,164,A
USGS,09057500,2023-12-02,186,A
USGS,09057500,2023-12-03,186,A
USGS,09057500,2023-12-04,191,A
USGS,09057500,2023-12-05,193,A
USGS,09057500,2023-12-06,195,A
USGS,09057500,2023-12-07,191,A
USGS,09057500,2023-12-08,191,A
USGS,09057500,2023-12-09,190,A
USGS,09057500,2023-12-10,189,A
USGS,09057500,2023-12-11,192,A
USGS,09057500,2023-12-12,184,A
USGS,09057500,2023-12-13,172,A
USGS,09057500,2023-12-14,174,A
USGS,09057500,2023-12-15,172,A
USGS,09057500,2023-12-16,174,A
USGS,09057500,2023-12-17,174,A
USGS,09057500,2023-12-18,174,A
USGS,09057500,2023-12-19,163,A
USGS,09057500,2023-12-20,149,A
USGS,09057500,2023-12-21,149,A
USGS,09057500,2023-12-22,160,A
USGS,09057500,2023-12-23,172,A
USGS,09057500,2023-12-24,172,A
USGS,09057500,2023-12-25,173,A
USGS,09057500,2023-12-26,174,A
USGS,09057500,2023-12-27,177,A
USGS,09057500,2023-12-28,171,A
USGS,09057500,2023-12-29,174,A
USGS,09057500,2023-12-30,172,A
USGS,09057500,2023-12-31,171,A
USGS,09057500,2024-01-01,172,A
USGS,09057500,2024-01-02,172,A
USGS,09057500,2024-01-03,176,A
USGS,09057500,2024-01-04,173,A
USGS,09057500,2024-01-05,175,A
USGS,09057500,2024-01-06,175,A
USGS,09057500,2024-01-07,173,A
USGS,09057500,2024-01-08,167,A
USGS,09057500,2024-01-09,162,A
USGS,09057500,2024-01-10,151,A
USGS,09057500,2024-01-11,151,A
USGS,09057500,2024-01-12,151,A
USGS,09057500,2024-01-13,153,A
USGS,09057500,2024-01-14,151,A
USGS,09057500,2024-01-15,152,A
USGS,09057500,2024-01-16,159,A
USGS,09057500,2024-01-17,177,A
USGS,09057500,2024-01-18,179,A
USGS,09057500,2024-01-19,184,A
USGS,09057500,2024-01-20,206,A
USGS,09057500,2024-01-21,207,A
USGS,09057500,2024-01-22,207,A
USGS,09057500,2024-01-23,215,A
USGS,09057500,2024-01-24,228,A
USGS,09057500,2024-01-25,226,A
USGS,09057500,2024-01-26,230,A
USGS,09057500,2024-01-27,231,A
USGS,09057500,2024-01-28,232,A
USGS,09057500,2024-01-29,232,A
USGS,09057500,2024-01-30,232,A
USGS,09057500,2024-01-31,228,A
USGS,09057500,2024-02-01,227,A
USGS,09057500,2024-02-02,228,A
USGS,09057500,2024-02-03,231,A
USGS,09057500,2024-02-04,234,A
USGS,09057500,2024-02-05,232,A
USGS,09057500,2024-02-06,232,A
USGS,09057500,2024-02-07,229,A
USGS,09057500,2024-02-08,231,A
USGS,09057500,2024-02-09,229,A
USGS,09057500,2024-02-10,231,A
USGS,09057500,2024-02-11,228,A
USGS,09057500,2024-02-12,229,A
USGS,09057500,2024-02-13,227,A
USGS,09057500,2024-02-14,226,A
USGS,09057500,2024-02-15,226,A
USGS,09057500,2024-02-16,229,A
USGS,09057500,2024-02-17,228,A
USGS,09057500,2024-02-18,228,A
USGS,09057500,2024-02-19,229,A
USGS,09057500,2024-02-20,229,A
USGS,09057500,2024-02-21,228,A
USGS,09057500,2024-02-22,227,A
USGS,09057500,2024-02-23,227,A
USGS,09057500,2024-02-24,227,A
USGS,09057500,2024-02-25,228,A
USGS,09057500,2024-02-26,236,A
USGS,09057500,2024-02-27,237,A
USGS,09057500,2024-02-28,234,A
USGS,09057500,2024-02-29,223,A
USGS,09057500,2024-03-01,206,A
USGS,09057500,2024-03-02,205,A
USGS,09057500,2024-03-03,201,A
USGS,09057500,2024-03-04,204,A
USGS,09057500,2024-03-05,202,A
USGS,09057500,2024-03-06,206,A
USGS,09057500,2024-03-07,207,A
USGS,09057500,2024-03-08,202,A
USGS,09057500,2024-03-09,202,A
USGS,09057500,2024-03-10,200,A
USGS,09057500,2024-03-11,207,A
USGS,09057500,2024-03-12,205,A
USGS,09057500,2024-03-13,213,A
USGS,09057500,2024-03-14,207,A
USGS,09057500,2024-03-15,209,A
USGS,09057500,2024-03-16,209,A
USGS,09057500,2024-03-17,208,A
USGS,09057500,2024-03-18,208,A
USGS,09057500,2024-03-19,207,A
USGS,09057500,2024-03-20,207,A
USGS,09057500,2024-03-21,206,A
USGS,09057500,2024-03-22,206,A
USGS,09057500,2024-03-23,208,A
USGS,09057500,2024-03-24,206,A
USGS,09057500,2024-03-25,212,A
USGS,09057500,2024-03-26,217,A
USGS,09057500,2024-03-27,220,A
USGS,09057500,2024-03-28,228,A
USGS,09057500,2024-03-29,228,A
USGS,09057500,2024-03-30,230,A
USGS,09057500,2024-03-31,227,A
USGS,09057500,2024-04-01,231,A
USGS,09057500,2024-04-02,228,A
USGS,09057500,2024-04-03,230,A
USGS,09057500,2024-04-04,229,A
USGS,09057500,2024-04-05,232,A
USGS,09057500,2024-04-06,244,A
USGS,09057500,2024-04-07,324,A
USGS,09057500,2024-04-08,389,A
USGS,09057500,2024-04-09,388,A
USGS,09057500,2024-04-10,297,A
USGS,09057500,2024-04-11,260,A
USGS,09057500,2024-04-12,259,A
USGS,09057500,2024-04-13,256,A
USGS,09057500,2024-04-14,258,A
USGS,09057500,2024-04-15,255,A
USGS,09057500,2024-04-16,252,A
USGS,09057500,2024-04-17,253,A
USGS,09057500,2024-04-18,255,A
USGS,09057500,2024-04-19,242,A
USGS,09057500,2024-04-20,182,A
USGS,09057500,2024-04-21,180,A
USGS,09057500,2024-04-22,182,A
USGS,09057500,2024-04-23,182,A
USGS,09057500,2024-04-24,178,A
USGS,09057500,2024-04-25,178,A
USGS,09057500,2024-04-26,177,A
USGS,09057500,2024-04-27,180,A
USGS,09057500,2024-04-28,185,A
USGS,09057500,2024-04-29,186,A
USGS,09057500,2024-04-30,187,A
USGS,09057500,2024-05-01,184,A
USGS,09057500,2024-05-02,183,A
USGS,09057500,2024-05-03,178,A
USGS,09057500,2024-05-04,180,A
USGS,09057500,2024-05-05,178,A
USGS,09057500,2024-05-06,186,A
USGS,09057500,2024-05-07,185,A
USGS,09057500,2024-05-08,187,A
USGS,09057500,2024-05-09,233,A
USGS,09057500,2024-05-10,257,A
USGS,09057500,2024-05-11,260,A
USGS,09057500,2024-05-12,263,A
USGS,09057500,2024-05-13,264,A
USGS,09057500,2024-05-14,264,A
USGS,09057500,2024-05-15,264,A
USGS,09057500,2024-05-16,257,A
USGS,09057500,2024-05-17,254,A
USGS,09057500,2024-05-18,253,A
USGS,09057500,2024-05-19,256,A
USGS,09057500,2024-05-20,268,A
USGS,09057500,2024-05-21,284,A
USGS,09057500,2024-05-22,363,A
USGS,09057500,2024-05-23,359,A
USGS,09057500,2024-05-24,399,A
USGS,09057500,2024-05-25,407,A
USGS,09057500,2024-05-26,412,A
USGS,09057500,2024-05-27,424,A
USGS,09057500,2024-05-28,409,A
USGS,09057500,2024-05-29,404,A
USGS,09057500,2024-05-30,409,A
USGS,09057500,2024-05-31,422,A
USGS,09057500,2024-06-01,431,A
USGS,09057500,2024-06-02,421,A
USGS,09057500,2024-06-03,431,A
USGS,09057500,2024-06-04,698,A
USGS,09057500,2024-06-05,957,A
USGS,09057500,2024-06-06,1530,A
USGS,09057500,2024-06-07,1570,A
USGS,09057500,2024-06-08,1580,A
USGS,09057500,2024-06-09,1590,A
USGS,09057500,2024-06-10,1590,A
USGS,09057500,2024-06-11,1580,A
USGS,09057500,2024-06-12,1580,A
USGS,09057500,2024-06-13,1580,A
USGS,09057500,2024-06-14,1570,A
USGS,09057500,2024-06-15,1580,A
USGS,09057500,2024-06-16,1580,A
USGS,09057500,2024-06-17,1530,A
USGS,09057500,2024-06-18,1160,A
USGS,09057500,2024-06-19,1050,A
USGS,09057500,2024-06-20,1000,A
USGS,09057500,2024-06-21,1010,A
USGS,09057500,2024-06-22,1100,A
USGS,09057500,2024-06-23,1370,A
USGS,09057500,2024-06-24,1500,A
USGS,09057500,2024-06-25,1500,A
USGS,09057500,2024-06-26,1460,A
USGS,09057500,2024-06-27,1200,A
USGS,09057500,2024-06-28,1190,A
USGS,09057500,2024-06-29,1280,A
USGS,09057500,2024-06-30,1470,A
USGS,09057500,2024-07-01,1600,A
USGS,09057500,2024-07-02,2000,A
USGS,09057500,2024-07-03,1870,A
USGS,09057500,2024-07-04,1370,A
USGS,09057500,2024-07-05,1140,A
USGS,09057500,2024-07-06,1100,A
USGS,09057500,2024-07-07,1090,A
USGS,09057500,2024-07-08,1020,A
USGS,09057500,2024-07-09,927,A
USGS,09057500,2024-07-10,842,A
USGS,09057500,2024-07-11,847,A
USGS,09057500,2024-07-12,833,A
USGS,09057500,2024-07-13,834,A
USGS,09057500,2024-07-14,833,A
USGS,09057500,2024-07-15,744,A
USGS,09057500,2024-07-16,731,A
USGS,09057500,2024-07-17,743,A
USGS,09057500,2024-07-18,773,A
USGS,09057500,2024-07-19,765,A
USGS,09057500,2024-07-20,703,A
USGS,09057500,2024-07-21,604,A
USGS,09057500,2024-07-22,501,A
USGS,09057500,2024-07-23,372,A
USGS,09057500,2024-07-24,289,A
USGS,09057500,2024-07-25,352,A
USGS,09057500,2024-07-26,411,A
USGS,09057500,2024-07-27,386,A
USGS,09057500,2024-07-28,389,A
USGS,09057500,2024-07-29,360,A
USGS,09057500,2024-07-30,347,A
USGS,09057500,2024-07-31,348,A
USGS,09057500,2024-08-01,372,A
USGS,09057500,2024-08-02,405,A
USGS,09057500,2024-08-03,424,A
USGS,09057500,2024-08-04,442,A
USGS,09057500,2024-08-05,441,A
USGS,09057500,2024-08-06,422,A
USGS,09057500,2024-08-07,358,A
USGS,09057500,2024-08-08,343,A
USGS,09057500,2024-08-09,277,A
USGS,09057500,2024-08-10,217,A
USGS,09057500,2024-08-11,216,A
USGS,09057500,2024-08-12,216,A
USGS,09057500,2024-08-13,218,A
USGS,09057500,2024-08-14,268,A
USGS,09057500,2024-08-15,315,A
USGS,09057500,2024-08-16,326,A
USGS,09057500,2024-08-17,325,A
USGS,09057500,2024-08-18,310,A
USGS,09057500,2024-08-19,343,A
USGS,09057500,2024-08-20,389,A
USGS,09057500,2024-08-21,367,A
USGS,09057500,2024-08-22,356,A
USGS,09057500,2024-08-23,372,A
USGS,09057500,2024-08-24,354,A
USGS,09057500,2024-08-25,337,A
USGS,09057500,2024-08-26,358,A
USGS,09057500,2024-08-27,356,A
USGS,09057500,2024-08-28,368,A
USGS,09057500,2024-08-29,406,A
USGS,09057500,2024-08-30,396,A
USGS,09057500,2024-08-31,396,A
USGS,09057500,2024-09-01,414,A
USGS,09057500,2024-09-02,398,A
USGS,09057500,2024-09-03,419,A
USGS,09057500,2024-09-04,512,A
USGS,09057500,2024-09-05,772,A
USGS,09057500,2024-09-06,899,A
USGS,09057500,2024-09-07,859,A
USGS,09057500,2024-09-08,879,A
USGS,09057500,2024-09-09,894,A
USGS,09057500,2024-09-10,890,A
USGS,09057500,2024-09-11,917,A
USGS,09057500,2024-09-12,941,A
USGS,09057500,2024-09-13,944,A
USGS,09057500,2024-09-14,909,A
USGS,09057500,2024-09-15,880,A
USGS,09057500,2024-09-16,860,A
USGS,09057500,2024-09-17,863,A
USGS,09057500,2024-09-18,941,A
USGS,09057500,2024-09-19,975,A
USGS,09057500,2024-09-20,869,A
USGS,09057500,2024-09-21,897,A
USGS,09057500,2024-09-22,982,A
USGS,09057500,2024-09-23,958,A
USGS,09057500,2024-09-24,983,A
USGS,09057500,2024-09-25,1010,A
USGS,09057500,2024-09-26,1060,A
USGS,09057500,2024-09-27,1060,A
USGS,09057500,2024-09-28,1060,A
USGS,09057500,2024-09-29,1060,A
USGS,09057500,2024-09-30,1060,A
USGS,09057500,2024-10-01,1080,A
USGS,09057500,2024-10-02,1020,A
USGS,09057500,2024-10-03,859,A
USGS,09057500,2024-10-04,865,A
USGS,09057500,2024-10-05,862,A
USGS,09057500,2024-10-06,885,A
USGS,09057500,2024-10-07,932,A
USGS,09057500,2024-10-08,956,A
USGS,09057500,2024-10-09,921,A
USGS,09057500,2024-10-10,823,A
USGS,09057500,2024-10-11,734,A
USGS,09057500,2024-10-12,704,A
USGS,09057500,2024-10-13,703,A
USGS,09057500,2024-10-14,684,A
USGS,09057500,2024-10-15,668,A
USGS,09057500,2024-10-16,662,A
USGS,09057500,2024-10-17,660,A
USGS,09057500,2024-10-18,653,A
USGS,09057500,2024-10-19,635,A
USGS,09057500,2024-10-20,644,A
USGS,09057500,2024-10-21,595,A
USGS,09057500,2024-10-22,640,A
USGS,09057500,2024-10-23,700,A
USGS,09057500,2024-10-24,680,A
USGS,09057500,2024-10-25,655,A
USGS,09057500,2024-10-26,644,A
USGS,09057500,2024-10-27,656,A
USGS,09057500,2024-10-28,653,A
USGS,09057500,2024-10-29,653,A
USGS,09057500,2024-10-30,655,A
USGS,09057500,2024-10-31,654,A
USGS,09057500,2024-11-01,442,A
USGS,09057500,2024-11-02,368,A
USGS,09057500,2024-11-03,311,A
USGS,09057500,2024-11-04,281,A
USGS,09057500,2024-11-05,281,A
USGS,09057500,2024-11-06,281,A
USGS,09057500,2024-11-07,262,A
USGS,09057500,2024-11-08,226,A
USGS,09057500,2024-11-09,231,A
USGS,09057500,2024-11-10,231,A
USGS,09057500,2024-11-11,229,A
USGS,09057500,2024-11-12,227,A
USGS,09057500,2024-11-13,228,A
USGS,09057500,2024-11-14,229,A
USGS,09057500,2024-11-15,224,A
USGS,09057500,2024-11-16,237,A
USGS,09057500,2024-11-17,243,A
USGS,09057500,2024-11-18,249,A
USGS,09057500,2024-11-19,242,A
USGS,09057500,2024-11-20,215,A
USGS,09057500,2024-11-21,209,A
USGS,09057500,2024-11-22,214,A
USGS,09057500,2024-11-23,209,A
USGS,09057500,2024-11-24,207,A
USGS,09057500,2024-11-25,201,A
USGS,09057500,2024-11-26,200,A
USGS,09057500,2024-11-27,198,A
USGS,09057500,2024-11-28,190,A
USGS,09057500,2024-11-29,209,A
USGS,09057500,2024-11-30,220,A
USGS,09057500,2024-12-01,220,A
USGS,09057500,2024-12-02,218,A
USGS,09057500,2024-12-03,220,A
USGS,09057500,2024-12-04,218,A
USGS,09057500,2024-12-05,218,A
USGS,09057500,2024-12-06,215,A
USGS,09057500,2024-12-07,197,A
USGS,09057500,2024-12-08,167,A
USGS,09057500,2024-12-09,149,A
USGS,09057500,2024-12-10,154,A
USGS,09057500,2024-12-11,149,A
USGS,09057500,2024-12-12,154,A
USGS,09057500,2024-12-13,154,A
USGS,09057500,2024-12-14,136,A
USGS,09057500,2024-12-15,129,A
USGS,09057500,2024-12-16,125,A
USGS,09057500,2024-12-17,127,A
USGS,09057500,2024-12-18,125,A
USGS,09057500,2024-12-19,124,A
USGS,09057500,2024-12-20,128,A
USGS,09057500,2024-12-21,144,A
USGS,09057500,2024-12-22,151,A
USGS,09057500,2024-12-23,152,A
USGS,09057500,2024-12-24,153,A
USGS,09057500,2024-12-25,154,A
USGS,09057500,2024-12-26,151,A
USGS,09057500,2024-12-27,149,A
USGS,09057500,2024-12-28,166,A
USGS,09057500,2024-12-29,175,A
