"Date","Discharge_cfs","approval_status","sampled","velocity"
2022-10-02,150,"Approved","no","no"
2022-10-03,215,"Approved","no","no"
2022-10-04,221,"Approved","no","no"
2022-10-05,190,"Approved","no","no"
2022-10-06,180,"Approved","no","no"
2022-10-07,194,"Approved","no","no"
2022-10-08,206,"Approved","no","no"
2022-10-09,219,"Approved","no","no"
2022-10-10,243,"Approved","no","no"
2022-10-11,272,"Approved","no","no"
2022-10-12,340,"Approved","no","no"
2022-10-13,419,"Approved","no","no"
2022-10-14,576,"Approved","no","no"
2022-10-15,626,"Approved","no","no"
2022-10-16,646,"Approved","no","no"
2022-10-17,650,"Approved","no","no"
2022-10-18,636,"Approved","no","no"
2022-10-19,640,"Approved","no","no"
2022-10-20,671,"Approved","no","no"
2022-10-21,719,"Approved","no","no"
2022-10-22,755,"Approved","no","no"
2022-10-23,746,"Approved","no","no"
2022-10-24,670,"Approved","no","no"
2022-10-25,568,"Approved","no","no"
2022-10-26,493,"Approved","no","no"
2022-10-27,364,"Approved","no","no"
2022-10-28,285,"Approved","no","no"
2022-10-29,202,"Approved","no","no"
2022-10-30,160,"Approved","no","no"
2022-10-31,157,"Approved","no","no"
2022-11-01,155,"Approved","no","no"
2022-11-02,152,"Approved","no","no"
2022-11-03,153,"Approved","no","no"
2022-11-04,156,"Approved","no","no"
2022-11-05,166,"Approved","no","no"
2022-11-06,164,"Approved","no","no"
2022-11-07,168,"Approved","no","no"
2022-11-08,169,"Approved","no","no"
2022-11-09,171,"Approved","no","no"
2022-11-10,180,"Approved","no","no"
2022-11-11,200,"Approved","no","no"
2022-11-12,203,"Approved","no","no"
2022-11-13,201,"Approved","no","no"
2022-11-14,189,"Approved","no","no"
2022-11-15,182,"Approved","no","no"
2022-11-16,181,"Approved","no","no"
2022-11-17,179,"Approved","no","no"
2022-11-18,177,"Approved","no","no"
2022-11-19,173,"Approved","no","no"
2022-11-20,177,"Approved","no","no"
2022-11-21,176,"Approved","no","no"
2022-11-22,172,"Approved","no","no"
2022-11-23,177,"Approved","no","no"
2022-11-24,175,"Approved","no","no"
2022-11-25,172,"Approved","no","no"
2022-11-26,172,"Approved","no","no"
2022-11-27,170,"Approved","no","no"
2022-11-28,173,"Approved","no","no"
2022-11-29,177,"Approved","no","no"
2022-11-30,180,"Approved","no","no"
2022-12-01,191,"Approved","no","no"
2022-12-02,190,"Approved","no","no"
2022-12-03,201,"Approved","no","no"
2022-12-04,202,"Approved","no","no"
2022-12-05,196,"Approved","no","no"
2022-12-06,208,"Approved","no","no"
2022-12-07,236,"Approved","no","no"
2022-12-08,242,"Approved","no","no"
2022-12-09,244,"Approved","no","no"
2022-12-10,244,"Approved","no","no"
2022-12-11,243,"Approved","no","no"
2022-12-12,232,"Approved","no","no"
2022-12-13,225,"Approved","no","no"
2022-12-14,223,"Approved","no","no"
2022-12-15,225,"Approved","no","no"
2022-12-16,207,"Approved","no","no"
2022-12-17,190,"Approved","no","no"
2022-12-18,170,"Approved","no","no"
2022-12-19,147,"Approved","no","no"
2022-12-20,134,"Approved","no","no"
2022-12-21,134,"Approved","no","no"
2022-12-22,143,"Approved","no","no"
2022-12-23,167,"Approved","no","no"
2022-12-24,180,"Approved","no","no"
2022-12-25,189,"Approved","no","no"
2022-12-26,203,"Approved","no","no"
2022-12-27,206,"Approved","no","no"
2022-12-28,213,"Approved","no","no"
2022-12-29,222,"Approved","no","no"
2022-12-30,220,"Approved","no","no"
2022-12-31,223,"Approved","no","no"
2023-01-01,221,"Approved","no","no"
2023-01-02,221,"Approved","no","no"
2023-01-03,237,"Approved","no","no"
2023-01-04,266,"Approved","no","no"
2023-01-05,266,"Approved","no","no"
2023-01-06,268,"Approved","no","no"
2023-01-07,262,"Approved","no","no"
2023-01-08,262,"Approved","no","no"
2023-01-09,265,"Approved","no","no"
2023-01-10,257,"Approved","no","no"
2023-01-11,235,"Approved","no","no"
2023-01-12,235,"Approved","no","no"
2023-01-13,238,"Approved","no","no"
2023-01-14,219,"Approved","no","no"
2023-01-15,212,"Approved","yes","no"
2023-01-16,213,"Approved","no","no"
2023-01-17,214,"Approved","no","no"
2023-01-18,214,"Approved","no","no"
2023-01-19,215,"Approved","no","no"
2023-01-20,232,"Approved","no","no"
2023-01-21,242,"Approved","no","no"
2023-01-22,246,"Approved","no","no"
2023-01-23,246,"Approved","no","no"
2023-01-24,223,"Approved","no","no"
2023-01-25,205,"Approved","no","no"
2023-01-26,200,"Approved","no","no"
2023-01-27,182,"Approved","no","no"
2023-01-28,182,"Approved","no","no"
2023-01-29,181,"Approved","no","no"
2023-01-30,181,"Approved","no","no"
2023-01-31,191,"Approved","no","no"
2023-02-01,209,"Approved","no","no"
2023-02-02,211,"Approved","no","no"
2023-02-03,213,"Approved","no","no"
2023-02-04,219,"Approved","no","no"
2023-02-05,216,"Approved","no","no"
2023-02-06,213,"Approved","no","no"
2023-02-07,212,"Approved","no","no"
2023-02-08,211,"Approved","no","no"
2023-02-09,213,"Approved","no","no"
2023-02-10,211,"Approved","no","no"
2023-02-11,210,"Approved","no","no"
2023-02-12,211,"Approved","no","no"
2023-02-13,200,"Approved","no","no"
2023-02-14,197,"Approved","no","no"
2023-02-15,193,"Approved","no","no"
2023-02-16,193,"Approved","no","no"
2023-02-17,192,"Approved","no","no"
2023-02-18,182,"Approved","no","no"
2023-02-19,171,"Approved","no","no"
2023-02-20,171,"Approved","no","no"
2023-02-21,172,"Approved","no","no"
2023-02-22,174,"Approved","no","no"
2023-02-23,176,"Approved","no","no"
2023-02-24,181,"Approved","no","no"
2023-02-25,191,"Approved","no","no"
2023-02-26,190,"Approved","no","no"
2023-02-27,194,"Approved","no","no"
2023-02-28,217,"Approved","no","no"
2023-03-01,213,"Approved","no","no"
2023-03-02,211,"Approved","no","no"
2023-03-03,208,"Approved","no","no"
2023-03-04,207,"Approved","no","no"
2023-03-05,209,"Approved","no","no"
2023-03-06,213,"Approved","no","no"
2023-03-07,208,"Approved","no","no"
2023-03-08,200,"Approved","no","no"
2023-03-09,211,"Approved","no","no"
2023-03-10,208,"Approved","no","no"
2023-03-11,187,"Approved","no","no"
2023-03-12,184,"Approved","no","no"
2023-03-13,185,"Approved","no","no"
2023-03-14,169,"Approved","no","no"
2023-03-15,129,"Approved","no","no"
2023-03-16,105,"Approved","no","no"
2023-03-17,126,"Approved","no","no"
2023-03-18,169,"Approved","no","no"
2023-03-19,194,"Approved","no","no"
2023-03-20,197,"Approved","no","no"
2023-03-21,198,"Approved","yes","no"
2023-03-22,198,"Approved","no","no"
2023-03-23,203,"Approved","no","no"
2023-03-24,211,"Approved","no","no"
2023-03-25,208,"Approved","no","no"
2023-03-26,212,"Approved","no","no"
2023-03-27,215,"Approved","no","no"
2023-03-28,210,"Approved","no","no"
2023-03-29,213,"Approved","no","no"
2023-03-30,213,"Approved","no","no"
2023-03-31,212,"Approved","no","no"
2023-04-01,212,"Approved","no","no"
2023-04-02,210,"Approved","no","no"
2023-04-03,209,"Approved","no","no"
2023-04-04,214,"Approved","no","no"
2023-04-05,226,"Approved","no","no"
2023-04-06,249,"Approved","no","no"
2023-04-07,249,"Approved","no","no"
2023-04-08,257,"Approved","no","no"
2023-04-09,250,"Approved","no","no"
2023-04-10,236,"Approved","no","no"
2023-04-11,135,"Approved","no","no"
2023-04-12,102,"Approved","no","no"
2023-04-13,100,"Approved","no","no"
2023-04-14,106,"Approved","no","no"
2023-04-15,107,"Approved","no","no"
2023-04-16,105,"Approved","no","no"
2023-04-17,106,"Approved","no","no"
2023-04-18,108,"Approved","no","no"
2023-04-19,112,"Approved","no","no"
2023-04-20,109,"Approved","no","no"
2023-04-21,115,"Approved","no","no"
2023-04-22,113,"Approved","no","no"
2023-04-23,112,"Approved","no","no"
2023-04-24,110,"Approved","no","no"
2023-04-25,112,"Approved","no","no"
2023-04-26,112,"Approved","no","no"
2023-04-27,105,"Approved","no","no"
2023-04-28,103,"Approved","no","no"
2023-04-29,101,"Approved","no","no"
2023-04-30,141,"Approved","no","no"
2023-05-01,233,"Approved","no","no"
2023-05-02,234,"Approved","no","no"
2023-05-03,237,"Approved","no","no"
2023-05-04,192,"Approved","no","no"
2023-05-05,105,"Approved","no","no"
2023-05-06,105,"Approved","no","no"
2023-05-07,105,"Approved","no","no"
2023-05-08,96.7,"Approved","no","no"
2023-05-09,97.8,"Approved","no","no"
2023-05-10,102,"Approved","no","no"
2023-05-11,99.9,"Approved","no","no"
2023-05-12,99.1,"Approved","yes","no"
2023-05-13,102,"Approved","no","no"
2023-05-14,100,"Approved","no","no"
2023-05-15,106,"Approved","no","no"
2023-05-16,109,"Approved","no","no"
2023-05-17,105,"Approved","no","no"
2023-05-18,101,"Approved","no","no"
2023-05-19,99.6,"Approved","no","no"
2023-05-20,106,"Approved","no","no"
2023-05-21,106,"Approved","no","no"
2023-05-22,105,"Approved","no","no"
2023-05-23,106,"Approved","no","no"
2023-05-24,103,"Approved","yes","no"
2023-05-25,100,"Approved","no","no"
2023-05-26,103,"Approved","no","no"
2023-05-27,104,"Approved","no","no"
2023-05-28,103,"Approved","no","no"
2023-05-29,104,"Approved","no","no"
2023-05-30,111,"Approved","no","no"
2023-05-31,111,"Approved","no","no"
2023-06-01,109,"Approved","no","no"
2023-06-02,110,"Approved","no","no"
2023-06-03,107,"Approved","no","no"
2023-06-04,104,"Approved","no","no"
2023-06-05,106,"Approved","no","no"
2023-06-06,161,"Approved","no","no"
2023-06-07,221,"Approved","no","no"
2023-06-08,393,"Approved","no","no"
2023-06-09,504,"Approved","no","no"
2023-06-10,606,"Approved","no","no"
2023-06-11,609,"Approved","no","no"
2023-06-12,681,"Approved","no","no"
2023-06-13,749,"Approved","no","no"
2023-06-14,756,"Approved","no","no"
2023-06-15,755,"Approved","no","no"
2023-06-16,757,"Approved","no","no"
2023-06-17,756,"Approved","no","no"
2023-06-18,754,"Approved","no","no"
2023-06-19,755,"Approved","no","no"
2023-06-20,756,"Approved","no","no"
2023-06-21,1080,"Approved","no","no"
2023-06-22,1360,"Approved","no","no"
2023-06-23,1350,"Approved","no","no"
2023-06-24,1540,"Approved","no","no"
2023-06-25,1680,"Approved","no","no"
2023-06-26,1480,"Approved","no","no"
2023-06-27,1460,"Approved","yes","no"
2023-06-28,1550,"Approved","no","no"
2023-06-29,1580,"Approved","no","no"
2023-06-30,1620,"Approved","no","no"
2023-07-01,1440,"Approved","no","no"
2023-07-02,1340,"Approved","no","no"
2023-07-03,1340,"Approved","no","no"
2023-07-04,1310,"Approved","no","no"
2023-07-05,1320,"Approved","no","no"
2023-07-06,1340,"Approved","no","no"
2023-07-07,1340,"Approved","no","no"
2023-07-08,1270,"Approved","no","no"
2023-07-09,1160,"Approved","no","no"
2023-07-10,1130,"Approved","no","no"
2023-07-11,1130,"Approved","no","no"
2023-07-12,1010,"Approved","no","no"
2023-07-13,807,"Approved","no","no"
2023-07-14,809,"Approved","no","no"
2023-07-15,791,"Approved","no","no"
2023-07-16,984,"Approved","no","no"
2023-07-17,1130,"Approved","no","no"
2023-07-18,925,"Approved","no","no"
2023-07-19,716,"Approved","no","no"
2023-07-20,657,"Approved","no","no"
2023-07-21,832,"Approved","no","no"
2023-07-22,835,"Approved","no","no"
2023-07-23,735,"Approved","no","no"
2023-07-24,681,"Approved","no","no"
2023-07-25,686,"Approved","no","no"
2023-07-26,656,"Approved","no","no"
2023-07-27,613,"Approved","no","no"
2023-07-28,498,"Approved","no","no"
2023-07-29,459,"Approved","no","no"
2023-07-30,464,"Approved","no","no"
2023-07-31,457,"Approved","yes","no"
2023-08-01,509,"Approved","no","no"
2023-08-02,790,"Approved","no","no"
2023-08-03,1120,"Approved","no","no"
2023-08-04,891,"Approved","no","no"
2023-08-05,788,"Approved","no","no"
2023-08-06,788,"Approved","no","no"
2023-08-07,679,"Approved","no","no"
2023-08-08,487,"Approved","no","no"
2023-08-09,459,"Approved","no","no"
2023-08-10,427,"Approved","no","no"
2023-08-11,429,"Approved","no","no"
2023-08-12,431,"Approved","no","no"
2023-08-13,441,"Approved","no","no"
2023-08-14,403,"Approved","no","no"
2023-08-15,356,"Approved","no","no"
2023-08-16,375,"Approved","no","no"
2023-08-17,403,"Approved","no","no"
2023-08-18,411,"Approved","no","no"
2023-08-19,411,"Approved","no","no"
2023-08-20,411,"Approved","no","no"
2023-08-21,426,"Approved","no","no"
2023-08-22,485,"Approved","no","no"
2023-08-23,532,"Approved","no","no"
2023-08-24,473,"Approved","no","no"
2023-08-25,224,"Approved","no","no"
2023-08-26,200,"Approved","no","no"
2023-08-27,307,"Approved","no","no"
2023-08-28,344,"Approved","no","no"
2023-08-29,385,"Approved","no","no"
2023-08-30,523,"Approved","no","no"
2023-08-31,763,"Approved","no","no"
2023-09-01,755,"Approved","no","no"
2023-09-02,754,"Approved","no","no"
2023-09-03,754,"Approved","no","no"
2023-09-04,758,"Approved","no","no"
2023-09-05,760,"Approved","no","no"
2023-09-06,768,"Approved","no","no"
2023-09-07,789,"Approved","no","no"
2023-09-08,817,"Approved","no","no"
2023-09-09,916,"Approved","no","no"
2023-09-10,927,"Approved","no","no"
2023-09-11,956,"Approved","no","no"
2023-09-12,991,"Approved","no","no"
2023-09-13,969,"Approved","no","no"
2023-09-14,945,"Approved","no","no"
2023-09-15,907,"Approved","no","no"
2023-09-16,870,"Approved","no","no"
2023-09-17,859,"Approved","no","no"
2023-09-18,866,"Approved","no","no"
2023-09-19,869,"Approved","no","no"
2023-09-20,864,"Approved","no","no"
2023-09-21,863,"Approved","no","no"
2023-09-22,834,"Approved","no","no"
2023-09-23,791,"Approved","no","no"
2023-09-24,761,"Approved","no","no"
2023-09-25,764,"Approved","no","no"
2023-09-26,757,"Approved","no","no"
2023-09-27,758,"Approved","no","no"
2023-09-28,757,"Approved","no","no"
2023-09-29,781,"Approved","no","no"
2023-09-30,846,"Approved","no","no"
2023-10-01,885,"Approved","no","no"
2023-10-02,839,"Approved","no","no"
2023-10-03,830,"Approved","no","no"
2023-10-04,826,"Approved","yes","no"
2023-10-05,817,"Approved","no","no"
2023-10-06,826,"Approved","no","no"
2023-10-07,828,"Approved","no","no"
2023-10-08,813,"Approved","no","no"
2023-10-09,791,"Approved","no","no"
2023-10-10,776,"Approved","no","no"
2023-10-11,774,"Approved","no","no"
2023-10-12,779,"Approved","no","no"
2023-10-13,801,"Approved","no","no"
2023-10-14,805,"Approved","no","no"
2023-10-15,800,"Approved","no","no"
2023-10-16,784,"Approved","no","no"
2023-10-17,784,"Approved","no","no"
2023-10-18,796,"Approved","no","no"
2023-10-19,785,"Approved","no","no"
2023-10-20,774,"Approved","no","no"
2023-10-21,761,"Approved","no","no"
2023-10-22,758,"Approved","no","no"
2023-10-23,749,"Approved","no","no"
2023-10-24,678,"Approved","no","no"
2023-10-25,618,"Approved","no","no"
2023-10-26,541,"Approved","no","no"
2023-10-27,538,"Approved","no","no"
2023-10-28,537,"Approved","no","no"
2023-10-29,535,"Approved","no","no"
2023-10-30,516,"Approved","no","no"
2023-10-31,423,"Approved","no","no"
2023-11-01,359,"Approved","no","no"
2023-11-02,253,"Approved","no","no"
2023-11-03,201,"Approved","no","no"
2023-11-04,189,"Approved","no","no"
2023-11-05,192,"Approved","no","no"
2023-11-06,207,"Approved","no","no"
2023-11-07,239,"Approved","no","no"
2023-11-08,263,"Approved","no","no"
2023-11-09,248,"Approved","no","no"
2023-11-10,218,"Approved","no","no"
2023-11-11,209,"Approved","no","no"
2023-11-12,213,"Approved","no","no"
2023-11-13,204,"Approved","no","no"
2023-11-14,188,"Approved","no","no"
2023-11-15,188,"Approved","no","no"
2023-11-16,196,"Approved","no","no"
2023-11-17,200,"Approved","no","no"
2023-11-18,189,"Approved","no","no"
2023-11-19,188,"Approved","no","no"
2023-11-20,182,"Approved","no","no"
2023-11-21,169,"Approved","no","no"
2023-11-22,175,"Approved","no","no"
2023-11-23,175,"Approved","no","no"
2023-11-24,185,"Approved","no","no"
2023-11-25,193,"Approved","no","no"
2023-11-26,194,"Approved","no","no"
2023-11-27,186,"Approved","no","no"
2023-11-28,169,"Approved","no","no"
2023-11-29,156,"Approved","no","no"
2023-11-30,155,"Approved","no","no"
2023-12-01,164,"Approved","no","no"
2023-12-02,186,"Approved","no","no"
2023-12-03,186,"Approved","no","no"
2023-12-04,191,"Approved","no","no"
2023-12-05,193,"Approved","no","no"
2023-12-06,195,"Approved","no","no"
2023-12-07,191,"Approved","no","no"
2023-12-08,191,"Approved","no","no"
2023-12-09,190,"Approved","no","no"
2023-12-10,189,"Approved","no","no"
2023-12-11,192,"Approved","no","no"
2023-12-12,184,"Approved","no","no"
2023-12-13,172,"Approved","no","no"
2023-12-14,174,"Approved","no","no"
2023-12-15,172,"Approved","no","no"
2023-12-16,174,"Approved","no","no"
2023-12-17,174,"Approved","no","no"
2023-12-18,174,"Approved","no","no"
2023-12-19,163,"Approved","no","no"
2023-12-20,149,"Approved","no","no"
2023-12-21,149,"Approved","no","no"
2023-12-22,160,"Approved","no","no"
2023-12-23,172,"Approved","no","no"
2023-12-24,172,"Approved","no","no"
2023-12-25,173,"Approved","no","no"
2023-12-26,174,"Approved","no","no"
2023-12-27,177,"Approved","no","no"
2023-12-28,171,"Approved","no","no"
2023-12-29,174,"Approved","no","no"
2023-12-30,172,"Approved","no","no"
2023-12-31,171,"Approved","no","no"
2024-01-01,172,"Approved","no","no"
2024-01-02,172,"Approved","no","no"
2024-01-03,176,"Approved","no","no"
2024-01-04,173,"Approved","no","no"
2024-01-05,175,"Approved","no","no"
2024-01-06,175,"Approved","no","no"
2024-01-07,173,"Approved","no","no"
2024-01-08,167,"Approved","no","no"
2024-01-09,162,"Approved","no","no"
2024-01-10,151,"Approved","no","no"
2024-01-11,151,"Approved","no","no"
2024-01-12,151,"Approved","no","no"
2024-01-13,153,"Approved","no","no"
2024-01-14,151,"Approved","no","no"
2024-01-15,152,"Approved","no","no"
2024-01-16,159,"Approved","no","no"
2024-01-17,177,"Approved","no","no"
2024-01-18,179,"Approved","no","no"
2024-01-19,184,"Approved","no","no"
2024-01-20,206,"Approved","no","no"
2024-01-21,207,"Approved","no","no"
2024-01-22,207,"Approved","no","no"
2024-01-23,215,"Approved","no","no"
2024-01-24,228,"Approved","no","no"
2024-01-25,226,"Approved","no","no"
2024-01-26,230,"Approved","no","no"
2024-01-27,231,"Approved","no","no"
2024-01-28,232,"Approved","no","no"
2024-01-29,232,"Approved","no","no"
2024-01-30,232,"Approved","no","no"
2024-01-31,228,"Approved","no","no"
2024-02-01,227,"Approved","no","no"
2024-02-02,228,"Approved","no","no"
2024-02-03,231,"Approved","no","no"
2024-02-04,234,"Approved","no","no"
2024-02-05,232,"Approved","no","no"
2024-02-06,232,"Approved","no","no"
2024-02-07,229,"Approved","no","no"
2024-02-08,231,"Approved","no","no"
2024-02-09,229,"Approved","no","no"
2024-02-10,231,"Approved","no","no"
2024-02-11,228,"Approved","no","no"
2024-02-12,229,"Approved","no","no"
2024-02-13,227,"Approved","no","no"
2024-02-14,226,"Approved","no","no"
2024-02-15,226,"Approved","no","no"
2024-02-16,229,"Approved","no","no"
2024-02-17,228,"Approved","no","no"
2024-02-18,228,"Approved","no","no"
2024-02-19,229,"Approved","no","no"
2024-02-20,229,"Approved","no","no"
2024-02-21,228,"Approved","no","no"
2024-02-22,227,"Approved","no","no"
2024-02-23,227,"Approved","no","no"
2024-02-24,227,"Approved","no","no"
2024-02-25,228,"Approved","no","no"
2024-02-26,236,"Approved","no","no"
2024-02-27,237,"Approved","no","no"
2024-02-28,234,"Approved","no","no"
2024-02-29,223,"Approved","no","no"
2024-03-01,206,"Approved","no","no"
2024-03-02,205,"Approved","no","no"
2024-03-03,201,"Approved","no","no"
2024-03-04,204,"Approved","no","no"
2024-03-05,202,"Approved","no","no"
2024-03-06,206,"Approved","no","no"
2024-03-07,207,"Approved","no","no"
2024-03-08,202,"Approved","no","no"
2024-03-09,202,"Approved","no","no"
2024-03-10,200,"Approved","no","no"
2024-03-11,207,"Approved","no","no"
2024-03-12,205,"Approved","no","no"
2024-03-13,213,"Approved","no","no"
2024-03-14,207,"Approved","no","no"
2024-03-15,209,"Approved","no","no"
2024-03-16,209,"Approved","no","no"
2024-03-17,208,"Approved","no","no"
2024-03-18,208,"Approved","no","no"
2024-03-19,207,"Approved","no","no"
2024-03-20,207,"Approved","no","no"
2024-03-21,206,"Approved","no","no"
2024-03-22,206,"Approved","no","no"
2024-03-23,208,"Approved","no","no"
2024-03-24,206,"Approved","no","no"
2024-03-25,212,"Approved","no","no"
2024-03-26,217,"Approved","no","no"
2024-03-27,220,"Approved","no","no"
2024-03-28,228,"Approved","no","no"
2024-03-29,228,"Approved","no","no"
2024-03-30,230,"Approved","no","no"
2024-03-31,227,"Approved","no","no"
2024-04-01,231,"Approved","no","no"
2024-04-02,228,"Approved","no","no"
2024-04-03,230,"Approved","no","no"
2024-04-04,229,"Approved","no","no"
2024-04-05,232,"Approved","no","no"
2024-04-06,244,"Approved","no","no"
2024-04-07,324,"Approved","no","no"
2024-04-08,389,"Approved","no","no"
2024-04-09,388,"Approved","no","no"
2024-04-10,297,"Approved","no","no"
2024-04-11,260,"Approved","no","no"
2024-04-12,259,"Approved","no","no"
2024-04-13,256,"Approved","no","no"
2024-04-14,258,"Approved","no","no"
2024-04-15,255,"Approved","no","no"
2024-04-16,252,"Approved","no","no"
2024-04-17,253,"Approved","no","no"
2024-04-18,255,"Approved","no","no"
2024-04-19,242,"Approved","no","no"
2024-04-20,182,"Approved","no","no"
2024-04-21,180,"Approved","no","no"
2024-04-22,182,"Approved","no","no"
2024-04-23,182,"Approved","no","no"
2024-04-24,178,"Approved","no","no"
2024-04-25,178,"Approved","no","no"
2024-04-26,177,"Approved","no","no"
2024-04-27,180,"Approved","no","no"
2024-04-28,185,"Approved","no","no"
2024-04-29,186,"Approved","no","no"
2024-04-30,187,"Approved","no","no"
2024-05-01,184,"Approved","no","no"
2024-05-02,183,"Approved","no","no"
2024-05-03,178,"Approved","no","no"
2024-05-04,180,"Approved","no","no"
2024-05-05,178,"Approved","no","no"
2024-05-06,186,"Approved","no","no"
2024-05-07,185,"Approved","no","no"
2024-05-08,187,"Approved","no","no"
2024-05-09,233,"Approved","no","no"
2024-05-10,257,"Approved","no","no"
2024-05-11,260,"Approved","no","no"
2024-05-12,263,"Approved","no","no"
2024-05-13,264,"Approved","yes","no"
2024-05-14,264,"Approved","yes","no"
2024-05-15,264,"Approved","yes","no"
2024-05-16,257,"Approved","yes","no"
2024-05-17,254,"Approved","yes","no"
2024-05-18,253,"Approved","no","no"
2024-05-19,256,"Approved","no","no"
2024-05-20,268,"Approved","no","no"
2024-05-21,284,"Approved","no","no"
2024-05-22,363,"Approved","no","no"
2024-05-23,359,"Approved","no","no"
2024-05-24,399,"Approved","no","no"
2024-05-25,407,"Approved","no","no"
2024-05-26,412,"Approved","no","no"
2024-05-27,424,"Approved","no","no"
2024-05-28,409,"Approved","no","no"
2024-05-29,404,"Approved","no","no"
2024-05-30,409,"Approved","no","no"
2024-05-31,422,"Approved","no","no"
2024-06-01,431,"Approved","no","no"
2024-06-02,421,"Approved","no","no"
2024-06-03,431,"Approved","no","no"
2024-06-04,698,"Approved","no","no"
2024-06-05,957,"Approved","no","no"
2024-06-06,1530,"Approved","no","no"
2024-06-07,1570,"Approved","no","no"
2024-06-08,1580,"Approved","no","no"
2024-06-09,1590,"Approved","no","no"
2024-06-10,1590,"Approved","no","no"
2024-06-11,1580,"Approved","no","no"
2024-06-12,1580,"Approved","no","no"
2024-06-13,1580,"Approved","no","no"
2024-06-14,1570,"Approved","no","no"
2024-06-15,1580,"Approved","no","no"
2024-06-16,1580,"Approved","no","no"
2024-06-17,1530,"Approved","no","no"
2024-06-18,1160,"Approved","no","no"
2024-06-19,1050,"Approved","no","no"
2024-06-20,1000,"Approved","no","no"
2024-06-21,1010,"Approved","no","no"
2024-06-22,1100,"Approved","no","no"
2024-06-23,1370,"Approved","no","no"
2024-06-24,1500,"Approved","no","no"
2024-06-25,1500,"Approved","no","no"
2024-06-26,1460,"Approved","no","no"
2024-06-27,1200,"Approved","no","no"
2024-06-28,1190,"Approved","no","no"
2024-06-29,1280,"Approved","no","no"
2024-06-30,1470,"Approved","no","no"
2024-07-01,1600,"Approved","no","no"
2024-07-02,2000,"Approved","no","no"
2024-07-03,1870,"Approved","no","no"
2024-07-04,1370,"Approved","no","no"
2024-07-05,1140,"Approved","no","no"
2024-07-06,1100,"Approved","no","no"
2024-07-07,1090,"Approved","no","no"
2024-07-08,1020,"Approved","no","no"
2024-07-09,927,"Approved","no","no"
2024-07-10,842,"Approved","no","no"
2024-07-11,847,"Approved","no","no"
2024-07-12,833,"Approved","no","no"
2024-07-13,834,"Approved","no","no"
2024-07-14,833,"Approved","no","no"
2024-07-15,744,"Approved","no","no"
2024-07-16,731,"Approved","no","no"
2024-07-17,743,"Approved","no","no"
2024-07-18,773,"Approved","no","no"
2024-07-19,765,"Approved","no","no"
2024-07-20,703,"Approved","no","no"
2024-07-21,604,"Approved","no","no"
2024-07-22,501,"Approved","no","no"
2024-07-23,372,"Approved","no","no"
2024-07-24,289,"Approved","yes","yes"
2024-07-25,352,"Approved","no","no"
2024-07-26,411,"Approved","no","no"
2024-07-27,386,"Approved","no","no"
2024-07-28,389,"Approved","no","no"
2024-07-29,360,"Approved","yes","no"
2024-07-30,347,"Approved","yes","no"
2024-07-31,348,"Approved","yes","no"
2024-08-01,372,"Approved","yes","no"
2024-08-02,405,"Approved","yes","no"
2024-08-03,424,"Approved","no","no"
2024-08-04,442,"Approved","no","no"
2024-08-05,441,"Approved","no","no"
2024-08-06,422,"Approved","no","no"
2024-08-07,358,"Approved","no","no"
2024-08-08,343,"Approved","no","no"
2024-08-09,277,"Approved","no","no"
2024-08-10,217,"Approved","no","no"
2024-08-11,216,"Approved","no","no"
2024-08-12,216,"Approved","no","no"
2024-08-13,218,"Approved","yes","yes"
2024-08-14,268,"Approved","no","no"
2024-08-15,315,"Approved","no","no"
2024-08-16,326,"Approved","no","no"
2024-08-17,325,"Approved","no","no"
2024-08-18,310,"Approved","no","no"
2024-08-19,343,"Approved","no","no"
2024-08-20,389,"Approved","no","no"
2024-08-21,367,"Approved","no","no"
2024-08-22,356,"Approved","no","no"
2024-08-23,372,"Approved","no","no"
2024-08-24,354,"Approved","no","no"
2024-08-25,337,"Approved","no","no"
2024-08-26,358,"Approved","no","no"
2024-08-27,356,"Approved","no","no"
2024-08-28,368,"Approved","no","no"
2024-08-29,406,"Approved","no","no"
2024-08-30,396,"Approved","no","no"
2024-08-31,396,"Approved","no","no"
2024-09-01,414,"Approved","no","no"
2024-09-02,398,"Approved","no","no"
2024-09-03,419,"Approved","no","no"
2024-09-04,512,"Approved","no","no"
2024-09-05,772,"Approved","no","no"
2024-09-06,899,"Approved","no","no"
2024-09-07,859,"Approved","no","no"
2024-09-08,879,"Approved","no","no"
2024-09-09,894,"Approved","no","no"
2024-09-10,890,"Approved","no","no"
2024-09-11,917,"Approved","no","no"
2024-09-12,941,"Approved","no","no"
2024-09-13,944,"Approved","no","no"
2024-09-14,909,"Approved","no","no"
2024-09-15,880,"Approved","no","no"
2024-09-16,860,"Approved","no","no"
2024-09-17,863,"Approved","no","no"
2024-09-18,941,"Approved","no","no"
2024-09-19,975,"Approved","no","no"
2024-09-20,869,"Approved","no","no"
2024-09-21,897,"Approved","no","no"
2024-09-22,982,"Approved","no","no"
2024-09-23,958,"Approved","no","no"
2024-09-24,983,"Approved","no","no"
2024-09-25,1010,"Approved","no","no"
2024-09-26,1060,"Approved","yes","yes"
2024-09-27,1060,"Approved","no","no"
2024-09-28,1060,"Approved","no","no"
2024-09-29,1060,"Approved","no","no"
2024-09-30,1060,"Approved","no","no"
2024-10-01,1080,"Approved","no","no"
2024-10-02,1020,"Approved","no","no"
2024-10-03,859,"Approved","no","no"
2024-10-04,865,"Approved","no","no"
2024-10-05,862,"Approved","no","no"
2024-10-06,885,"Approved","no","no"
2024-10-07,932,"Approved","no","no"
2024-10-08,956,"Approved","no","no"
2024-10-09,921,"Approved","no","no"
2024-10-10,823,"Approved","no","no"
2024-10-11,734,"Approved","no","no"
2024-10-12,704,"Approved","no","no"
2024-10-13,703,"Approved","no","no"
2024-10-14,684,"Approved","no","no"
2024-10-15,668,"Approved","no","no"
2024-10-16,662,"Approved","no","no"
2024-10-17,660,"Approved","no","no"
2024-10-18,653,"Approved","no","no"
2024-10-19,635,"Approved","no","no"
2024-10-20,644,"Approved","no","no"
2024-10-21,595,"Approved","no","no"
2024-10-22,640,"Approved","no","no"
2024-10-23,700,"Approved","no","no"
2024-10-24,680,"Approved","no","no"
2024-10-25,655,"Approved","no","no"
2024-10-26,644,"Approved","yes","yes"
2024-10-27,656,"Approved","no","no"
2024-10-28,653,"Approved","no","no"
2024-10-29,653,"Approved","no","no"
2024-10-30,655,"Approved","no","no"
2024-10-31,654,"Approved","no","no"
2024-11-01,442,"Approved","no","no"
2024-11-02,368,"Approved","no","no"
2024-11-03,311,"Approved","no","no"
2024-11-04,281,"Approved","no","no"
2024-11-05,281,"Approved","no","no"
2024-11-06,281,"Approved","no","no"
2024-11-07,262,"Approved","no","no"
2024-11-08,226,"Approved","no","no"
2024-11-09,231,"Approved","no","no"
2024-11-10,231,"Approved","no","no"
2024-11-11,229,"Approved","no","no"
2024-11-12,227,"Approved","no","no"
2024-11-13,228,"Approved","no","no"
2024-11-14,229,"Approved","yes","yes"
2024-11-15,224,"Approved","no","no"
2024-11-16,237,"Approved","no","no"
2024-11-17,243,"Approved","no","no"
2024-11-18,249,"Approved","no","no"
2024-11-19,242,"Approved","no","no"
2024-11-20,215,"Approved","no","no"
2024-11-21,209,"Approved","no","no"
2024-11-22,214,"Approved","no","no"
2024-11-23,209,"Approved","no","no"
2024-11-24,207,"Approved","no","no"
2024-11-25,201,"Approved","no","no"
2024-11-26,200,"Approved","no","no"
2024-11-27,198,"Approved","no","no"
2024-11-28,190,"Approved","no","no"
2024-11-29,209,"Approved","no","no"
2024-11-30,220,"Approved","no","no"
2024-12-01,220,"Approved","no","no"
2024-12-02,218,"Approved","no","no"
2024-12-03,220,"Approved","no","no"
2024-12-04,218,"Approved","no","no"
2024-12-05,218,"Approved","no","no"
2024-12-06,215,"Approved","no","no"
2024-12-07,197,"Approved","no","no"
2024-12-08,167,"Approved","no","no"
2024-12-09,149,"Approved","no","no"
2024-12-10,154,"Approved","no","no"
2024-12-11,149,"Approved","no","no"
2024-12-12,154,"Approved","no","no"
2024-12-13,154,"Approved","no","no"
2024-12-14,136,"Approved","no","no"
2024-12-15,129,"Approved","no","no"
2024-12-16,125,"Approved","no","no"
2024-12-17,127,"Approved","no","no"
2024-12-18,125,"Approved","no","no"
2024-12-19,124,"Approved","no","no"
2024-12-20,128,"Approved","no","no"
2024-12-21,144,"Approved","no","no"
2024-12-22,151,"Approved","no","no"
2024-12-23,152,"Approved","no","no"
2024-12-24,153,"Approved","no","no"
2024-12-25,154,"Approved","no","no"
2024-12-26,151,"Approved","no","no"
2024-12-27,149,"Approved","no","no"
2024-12-28,166,"Approved","no","no"
2024-12-29,175,"Approved","no","no"
2024-12-30,189,"Approved","no","no"
2024-12-31,193,"Approved","no","no"
2025-01-01,191,"Approved","no","no"
2025-01-02,191,"Approved","no","no"
2025-01-03,190,"Approved","no","no"
2025-01-04,198,"Approved","no","no"
2025-01-05,198,"Approved","no","no"
2025-01-06,204,"Approved","no","no"
2025-01-07,199,"Approved","no","no"
2025-01-08,195,"Approved","no","no"
2025-01-09,200,"Approved","no","no"
2025-01-10,197,"Approved","no","no"
2025-01-11,198,"Approved","no","no"
2025-01-12,195,"Approved","no","no"
2025-01-13,190,"Approved","no","no"
2025-01-14,195,"Approved","no","no"
2025-01-15,198,"Approved","no","no"
2025-01-16,198,"Approved","yes","yes"
2025-01-17,193,"Approved","no","no"
2025-01-18,176,"Approved","no","no"
2025-01-19,168,"Approved","no","no"
2025-01-20,159,"Approved","no","no"
2025-01-21,157,"Approved","no","no"
2025-01-22,135,"Approved","no","no"
2025-01-23,135,"Approved","no","no"
2025-01-24,138,"Approved","no","no"
2025-01-25,140,"Approved","no","no"
2025-01-26,134,"Approved","no","no"
2025-01-27,156,"Approved","no","no"
2025-01-28,164,"Approved","no","no"
2025-01-29,166,"Approved","no","no"
2025-01-30,165,"Approved","no","no"
2025-01-31,159,"Approved","no","no"
2025-02-01,153,"Approved","no","no"
2025-02-02,158,"Approved","no","no"
2025-02-03,162,"Approved","no","no"
2025-02-04,179,"Approved","no","no"
2025-02-05,188,"Approved","no","no"
2025-02-06,193,"Approved","no","no"
2025-02-07,192,"Approved","no","no"
2025-02-08,190,"Approved","no","no"
2025-02-09,187,"Approved","no","no"
2025-02-10,186,"Approved","no","no"
2025-02-11,193,"Approved","no","no"
2025-02-12,188,"Approved","no","no"
2025-02-13,187,"Approved","no","no"
2025-02-14,186,"Approved","no","no"
2025-02-15,188,"Approved","no","no"
2025-02-16,186,"Approved","no","no"
2025-02-17,207,"Approved","no","no"
2025-02-18,218,"Approved","no","no"
2025-02-19,215,"Approved","no","no"
2025-02-20,213,"Approved","no","no"
2025-02-21,213,"Approved","no","no"
2025-02-22,215,"Approved","no","no"
2025-02-23,215,"Approved","no","no"
2025-02-24,215,"Approved","no","no"
2025-02-25,217,"Approved","no","no"
2025-02-26,218,"Approved","no","no"
2025-02-27,200,"Approved","no","no"
2025-02-28,165,"Approved","no","no"
2025-03-01,168,"Approved","no","no"
2025-03-02,169,"Approved","no","no"
2025-03-03,170,"Approved","no","no"
2025-03-04,169,"Approved","no","no"
2025-03-05,171,"Approved","no","no"
2025-03-06,169,"Approved","no","no"
2025-03-07,184,"Approved","no","no"
2025-03-08,192,"Approved","no","no"
2025-03-09,189,"Approved","no","no"
2025-03-10,190,"Approved","no","no"
2025-03-11,187,"Approved","yes","yes"
2025-03-12,186,"Approved","no","no"
2025-03-13,184,"Approved","no","no"
2025-03-14,186,"Approved","no","no"
2025-03-15,185,"Approved","no","no"
2025-03-16,185,"Approved","no","no"
2025-03-17,183,"Approved","no","no"
2025-03-18,210,"Approved","no","no"
2025-03-19,224,"Approved","no","no"
2025-03-20,225,"Approved","no","no"
2025-03-21,222,"Approved","no","no"
2025-03-22,212,"Approved","no","no"
2025-03-23,210,"Approved","no","no"
2025-03-24,210,"Approved","no","no"
2025-03-25,211,"Approved","no","no"
2025-03-26,211,"Approved","no","no"
2025-03-27,213,"Approved","no","no"
2025-03-28,233,"Approved","no","no"
2025-03-29,264,"Approved","no","no"
2025-03-30,272,"Approved","no","no"
2025-03-31,303,"Approved","no","no"
2025-04-01,357,"Approved","no","no"
2025-04-02,402,"Approved","no","no"
2025-04-03,396,"Approved","no","no"
2025-04-04,452,"Approved","no","no"
2025-04-05,610,"Approved","no","no"
2025-04-06,726,"Approved","no","no"
2025-04-07,745,"Approved","no","no"
2025-04-08,747,"Approved","no","no"
2025-04-09,700,"Approved","no","no"
2025-04-10,570,"Approved","no","no"
2025-04-11,426,"Approved","no","no"
2025-04-12,319,"Approved","no","no"
2025-04-13,309,"Approved","no","no"
2025-04-14,385,"Approved","no","no"
2025-04-15,402,"Approved","no","no"
2025-04-16,397,"Approved","no","no"
2025-04-17,399,"Approved","no","no"
2025-04-18,400,"Approved","no","no"
2025-04-19,475,"Approved","no","no"
2025-04-20,542,"Approved","no","no"
2025-04-21,509,"Approved","no","no"
2025-04-22,338,"Approved","no","no"
2025-04-23,164,"Approved","no","no"
2025-04-24,147,"Approved","no","no"
2025-04-25,144,"Approved","no","no"
2025-04-26,148,"Approved","no","no"
2025-04-27,150,"Approved","no","no"
2025-04-28,145,"Approved","no","no"
2025-04-29,215,"Approved","no","no"
2025-04-30,296,"Approved","no","no"
2025-05-01,248,"Approved","no","no"
2025-05-02,123,"Approved","no","no"
2025-05-03,111,"Approved","no","no"
2025-05-04,105,"Approved","no","no"
2025-05-05,102,"Approved","no","no"
2025-05-06,99.4,"Approved","no","no"
2025-05-07,99.9,"Approved","no","no"
2025-05-08,101,"Approved","no","no"
2025-05-09,103,"Approved","no","no"
2025-05-10,101,"Approved","no","no"
2025-05-11,101,"Approved","no","no"
2025-05-12,102,"Approved","no","no"
2025-05-13,103,"Approved","no","no"
2025-05-14,102,"Approved","no","no"
2025-05-15,100,"Approved","no","no"
2025-05-16,102,"Approved","no","no"
2025-05-17,105,"Approved","no","no"
2025-05-18,106,"Approved","no","no"
2025-05-19,107,"Approved","yes","yes"
2025-05-20,107,"Approved","yes","yes"
2025-05-21,80.7,"Approved","yes","yes"
2025-05-22,61.3,"Approved","yes","yes"
2025-05-23,60.9,"Approved","yes","yes"
2025-05-24,60.9,"Approved","no","no"
2025-05-25,60.9,"Approved","no","no"
2025-05-26,61.1,"Approved","no","no"
2025-05-27,60.8,"Approved","no","no"
2025-05-28,61,"Approved","no","no"
2025-05-29,61.2,"Approved","no","no"
2025-05-30,61,"Approved","no","no"
2025-05-31,61.4,"Approved","no","no"
2025-06-01,61.4,"Approved","no","no"
2025-06-02,61.5,"Approved","no","no"
2025-06-03,61.5,"Approved","no","no"
2025-06-04,61.6,"Approved","no","no"
2025-06-05,61.9,"Approved","no","no"
2025-06-06,62.2,"Approved","no","no"
2025-06-07,62.2,"Approved","no","no"
2025-06-08,62.2,"Approved","no","no"
2025-06-09,62.1,"Approved","no","no"
2025-06-10,78.8,"Approved","yes","yes"
2025-06-11,85.3,"Approved","no","no"
2025-06-12,85.6,"Approved","no","no"
2025-06-13,85.9,"Approved","no","no"
2025-06-14,86.1,"Approved","no","no"
2025-06-15,86.1,"Approved","no","no"
2025-06-16,86.2,"Approved","no","no"
2025-06-17,86.4,"Approved","no","no"
2025-06-18,86.7,"Approved","yes","no"
2025-06-19,86.7,"Approved","no","no"
2025-06-20,87,"Approved","no","no"
2025-06-21,87,"Approved","no","no"
2025-06-22,87.2,"Approved","no","no"
2025-06-23,87.6,"Approved","no","no"
2025-06-24,88,"Approved","no","no"
2025-06-25,88,"Approved","no","no"
2025-06-26,88.2,"Approved","no","no"
2025-06-27,88.5,"Approved","no","no"
2025-06-28,88.6,"Approved","no","no"
2025-06-29,88.8,"Approved","no","no"
2025-06-30,88.8,"Approved","no","no"
2025-07-01,99,"Approved","no","no"
2025-07-02,111,"Approved","no","no"
2025-07-03,146,"Approved","no","no"
2025-07-04,153,"Approved","no","no"
2025-07-05,158,"Approved","no","no"
2025-07-06,173,"Approved","no","no"
2025-07-07,185,"Approved","no","no"
2025-07-08,191,"Approved","no","no"
2025-07-09,191,"Approved","no","no"
2025-07-10,254,"Approved","no","no"
2025-07-11,357,"Approved","no","no"
2025-07-12,392,"Approved","no","no"
2025-07-13,443,"Approved","no","no"
2025-07-14,509,"Approved","no","no"
2025-07-15,547,"Approved","no","no"
2025-07-16,601,"Approved","no","no"
2025-07-17,628,"Approved","no","no"
2025-07-18,628,"Approved","no","no"
2025-07-19,625,"Approved","no","no"
2025-07-20,655,"Approved","no","no"
2025-07-21,701,"Approved","no","no"
2025-07-22,760,"Approved","no","no"
2025-07-23,794,"Approved","no","no"
2025-07-24,793,"Approved","no","no"
2025-07-25,823,"Approved","no","no"
2025-07-26,847,"Approved","no","no"
2025-07-27,852,"Approved","no","no"
2025-07-28,849,"Approved","no","no"
2025-07-29,843,"Approved","no","no"
2025-07-30,824,"Approved","yes","yes"
2025-07-31,775,"Approved","no","no"
2025-08-01,808,"Approved","no","no"
2025-08-02,767,"Approved","no","no"
2025-08-03,667,"Approved","no","no"
2025-08-04,658,"Approved","no","no"
2025-08-05,713,"Approved","no","no"
2025-08-06,768,"Approved","no","no"
2025-08-07,811,"Approved","no","no"
2025-08-08,838,"Approved","no","no"
2025-08-09,806,"Approved","no","no"
2025-08-10,770,"Approved","no","no"
2025-08-11,801,"Approved","no","no"
2025-08-12,853,"Approved","no","no"
2025-08-13,863,"Approved","no","no"
2025-08-14,833,"Approved","no","no"
2025-08-15,823,"Approved","no","no"
2025-08-16,801,"Approved","no","no"
2025-08-17,771,"Approved","no","no"
2025-08-18,773,"Approved","no","no"
2025-08-19,790,"Approved","no","no"
2025-08-20,776,"Approved","no","no"
2025-08-21,700,"Approved","no","no"
2025-08-22,672,"Approved","no","no"
2025-08-23,659,"Approved","no","no"
2025-08-24,559,"Approved","no","no"
2025-08-25,400,"Approved","no","no"
2025-08-26,284,"Approved","no","no"
2025-08-27,196,"Approved","yes","yes"
2025-08-28,124,"Approved","no","no"
2025-08-29,104,"Approved","no","no"
2025-08-30,106,"Approved","no","no"
2025-08-31,109,"Approved","no","no"
2025-09-01,110,"Approved","no","no"
2025-09-02,132,"Approved","no","no"
2025-09-03,202,"Approved","no","no"
2025-09-04,287,"Approved","no","no"
2025-09-05,347,"Approved","no","no"
2025-09-06,354,"Approved","no","no"
2025-09-07,360,"Approved","no","no"
2025-09-08,350,"Approved","no","no"
2025-09-09,352,"Approved","no","no"
2025-09-10,330,"Approved","no","no"
2025-09-11,342,"Approved","no","no"
2025-09-12,344,"Approved","no","no"
2025-09-13,340,"Approved","no","no"
2025-09-14,350,"Approved","no","no"
2025-09-15,309,"Approved","no","no"
2025-09-16,326,"Approved","no","no"
2025-09-17,385,"Approved","no","no"
2025-09-18,434,"Approved","no","no"
2025-09-19,503,"Approved","no","no"
2025-09-20,621,"Approved","no","no"
2025-09-21,621,"Approved","no","no"
2025-09-22,626,"Approved","no","no"
2025-09-23,624,"Approved","yes","yes"
2025-09-24,594,"Approved","no","no"
2025-09-25,614,"Approved","no","no"
2025-09-26,684,"Approved","no","no"
2025-09-27,726,"Approved","no","no"
2025-09-28,734,"Approved","no","no"
2025-09-29,720,"Approved","no","no"
2025-09-30,703,"Approved","no","no"
2025-10-01,701,"Approved","no","no"
2025-10-02,727,"Approved","no","no"
2025-10-03,746,"Approved","no","no"
2025-10-04,782,"Approved","no","no"
2025-10-05,789,"Approved","no","no"
2025-10-06,750,"Approved","no","no"
2025-10-07,695,"Approved","no","no"
2025-10-08,621,"Approved","no","no"
2025-10-09,473,"Approved","no","no"
2025-10-10,406,"Approved","no","no"
2025-10-11,389,"Approved","no","no"
2025-10-12,330,"Approved","no","no"
2025-10-13,330,"Approved","no","no"
2025-10-14,340,"Approved","no","no"
2025-10-15,358,"Approved","no","no"
2025-10-16,397,"Approved","no","no"
2025-10-17,393,"Approved","no","no"
2025-10-18,362,"Approved","no","no"
2025-10-19,364,"Approved","yes","yes"
2025-10-20,342,"Approved","yes","yes"
2025-10-21,297,"Approved","yes","yes"
2025-10-22,261,"Approved","yes","yes"
2025-10-23,433,"Approved","no","no"
2025-10-24,667,"Approved","no","no"
2025-10-25,633,"Approved","no","no"
2025-10-26,675,"Approved","no","no"
2025-10-27,699,"Approved","no","no"
2025-10-28,553,"Approved","no","no"
2025-10-29,287,"Approved","no","no"
2025-10-30,239,"Approved","no","no"
2025-10-31,197,"Approved","no","no"
2025-11-01,190,"Approved","no","no"
2025-11-02,180,"Approved","no","no"
2025-11-03,181,"Approved","no","no"
2025-11-04,172,"Approved","no","no"
2025-11-05,147,"Approved","no","no"
2025-11-06,146,"Approved","no","no"
2025-11-07,145,"Approved","no","no"
2025-11-08,146,"Approved","no","no"
2025-11-09,150,"Approved","no","no"
2025-11-10,145,"Approved","no","no"
2025-11-11,145,"Approved","no","no"
2025-11-12,144,"Approved","no","no"
2025-11-13,150,"Approved","no","no"
2025-11-14,161,"Approved","yes","yes"
2025-11-15,159,"Approved","no","no"
2025-11-16,177,"Approved","no","no"
2025-11-17,206,"Approved","no","no"
2025-11-18,226,"Approved","no","no"
2025-11-19,208,"Approved","no","no"
2025-11-20,185,"Approved","no","no"
2025-11-21,173,"Approved","no","no"
2025-11-22,156,"Approved","no","no"
2025-11-23,157,"Approved","no","no"
2025-11-24,156,"Approved","no","no"
2025-11-25,151,"Approved","no","no"
2025-11-26,144,"Approved","no","no"
2025-11-27,146,"Approved","no","no"
2025-11-28,146,"Approved","no","no"
2025-11-29,147,"Approved","no","no"
2025-11-30,145,"Approved","no","no"
2025-12-01,149,"Approved","no","no"
2025-12-02,145,"Approved","no","no"
2025-12-03,133,"Approved","no","no"
2025-12-04,121,"Approved","no","no"
2025-12-05,119,"Approved","no","no"
2025-12-06,122,"Approved","no","no"
2025-12-07,120,"Approved","no","no"
2025-12-08,119,"Approved","no","no"
2025-12-09,118,"Approved","no","no"
2025-12-10,128,"Approved","no","no"
2025-12-11,143,"Approved","no","no"
2025-12-12,141,"Approved","no","no"
2025-12-13,138,"Approved","no","no"
2025-12-14,138,"Approved","no","no"
2025-12-15,138,"Approved","yes","yes"
2025-12-16,139,"Approved","no","no"
2025-12-17,141,"Approved","no","no"
2025-12-18,146,"Approved","no","no"
2025-12-19,160,"Approved","no","no"
2025-12-20,161,"Approved","no","no"
2025-12-21,150,"Approved","no","no"
2025-12-22,140,"Approved","no","no"
2025-12-23,148,"Approved","no","no"
2025-12-24,145,"Approved","no","no"
2025-12-25,144,"Approved","no","no"
2025-12-26,145,"Approved","no","no"
2025-12-27,135,"Approved","no","no"
2025-12-28,124,"Approved","no","no"
2025-12-29,128,"Approved","no","no"
2025-12-30,120,"Approved","no","no"
2025-12-31,107,"Approved","no","no"
2026-01-01,113,"Approved","no","no"
2026-01-02,132,"Approved","no","no"
2026-01-03,154,"Approved","no","no"
2026-01-04,147,"Approved","no","no"
2026-01-05,148,"Approved","no","no"
2026-01-06,162,"Approved","no","no"
2026-01-07,182,"Provisional","no","no"
2026-01-08,181,"Provisional","no","no"
2026-01-09,183,"Provisional","no","no"
2026-01-10,184,"Provisional","no","no"
2026-01-11,187,"Provisional","no","no"
2026-01-12,162,"Provisional","no","no"
2026-01-13,132,"Provisional","no","no"
2026-01-14,134,"Provisional","no","no"
2026-01-15,134,"Provisional","no","no"
2026-01-16,135,"Provisional","no","no"
2026-01-17,133,"Provisional","no","no"
2026-01-18,134,"Provisional","no","no"
2026-01-19,128,"Provisional","no","no"
2026-01-20,130,"Provisional","no","no"
2026-01-21,128,"Provisional","no","no"
2026-01-22,128,"Provisional","no","no"
2026-01-23,129,"Provisional","no","no"
2026-01-24,129,"Provisional","no","no"
2026-01-25,130,"Provisional","no","no"
2026-01-26,129,"Provisional","no","no"
2026-01-27,130,"Provisional","no","no"
2026-01-28,128,"Provisional","no","no"
2026-01-29,136,"Provisional","no","no"
2026-01-30,145,"Provisional","no","no"
2026-01-31,150,"Provisional","no","no"
2026-02-01,151,"Provisional","no","no"
2026-02-02,154,"Provisional","no","no"
2026-02-03,154,"Provisional","no","no"
2026-02-04,163,"Provisional","no","no"
2026-02-05,167,"Provisional","no","no"
2026-02-06,171,"Provisional","no","no"
2026-02-07,174,"Provisional","no","no"
2026-02-08,175,"Provisional","no","no"
2026-02-09,156,"Provisional","no","no"
2026-02-10,140,"Provisional","no","no"
2026-02-11,136,"Provisional","no","no"
2026-02-12,139,"Provisional","no","no"
2026-02-13,143,"Provisional","no","no"
2026-02-14,144,"Provisional","yes","yes"
2026-02-15,143,"Provisional","no","no"
2026-02-16,145,"Provisional","no","no"
2026-02-17,143,"Provisional","no","no"
2026-02-18,141,"Provisional","no","no"
2026-02-19,140,"Provisional","no","no"
2026-02-20,139,"Provisional","no","no"
2026-02-21,137,"Provisional","no","no"
2026-02-22,135,"Provisional","no","no"
2026-02-23,143,"Provisional","no","no"
2026-02-24,143,"Provisional","no","no"
2026-02-25,136,"Provisional","no","no"
2026-02-26,152,"Provisional","no","no"
2026-02-27,155,"Provisional","no","no"
2026-02-28,160,"Provisional","no","no"
2026-03-01,156,"Provisional","no","no"
2026-03-02,154,"Provisional","no","no"
2026-03-03,155,"Provisional","no","no"
2026-03-04,159,"Provisional","no","no"
2026-03-05,158,"Provisional","no","no"
2026-03-06,163,"Provisional","no","no"
2026-03-07,182,"Provisional","yes","yes"
2026-03-08,187,"Provisional","no","no"
2026-03-09,181,"Provisional","no","no"
2026-03-10,182,"Provisional","no","no"
2026-03-11,185,"Provisional","no","no"
2026-03-12,186,"Provisional","no","no"
2026-03-13,184,"Provisional","no","no"
2026-03-14,185,"Provisional","no","no"
2026-03-15,186,"Provisional","no","no"
2026-03-16,185,"Provisional","no","no"
2026-03-17,186,"Provisional","no","no"
2026-03-18,143,"Provisional","no","no"
2026-03-19,71.1,"Provisional","no","no"
2026-03-20,60.6,"Provisional","no","no"
2026-03-21,60.7,"Provisional","no","no"
2026-03-22,60.6,"Provisional","no","no"
2026-03-23,60.6,"Provisional","no","no"
2026-03-24,60.6,"Provisional","no","no"
2026-03-25,206,"Provisional","no","no"
2026-03-26,392,"Provisional","no","no"
2026-03-27,403,"Provisional","no","no"
2026-03-28,400,"Provisional","no","no"
2026-03-29,403,"Provisional","no","no"
2026-03-30,378,"Provisional","no","no"
2026-03-31,188,"Provisional","no","no"
2026-04-01,62.5,"Provisional","no","no"
2026-04-02,62.2,"Provisional","no","no"
2026-04-03,62.2,"Provisional","no","no"
2026-04-04,62,"Provisional","no","no"
2026-04-05,61.9,"Provisional","no","no"
2026-04-06,61.5,"Provisional","no","no"
2026-04-07,73.7,"Provisional","no","no"
2026-04-08,115,"Provisional","no","no"
2026-04-09,222,"Provisional","no","no"
2026-04-10,336,"Provisional","no","no"
2026-04-11,371,"Provisional","yes","yes"
2026-04-12,375,"Provisional","no","no"
2026-04-13,396,"Provisional","no","no"
2026-04-14,471,"Provisional","no","no"
2026-04-15,495,"Provisional","no","no"
2026-04-16,497,"Provisional","no","no"
2026-04-17,371,"Provisional","no","no"
2026-04-18,99.2,"Provisional","no","no"
2026-04-19,127,"Provisional","no","no"
2026-04-20,147,"Provisional","no","no"
2026-04-21,157,"Provisional","no","no"
2026-04-22,249,"Provisional","no","no"
2026-04-23,436,"Provisional","no","no"
2026-04-24,497,"Provisional","no","no"
2026-04-25,508,"Provisional","no","no"
2026-04-26,511,"Provisional","no","no"
2026-04-27,487,"Provisional","no","no"
2026-04-28,472,"Provisional","no","no"
2026-04-29,485,"Provisional","no","no"
2026-04-30,495,"Provisional","no","no"
2026-05-01,482,"Provisional","no","no"
2026-05-02,465,"Provisional","no","no"
2026-05-03,444,"Provisional","no","no"
2026-05-04,444,"Provisional","no","no"
2026-05-05,445,"Provisional","no","no"
2026-05-06,391,"Provisional","no","no"
2026-05-07,207,"Provisional","no","no"
2026-05-08,59.8,"Provisional","no","no"
2026-05-09,59.7,"Provisional","no","no"
2026-05-10,60,"Provisional","no","no"
2026-05-11,60.2,"Provisional","no","no"
2026-05-12,60,"Provisional","no","no"
2026-05-13,59.5,"Provisional","no","no"
2026-05-14,58.3,"Provisional","no","no"
2026-05-15,58.5,"Provisional","no","no"
2026-05-16,58.7,"Provisional","no","no"
2026-05-17,58.7,"Provisional","no","no"
2026-05-18,58.7,"Provisional","no","no"
2026-05-19,58.7,"Provisional","no","no"
2026-05-20,58.7,"Provisional","no","no"
2026-05-21,140,"Provisional","no","no"
2026-05-22,284,"Provisional","no","no"
2026-05-23,379,"Provisional","no","no"
2026-05-24,370,"Provisional","no","no"
2026-05-25,324,"Provisional","yes","yes"
2026-05-26,289,"Provisional","yes","yes"
2026-05-27,181,"Provisional","yes","yes"
2026-05-28,57.6,"Provisional","yes","yes"
2026-05-29,56.9,"Provisional","yes","yes"
2026-05-30,57,"Provisional","no","no"
2026-05-31,57.3,"Provisional","no","no"
2026-06-01,57.4,"Provisional","no","no"
2026-06-02,57.5,"Provisional","no","no"
2026-06-03,57.8,"Provisional","no","no"
2026-06-04,57.8,"Provisional","no","no"
2026-06-05,57.8,"Provisional","no","no"
2026-06-06,71,"Provisional","no","no"
2026-06-07,102,"Provisional","no","no"
2026-06-08,195,"Provisional","no","no"
2026-06-09,320,"Provisional","no","no"
2026-06-10,407,"Provisional","no","no"
2026-06-11,445,"Provisional","no","no"
2026-06-12,500,"Provisional","no","no"
2026-06-13,564,"Provisional","no","no"
2026-06-14,594,"Provisional","no","no"
2026-06-15,567,"Provisional","no","no"
2026-06-16,561,"Provisional","no","no"
2026-06-17,561,"Provisional","no","no"
2026-06-18,563,"Provisional","no","no"
2026-06-19,562,"Provisional","no","no"
2026-06-20,561,"Provisional","no","no"
2026-06-21,592,"Provisional","no","no"
2026-06-22,626,"Provisional","no","no"
2026-06-23,637,"Provisional","no","no"
2026-06-24,645,"Provisional","no","no"
2026-06-25,631,"Provisional","no","no"
2026-06-26,607,"Provisional","no","no"
2026-06-27,598,"Provisional","no","no"
2026-06-28,596,"Provisional","no","no"
2026-06-29,590,"Provisional","no","no"
2026-06-30,567,"Provisional","no","no"
2026-07-01,637,"Provisional","no","no"
2026-07-02,739,"Provisional","no","no"
2026-07-03,787,"Provisional","no","no"
2026-07-04,819,"Provisional","no","no"
2026-07-05,802,"Provisional","no","no"
2026-07-06,675,"Provisional","no","no"
2026-07-07,535,"Provisional","no","no"
2026-07-08,654,"Provisional","no","no"
2026-07-09,763,"Provisional","no","no"
2026-07-10,665,"Provisional","no","no"
2026-07-11,620,"Provisional","no","no"
2026-07-12,603,"Provisional","no","no"
2026-07-13,595,"Provisional","no","no"
2026-07-14,505,"Provisional","no","no"
2026-07-15,387,"Provisional","no","no"
2026-07-16,348,"Provisional","no","no"
2026-07-17,332,"Provisional","no","no"
2026-07-18,307,"Provisional","no","no"
2026-07-19,311,"Provisional","no","no"
2026-07-20,321,"Provisional","no","no"
2026-07-21,320,"Provisional","no","no"
2026-07-22,322,"Provisional","no","no"
2026-07-23,335,"Provisional","no","no"
2026-07-24,347,"Provisional","no","no"
2026-07-25,356,"Provisional","no","no"
2026-07-26,345,"Provisional","no","no"
2026-07-27,318,"Provisional","no","no"
2026-07-28,314,"Provisional","no","no"
2026-07-29,320,"Provisional","no","no"
2026-07-30,331,"Provisional","no","no"
2026-07-31,335,"Provisional","no","no"
2026-08-01,324,"Provisional","no","no"
2026-08-02,320,"Provisional","no","no"
2026-08-03,307,"Provisional","yes","yes"
2026-08-04,287,"Provisional","yes","yes"
2026-08-05,276,"Provisional","yes","yes"
2026-08-06,274,"Provisional","yes","yes"
2026-08-07,281,"Provisional","yes","yes"
2026-08-08,282,"Provisional","no","no"
2026-08-09,277,"Provisional","no","no"
2026-08-10,272,"Provisional","no","no"
2026-08-11,267,"Provisional","no","no"
2026-08-12,257,"Provisional","no","no"
2026-08-13,273,"Provisional","no","no"
2026-08-14,291,"Provisional","no","no"
2026-08-15,287,"Provisional","no","no"
2026-08-16,286,"Provisional","no","no"
2026-08-17,276,"Provisional","no","no"
2026-08-18,259,"Provisional","no","no"
2026-08-19,262,"Provisional","no","no"
2026-08-20,257,"Provisional","no","no"
2026-08-21,259,"Provisional","no","no"
2026-08-22,257,"Provisional","no","no"
2026-08-23,253,"Provisional","no","no"
