"Date","Discharge_cfs","approval_status"
2021-04-01,242,"Approved"
2021-04-02,321,"Approved"
2021-04-03,329,"Approved"
2021-04-04,364,"Approved"
2021-04-05,380,"Approved"
2021-04-06,248,"Approved"
2021-04-07,194,"Approved"
2021-04-08,184,"Approved"
2021-04-09,209,"Approved"
2021-04-10,270,"Approved"
2021-04-11,271,"Approved"
2021-04-12,255,"Approved"
2021-04-13,197,"Approved"
2021-04-14,207,"Approved"
2021-04-15,264,"Approved"
2021-04-16,335,"Approved"
2021-04-17,437,"Approved"
2021-04-18,535,"Approved"
2021-04-19,564,"Approved"
2021-04-20,590,"Approved"
2021-04-21,654,"Approved"
2021-04-22,649,"Approved"
2021-04-23,672,"Approved"
2021-04-24,649,"Approved"
2021-04-25,454,"Approved"
2021-04-26,319,"Approved"
2021-04-27,415,"Approved"
2021-04-28,472,"Approved"
2021-04-29,457,"Approved"
2021-04-30,204,"Approved"
2021-05-01,79.2,"Approved"
2021-05-02,72,"Approved"
2021-05-03,71.8,"Approved"
2021-05-04,71.4,"Approved"
2021-05-05,71.3,"Approved"
2021-05-06,71.3,"Approved"
2021-05-07,71.3,"Approved"
2021-05-08,71.4,"Approved"
2021-05-09,71.5,"Approved"
2021-05-10,72.1,"Approved"
2021-05-11,75.2,"Approved"
2021-05-12,77.8,"Approved"
2021-05-13,77.8,"Approved"
2021-05-14,77.8,"Approved"
2021-05-15,77.8,"Approved"
2021-05-16,77.9,"Approved"
2021-05-17,78.2,"Approved"
2021-05-18,78.1,"Approved"
2021-05-19,78.2,"Approved"
2021-05-20,78.1,"Approved"
2021-05-21,78.6,"Approved"
2021-05-22,78.6,"Approved"
2021-05-23,78.9,"Approved"
2021-05-24,78.9,"Approved"
2021-05-25,78.9,"Approved"
2021-05-26,78.9,"Approved"
2021-05-27,79,"Approved"
2021-05-28,79.3,"Approved"
2021-05-29,79.7,"Approved"
2021-05-30,80,"Approved"
2021-05-31,79.9,"Approved"
2021-06-01,80,"Approved"
2021-06-02,72.7,"Approved"
2021-06-03,60.6,"Approved"
2021-06-04,60.6,"Approved"
2021-06-05,60.7,"Approved"
2021-06-06,61.1,"Approved"
2021-06-07,64.4,"Approved"
2021-06-08,66.4,"Approved"
2021-06-09,66.6,"Approved"
2021-06-10,66.8,"Approved"
2021-06-11,67,"Approved"
2021-06-12,67.1,"Approved"
2021-06-13,67.1,"Approved"
2021-06-14,67.2,"Approved"
2021-06-15,67.3,"Approved"
2021-06-16,67.4,"Approved"
2021-06-17,67.4,"Approved"
2021-06-18,67.4,"Approved"
2021-06-19,67.9,"Approved"
2021-06-20,67.8,"Approved"
2021-06-21,67.8,"Approved"
2021-06-22,67.9,"Approved"
2021-06-23,94.3,"Approved"
2021-06-24,102,"Approved"
2021-06-25,96.8,"Approved"
2021-06-26,95.8,"Approved"
2021-06-27,96.5,"Approved"
2021-06-28,120,"Approved"
2021-06-29,189,"Approved"
2021-06-30,161,"Approved"
2021-07-01,108,"Approved"
2021-07-02,107,"Approved"
2021-07-03,103,"Approved"
2021-07-04,101,"Approved"
2021-07-05,101,"Approved"
2021-07-06,99.9,"Approved"
2021-07-07,120,"Approved"
2021-07-08,188,"Approved"
2021-07-09,314,"Approved"
2021-07-10,363,"Approved"
2021-07-11,438,"Approved"
2021-07-12,547,"Approved"
2021-07-13,569,"Approved"
2021-07-14,567,"Approved"
2021-07-15,537,"Approved"
2021-07-16,479,"Approved"
2021-07-17,485,"Approved"
2021-07-18,439,"Approved"
2021-07-19,488,"Approved"
2021-07-20,552,"Approved"
2021-07-21,616,"Approved"
2021-07-22,646,"Approved"
2021-07-23,563,"Approved"
2021-07-24,492,"Approved"
2021-07-25,459,"Approved"
2021-07-26,508,"Approved"
2021-07-27,634,"Approved"
2021-07-28,639,"Approved"
2021-07-29,690,"Approved"
2021-07-30,539,"Approved"
2021-07-31,431,"Approved"
2021-08-01,288,"Approved"
2021-08-02,105,"Approved"
2021-08-03,169,"Approved"
2021-08-04,311,"Approved"
2021-08-05,490,"Approved"
2021-08-06,540,"Approved"
2021-08-07,590,"Approved"
2021-08-08,625,"Approved"
2021-08-09,615,"Approved"
2021-08-10,604,"Approved"
2021-08-11,622,"Approved"
2021-08-12,644,"Approved"
2021-08-13,699,"Approved"
2021-08-14,685,"Approved"
2021-08-15,678,"Approved"
2021-08-16,662,"Approved"
2021-08-17,681,"Approved"
2021-08-18,727,"Approved"
2021-08-19,769,"Approved"
2021-08-20,765,"Approved"
2021-08-21,680,"Approved"
2021-08-22,457,"Approved"
2021-08-23,387,"Approved"
2021-08-24,404,"Approved"
2021-08-25,438,"Approved"
2021-08-26,484,"Approved"
2021-08-27,500,"Approved"
2021-08-28,485,"Approved"
2021-08-29,473,"Approved"
2021-08-30,475,"Approved"
2021-08-31,525,"Approved"
2021-09-01,548,"Approved"
2021-09-02,536,"Approved"
2021-09-03,506,"Approved"
2021-09-04,506,"Approved"
2021-09-05,481,"Approved"
2021-09-06,437,"Approved"
2021-09-07,460,"Approved"
2021-09-08,457,"Approved"
2021-09-09,482,"Approved"
2021-09-10,502,"Approved"
2021-09-11,459,"Approved"
2021-09-12,380,"Approved"
2021-09-13,347,"Approved"
2021-09-14,380,"Approved"
2021-09-15,397,"Approved"
2021-09-16,411,"Approved"
2021-09-17,463,"Approved"
2021-09-18,400,"Approved"
2021-09-19,320,"Approved"
2021-09-20,274,"Approved"
2021-09-21,229,"Approved"
2021-09-22,215,"Approved"
2021-09-23,212,"Approved"
2021-09-24,165,"Approved"
2021-09-25,177,"Approved"
2021-09-26,195,"Approved"
2021-09-27,219,"Approved"
2021-09-28,250,"Approved"
2021-09-29,210,"Approved"
2021-09-30,160,"Approved"
2021-10-01,102,"Approved"
2021-10-02,106,"Approved"
2021-10-03,107,"Approved"
2021-10-04,108,"Approved"
2021-10-05,103,"Approved"
2021-10-06,102,"Approved"
2021-10-07,159,"Approved"
2021-10-08,264,"Approved"
2021-10-09,251,"Approved"
2021-10-10,277,"Approved"
2021-10-11,312,"Approved"
2021-10-12,315,"Approved"
2021-10-13,311,"Approved"
2021-10-14,325,"Approved"
2021-10-15,353,"Approved"
2021-10-16,359,"Approved"
2021-10-17,353,"Approved"
2021-10-18,389,"Approved"
2021-10-19,406,"Approved"
2021-10-20,405,"Approved"
2021-10-21,401,"Approved"
2021-10-22,405,"Approved"
2021-10-23,405,"Approved"
2021-10-24,404,"Approved"
2021-10-25,382,"Approved"
2021-10-26,353,"Approved"
2021-10-27,342,"Approved"
2021-10-28,279,"Approved"
2021-10-29,236,"Approved"
2021-10-30,224,"Approved"
2021-10-31,237,"Approved"
2021-11-01,238,"Approved"
2021-11-02,251,"Approved"
2021-11-03,282,"Approved"
2021-11-04,284,"Approved"
2021-11-05,286,"Approved"
2021-11-06,281,"Approved"
2021-11-07,278,"Approved"
2021-11-08,283,"Approved"
2021-11-09,278,"Approved"
2021-11-10,283,"Approved"
2021-11-11,307,"Approved"
2021-11-12,301,"Approved"
2021-11-13,302,"Approved"
2021-11-14,298,"Approved"
2021-11-15,289,"Approved"
2021-11-16,275,"Approved"
2021-11-17,276,"Approved"
2021-11-18,281,"Approved"
2021-11-19,281,"Approved"
2021-11-20,281,"Approved"
2021-11-21,280,"Approved"
2021-11-22,261,"Approved"
2021-11-23,218,"Approved"
2021-11-24,201,"Approved"
2021-11-25,201,"Approved"
2021-11-26,194,"Approved"
2021-11-27,177,"Approved"
2021-11-28,166,"Approved"
2021-11-29,163,"Approved"
2021-11-30,164,"Approved"
2021-12-01,159,"Approved"
2021-12-02,158,"Approved"
2021-12-03,160,"Approved"
2021-12-04,161,"Approved"
2021-12-05,161,"Approved"
2021-12-06,163,"Approved"
2021-12-07,169,"Approved"
2021-12-08,168,"Approved"
2021-12-09,161,"Approved"
2021-12-10,153,"Approved"
2021-12-11,153,"Approved"
2021-12-12,153,"Approved"
2021-12-13,152,"Approved"
2021-12-14,150,"Approved"
2021-12-15,153,"Approved"
2021-12-16,155,"Approved"
2021-12-17,171,"Approved"
2021-12-18,183,"Approved"
2021-12-19,184,"Approved"
2021-12-20,186,"Approved"
2021-12-21,183,"Approved"
2021-12-22,174,"Approved"
2021-12-23,166,"Approved"
2021-12-24,170,"Approved"
2021-12-25,187,"Approved"
2021-12-26,201,"Approved"
2021-12-27,216,"Approved"
2021-12-28,226,"Approved"
2021-12-29,236,"Approved"
2021-12-30,246,"Approved"
2021-12-31,244,"Approved"
2022-01-01,248,"Approved"
2022-01-02,266,"Approved"
2022-01-03,265,"Approved"
2022-01-04,263,"Approved"
2022-01-05,289,"Approved"
2022-01-06,263,"Approved"
2022-01-07,266,"Approved"
2022-01-08,263,"Approved"
2022-01-09,263,"Approved"
2022-01-10,265,"Approved"
2022-01-11,265,"Approved"
2022-01-12,265,"Approved"
2022-01-13,265,"Approved"
2022-01-14,262,"Approved"
2022-01-15,263,"Approved"
2022-01-16,261,"Approved"
2022-01-17,263,"Approved"
2022-01-18,239,"Approved"
2022-01-19,202,"Approved"
2022-01-20,203,"Approved"
2022-01-21,202,"Approved"
2022-01-22,200,"Approved"
2022-01-23,198,"Approved"
2022-01-24,186,"Approved"
2022-01-25,170,"Approved"
2022-01-26,172,"Approved"
2022-01-27,172,"Approved"
2022-01-28,188,"Approved"
2022-01-29,195,"Approved"
2022-01-30,184,"Approved"
2022-01-31,174,"Approved"
2022-02-01,174,"Approved"
2022-02-02,174,"Approved"
2022-02-03,174,"Approved"
2022-02-04,174,"Approved"
2022-02-05,174,"Approved"
2022-02-06,175,"Approved"
2022-02-07,180,"Approved"
2022-02-08,188,"Approved"
2022-02-09,184,"Approved"
2022-02-10,177,"Approved"
2022-02-11,171,"Approved"
2022-02-12,163,"Approved"
2022-02-13,164,"Approved"
2022-02-14,169,"Approved"
2022-02-15,159,"Approved"
2022-02-16,158,"Approved"
2022-02-17,169,"Approved"
2022-02-18,180,"Approved"
2022-02-19,178,"Approved"
2022-02-20,178,"Approved"
2022-02-21,178,"Approved"
2022-02-22,191,"Approved"
2022-02-23,204,"Approved"
2022-02-24,205,"Approved"
2022-02-25,207,"Approved"
2022-02-26,205,"Approved"
2022-02-27,206,"Approved"
2022-02-28,207,"Approved"
2022-03-01,203,"Approved"
2022-03-02,197,"Approved"
2022-03-03,199,"Approved"
2022-03-04,202,"Approved"
2022-03-05,203,"Approved"
2022-03-06,202,"Approved"
2022-03-07,202,"Approved"
2022-03-08,203,"Approved"
2022-03-09,201,"Approved"
2022-03-10,203,"Approved"
2022-03-11,201,"Approved"
2022-03-12,182,"Approved"
2022-03-13,181,"Approved"
2022-03-14,182,"Approved"
2022-03-15,181,"Approved"
2022-03-16,183,"Approved"
2022-03-17,179,"Approved"
2022-03-18,179,"Approved"
2022-03-19,182,"Approved"
2022-03-20,183,"Approved"
2022-03-21,196,"Approved"
2022-03-22,211,"Approved"
2022-03-23,211,"Approved"
2022-03-24,210,"Approved"
2022-03-25,208,"Approved"
2022-03-26,202,"Approved"
2022-03-27,193,"Approved"
2022-03-28,195,"Approved"
2022-03-29,196,"Approved"
2022-03-30,215,"Approved"
2022-03-31,255,"Approved"
2022-04-01,276,"Approved"
2022-04-02,306,"Approved"
2022-04-03,304,"Approved"
2022-04-04,263,"Approved"
2022-04-05,270,"Approved"
2022-04-06,308,"Approved"
2022-04-07,337,"Approved"
2022-04-08,333,"Approved"
2022-04-09,315,"Approved"
2022-04-10,346,"Approved"
2022-04-11,425,"Approved"
2022-04-12,542,"Approved"
2022-04-13,469,"Approved"
2022-04-14,457,"Approved"
2022-04-15,462,"Approved"
2022-04-16,504,"Approved"
2022-04-17,431,"Approved"
2022-04-18,297,"Approved"
2022-04-19,136,"Approved"
2022-04-20,101,"Approved"
2022-04-21,102,"Approved"
2022-04-22,104,"Approved"
2022-04-23,106,"Approved"
2022-04-24,105,"Approved"
2022-04-25,107,"Approved"
2022-04-26,109,"Approved"
2022-04-27,109,"Approved"
2022-04-28,107,"Approved"
2022-04-29,106,"Approved"
2022-04-30,106,"Approved"
2022-05-01,106,"Approved"
2022-05-02,85.7,"Approved"
2022-05-03,73.4,"Approved"
2022-05-04,73.5,"Approved"
2022-05-05,73.3,"Approved"
2022-05-06,73.1,"Approved"
2022-05-07,72.9,"Approved"
2022-05-08,72.8,"Approved"
2022-05-09,72.6,"Approved"
2022-05-10,72.3,"Approved"
2022-05-11,72.1,"Approved"
2022-05-12,72.2,"Approved"
2022-05-13,72.1,"Approved"
2022-05-14,71.9,"Approved"
2022-05-15,71.5,"Approved"
2022-05-16,71.5,"Approved"
2022-05-17,71.5,"Approved"
2022-05-18,71.6,"Approved"
2022-05-19,71.6,"Approved"
2022-05-20,71.5,"Approved"
2022-05-21,71.3,"Approved"
2022-05-22,71.1,"Approved"
2022-05-23,70.9,"Approved"
2022-05-24,70.7,"Approved"
2022-05-25,70.5,"Approved"
2022-05-26,70.3,"Approved"
2022-05-27,70.1,"Approved"
2022-05-28,69.9,"Approved"
2022-05-29,70,"Approved"
2022-05-30,69.8,"Approved"
2022-05-31,69.6,"Approved"
2022-06-01,71,"Approved"
2022-06-02,73.5,"Approved"
2022-06-03,73.5,"Approved"
2022-06-04,73.5,"Approved"
2022-06-05,73.5,"Approved"
2022-06-06,72.7,"Approved"
2022-06-07,70.9,"Approved"
2022-06-08,71,"Approved"
2022-06-09,71.4,"Approved"
2022-06-10,71.4,"Approved"
2022-06-11,71.4,"Approved"
2022-06-12,71.4,"Approved"
2022-06-13,71.5,"Approved"
2022-06-14,69.6,"Approved"
2022-06-15,68.7,"Approved"
2022-06-16,68.9,"Approved"
2022-06-17,69,"Approved"
2022-06-18,69.2,"Approved"
2022-06-19,69.3,"Approved"
2022-06-20,69.3,"Approved"
2022-06-21,69.2,"Approved"
2022-06-22,69.4,"Approved"
2022-06-23,69.4,"Approved"
2022-06-24,69.5,"Approved"
2022-06-25,69.4,"Approved"
2022-06-26,69.5,"Approved"
2022-06-27,69.4,"Approved"
2022-06-28,69.5,"Approved"
2022-06-29,69.6,"Approved"
2022-06-30,68,"Approved"
2022-07-01,64.4,"Approved"
2022-07-02,64.3,"Approved"
2022-07-03,64.4,"Approved"
2022-07-04,64.4,"Approved"
2022-07-05,64.4,"Approved"
2022-07-06,64.4,"Approved"
2022-07-07,64.4,"Approved"
2022-07-08,64.4,"Approved"
2022-07-09,64.4,"Approved"
2022-07-10,92.6,"Approved"
2022-07-11,130,"Approved"
2022-07-12,155,"Approved"
2022-07-13,181,"Approved"
2022-07-14,181,"Approved"
2022-07-15,159,"Approved"
2022-07-16,138,"Approved"
2022-07-17,163,"Approved"
2022-07-18,142,"Approved"
2022-07-19,111,"Approved"
2022-07-20,140,"Approved"
2022-07-21,236,"Approved"
2022-07-22,291,"Approved"
2022-07-23,268,"Approved"
2022-07-24,268,"Approved"
2022-07-25,297,"Approved"
2022-07-26,325,"Approved"
2022-07-27,325,"Approved"
2022-07-28,328,"Approved"
2022-07-29,296,"Approved"
2022-07-30,313,"Approved"
2022-07-31,379,"Approved"
2022-08-01,430,"Approved"
2022-08-02,465,"Approved"
2022-08-03,437,"Approved"
2022-08-04,347,"Approved"
2022-08-05,336,"Approved"
2022-08-06,410,"Approved"
2022-08-07,431,"Approved"
2022-08-08,483,"Approved"
2022-08-09,561,"Approved"
2022-08-10,641,"Approved"
2022-08-11,659,"Approved"
2022-08-12,701,"Approved"
2022-08-13,728,"Approved"
2022-08-14,715,"Approved"
2022-08-15,659,"Approved"
2022-08-16,530,"Approved"
2022-08-17,408,"Approved"
2022-08-18,356,"Approved"
2022-08-19,327,"Approved"
2022-08-20,273,"Approved"
2022-08-21,233,"Approved"
2022-08-22,235,"Approved"
2022-08-23,255,"Approved"
2022-08-24,279,"Approved"
2022-08-25,275,"Approved"
2022-08-26,271,"Approved"
2022-08-27,296,"Approved"
2022-08-28,330,"Approved"
2022-08-29,330,"Approved"
2022-08-30,350,"Approved"
2022-08-31,401,"Approved"
2022-09-01,424,"Approved"
2022-09-02,505,"Approved"
2022-09-03,670,"Approved"
2022-09-04,713,"Approved"
2022-09-05,772,"Approved"
2022-09-06,746,"Approved"
2022-09-07,692,"Approved"
2022-09-08,672,"Approved"
2022-09-09,680,"Approved"
2022-09-10,694,"Approved"
2022-09-11,699,"Approved"
2022-09-12,700,"Approved"
2022-09-13,698,"Approved"
2022-09-14,674,"Approved"
2022-09-15,629,"Approved"
2022-09-16,513,"Approved"
2022-09-17,318,"Approved"
2022-09-18,251,"Approved"
2022-09-19,161,"Approved"
2022-09-20,102,"Approved"
2022-09-21,104,"Approved"
2022-09-22,103,"Approved"
2022-09-23,98.7,"Approved"
2022-09-24,99.3,"Approved"
2022-09-25,99.2,"Approved"
2022-09-26,101,"Approved"
2022-09-27,101,"Approved"
2022-09-28,136,"Approved"
2022-09-29,167,"Approved"
2022-09-30,167,"Approved"
2022-10-01,144,"Approved"
2022-10-02,150,"Approved"
2022-10-03,215,"Approved"
2022-10-04,221,"Approved"
2022-10-05,190,"Approved"
2022-10-06,180,"Approved"
2022-10-07,194,"Approved"
2022-10-08,206,"Approved"
2022-10-09,219,"Approved"
2022-10-10,243,"Approved"
2022-10-11,272,"Approved"
2022-10-12,340,"Approved"
2022-10-13,419,"Approved"
2022-10-14,576,"Approved"
2022-10-15,626,"Approved"
2022-10-16,646,"Approved"
2022-10-17,650,"Approved"
2022-10-18,636,"Approved"
2022-10-19,640,"Approved"
2022-10-20,671,"Approved"
2022-10-21,719,"Approved"
2022-10-22,755,"Approved"
2022-10-23,746,"Approved"
2022-10-24,670,"Approved"
2022-10-25,568,"Approved"
2022-10-26,493,"Approved"
2022-10-27,364,"Approved"
2022-10-28,285,"Approved"
2022-10-29,202,"Approved"
2022-10-30,160,"Approved"
2022-10-31,157,"Approved"
2022-11-01,155,"Approved"
2022-11-02,152,"Approved"
2022-11-03,153,"Approved"
2022-11-04,156,"Approved"
2022-11-05,166,"Approved"
2022-11-06,164,"Approved"
2022-11-07,168,"Approved"
2022-11-08,169,"Approved"
2022-11-09,171,"Approved"
2022-11-10,180,"Approved"
2022-11-11,200,"Approved"
2022-11-12,203,"Approved"
2022-11-13,201,"Approved"
2022-11-14,189,"Approved"
2022-11-15,182,"Approved"
2022-11-16,181,"Approved"
2022-11-17,179,"Approved"
2022-11-18,177,"Approved"
2022-11-19,173,"Approved"
2022-11-20,177,"Approved"
2022-11-21,176,"Approved"
2022-11-22,172,"Approved"
2022-11-23,177,"Approved"
2022-11-24,175,"Approved"
2022-11-25,172,"Approved"
2022-11-26,172,"Approved"
2022-11-27,170,"Approved"
2022-11-28,173,"Approved"
2022-11-29,177,"Approved"
2022-11-30,180,"Approved"
2022-12-01,191,"Approved"
2022-12-02,190,"Approved"
2022-12-03,201,"Approved"
2022-12-04,202,"Approved"
2022-12-05,196,"Approved"
2022-12-06,208,"Approved"
2022-12-07,236,"Approved"
2022-12-08,242,"Approved"
2022-12-09,244,"Approved"
2022-12-10,244,"Approved"
2022-12-11,243,"Approved"
2022-12-12,232,"Approved"
2022-12-13,225,"Approved"
2022-12-14,223,"Approved"
2022-12-15,225,"Approved"
2022-12-16,207,"Approved"
2022-12-17,190,"Approved"
2022-12-18,170,"Approved"
2022-12-19,147,"Approved"
2022-12-20,134,"Approved"
2022-12-21,134,"Approved"
2022-12-22,143,"Approved"
2022-12-23,167,"Approved"
2022-12-24,180,"Approved"
2022-12-25,189,"Approved"
2022-12-26,203,"Approved"
2022-12-27,206,"Approved"
2022-12-28,213,"Approved"
2022-12-29,222,"Approved"
2022-12-30,220,"Approved"
2022-12-31,223,"Approved"
2023-01-01,221,"Approved"
2023-01-02,221,"Approved"
2023-01-03,237,"Approved"
2023-01-04,266,"Approved"
2023-01-05,266,"Approved"
2023-01-06,268,"Approved"
2023-01-07,262,"Approved"
2023-01-08,262,"Approved"
2023-01-09,265,"Approved"
2023-01-10,257,"Approved"
2023-01-11,235,"Approved"
2023-01-12,235,"Approved"
2023-01-13,238,"Approved"
2023-01-14,219,"Approved"
2023-01-15,212,"Approved"
2023-01-16,213,"Approved"
2023-01-17,214,"Approved"
2023-01-18,214,"Approved"
2023-01-19,215,"Approved"
2023-01-20,232,"Approved"
2023-01-21,242,"Approved"
2023-01-22,246,"Approved"
2023-01-23,246,"Approved"
2023-01-24,223,"Approved"
2023-01-25,205,"Approved"
2023-01-26,200,"Approved"
2023-01-27,182,"Approved"
2023-01-28,182,"Approved"
2023-01-29,181,"Approved"
2023-01-30,181,"Approved"
2023-01-31,191,"Approved"
2023-02-01,209,"Approved"
2023-02-02,211,"Approved"
2023-02-03,213,"Approved"
2023-02-04,219,"Approved"
2023-02-05,216,"Approved"
2023-02-06,213,"Approved"
2023-02-07,212,"Approved"
2023-02-08,211,"Approved"
2023-02-09,213,"Approved"
2023-02-10,211,"Approved"
2023-02-11,210,"Approved"
2023-02-12,211,"Approved"
2023-02-13,200,"Approved"
2023-02-14,197,"Approved"
2023-02-15,193,"Approved"
2023-02-16,193,"Approved"
2023-02-17,192,"Approved"
2023-02-18,182,"Approved"
2023-02-19,171,"Approved"
2023-02-20,171,"Approved"
2023-02-21,172,"Approved"
2023-02-22,174,"Approved"
2023-02-23,176,"Approved"
2023-02-24,181,"Approved"
2023-02-25,191,"Approved"
2023-02-26,190,"Approved"
2023-02-27,194,"Approved"
2023-02-28,217,"Approved"
2023-03-01,213,"Approved"
2023-03-02,211,"Approved"
2023-03-03,208,"Approved"
2023-03-04,207,"Approved"
2023-03-05,209,"Approved"
2023-03-06,213,"Approved"
2023-03-07,208,"Approved"
2023-03-08,200,"Approved"
2023-03-09,211,"Approved"
2023-03-10,208,"Approved"
2023-03-11,187,"Approved"
2023-03-12,184,"Approved"
2023-03-13,185,"Approved"
2023-03-14,169,"Approved"
2023-03-15,129,"Approved"
2023-03-16,105,"Approved"
2023-03-17,126,"Approved"
2023-03-18,169,"Approved"
2023-03-19,194,"Approved"
2023-03-20,197,"Approved"
2023-03-21,198,"Approved"
2023-03-22,198,"Approved"
2023-03-23,203,"Approved"
2023-03-24,211,"Approved"
2023-03-25,208,"Approved"
2023-03-26,212,"Approved"
2023-03-27,215,"Approved"
2023-03-28,210,"Approved"
2023-03-29,213,"Approved"
2023-03-30,213,"Approved"
2023-03-31,212,"Approved"
2023-04-01,212,"Approved"
2023-04-02,210,"Approved"
2023-04-03,209,"Approved"
2023-04-04,214,"Approved"
2023-04-05,226,"Approved"
2023-04-06,249,"Approved"
2023-04-07,249,"Approved"
2023-04-08,257,"Approved"
2023-04-09,250,"Approved"
2023-04-10,236,"Approved"
2023-04-11,135,"Approved"
2023-04-12,102,"Approved"
2023-04-13,100,"Approved"
2023-04-14,106,"Approved"
2023-04-15,107,"Approved"
2023-04-16,105,"Approved"
2023-04-17,106,"Approved"
2023-04-18,108,"Approved"
2023-04-19,112,"Approved"
2023-04-20,109,"Approved"
2023-04-21,115,"Approved"
2023-04-22,113,"Approved"
2023-04-23,112,"Approved"
2023-04-24,110,"Approved"
2023-04-25,112,"Approved"
2023-04-26,112,"Approved"
2023-04-27,105,"Approved"
2023-04-28,103,"Approved"
2023-04-29,101,"Approved"
2023-04-30,141,"Approved"
2023-05-01,233,"Approved"
2023-05-02,234,"Approved"
2023-05-03,237,"Approved"
2023-05-04,192,"Approved"
2023-05-05,105,"Approved"
2023-05-06,105,"Approved"
2023-05-07,105,"Approved"
2023-05-08,96.7,"Approved"
2023-05-09,97.8,"Approved"
2023-05-10,102,"Approved"
2023-05-11,99.9,"Approved"
2023-05-12,99.1,"Approved"
2023-05-13,102,"Approved"
2023-05-14,100,"Approved"
2023-05-15,106,"Approved"
2023-05-16,109,"Approved"
2023-05-17,105,"Approved"
2023-05-18,101,"Approved"
2023-05-19,99.6,"Approved"
2023-05-20,106,"Approved"
2023-05-21,106,"Approved"
2023-05-22,105,"Approved"
2023-05-23,106,"Approved"
2023-05-24,103,"Approved"
2023-05-25,100,"Approved"
2023-05-26,103,"Approved"
2023-05-27,104,"Approved"
2023-05-28,103,"Approved"
2023-05-29,104,"Approved"
2023-05-30,111,"Approved"
2023-05-31,111,"Approved"
2023-06-01,109,"Approved"
2023-06-02,110,"Approved"
2023-06-03,107,"Approved"
2023-06-04,104,"Approved"
2023-06-05,106,"Approved"
2023-06-06,161,"Approved"
2023-06-07,221,"Approved"
2023-06-08,393,"Approved"
2023-06-09,504,"Approved"
2023-06-10,606,"Approved"
2023-06-11,609,"Approved"
2023-06-12,681,"Approved"
2023-06-13,749,"Approved"
2023-06-14,756,"Approved"
2023-06-15,755,"Approved"
2023-06-16,757,"Approved"
2023-06-17,756,"Approved"
2023-06-18,754,"Approved"
2023-06-19,755,"Approved"
2023-06-20,756,"Approved"
2023-06-21,1080,"Approved"
2023-06-22,1360,"Approved"
2023-06-23,1350,"Approved"
2023-06-24,1540,"Approved"
2023-06-25,1680,"Approved"
2023-06-26,1480,"Approved"
2023-06-27,1460,"Approved"
2023-06-28,1550,"Approved"
2023-06-29,1580,"Approved"
2023-06-30,1620,"Approved"
2023-07-01,1440,"Approved"
2023-07-02,1340,"Approved"
2023-07-03,1340,"Approved"
2023-07-04,1310,"Approved"
2023-07-05,1320,"Approved"
2023-07-06,1340,"Approved"
2023-07-07,1340,"Approved"
2023-07-08,1270,"Approved"
2023-07-09,1160,"Approved"
2023-07-10,1130,"Approved"
2023-07-11,1130,"Approved"
2023-07-12,1010,"Approved"
2023-07-13,807,"Approved"
2023-07-14,809,"Approved"
2023-07-15,791,"Approved"
2023-07-16,984,"Approved"
2023-07-17,1130,"Approved"
2023-07-18,925,"Approved"
2023-07-19,716,"Approved"
2023-07-20,657,"Approved"
2023-07-21,832,"Approved"
2023-07-22,835,"Approved"
2023-07-23,735,"Approved"
2023-07-24,681,"Approved"
2023-07-25,686,"Approved"
2023-07-26,656,"Approved"
2023-07-27,613,"Approved"
2023-07-28,498,"Approved"
2023-07-29,459,"Approved"
2023-07-30,464,"Approved"
2023-07-31,457,"Approved"
2023-08-01,509,"Approved"
2023-08-02,790,"Approved"
2023-08-03,1120,"Approved"
2023-08-04,891,"Approved"
2023-08-05,788,"Approved"
2023-08-06,788,"Approved"
2023-08-07,679,"Approved"
2023-08-08,487,"Approved"
2023-08-09,459,"Approved"
2023-08-10,427,"Approved"
2023-08-11,429,"Approved"
2023-08-12,431,"Approved"
2023-08-13,441,"Approved"
2023-08-14,403,"Approved"
2023-08-15,356,"Approved"
2023-08-16,375,"Approved"
2023-08-17,403,"Approved"
2023-08-18,411,"Approved"
2023-08-19,411,"Approved"
2023-08-20,411,"Approved"
2023-08-21,426,"Approved"
2023-08-22,485,"Approved"
2023-08-23,532,"Approved"
2023-08-24,473,"Approved"
2023-08-25,224,"Approved"
2023-08-26,200,"Approved"
2023-08-27,307,"Approved"
2023-08-28,344,"Approved"
2023-08-29,385,"Approved"
2023-08-30,523,"Approved"
2023-08-31,763,"Approved"
2023-09-01,755,"Approved"
2023-09-02,754,"Approved"
2023-09-03,754,"Approved"
2023-09-04,758,"Approved"
2023-09-05,760,"Approved"
2023-09-06,768,"Approved"
2023-09-07,789,"Approved"
2023-09-08,817,"Approved"
2023-09-09,916,"Approved"
2023-09-10,927,"Approved"
2023-09-11,956,"Approved"
2023-09-12,991,"Approved"
2023-09-13,969,"Approved"
2023-09-14,945,"Approved"
2023-09-15,907,"Approved"
2023-09-16,870,"Approved"
2023-09-17,859,"Approved"
2023-09-18,866,"Approved"
2023-09-19,869,"Approved"
2023-09-20,864,"Approved"
2023-09-21,863,"Approved"
2023-09-22,834,"Approved"
2023-09-23,791,"Approved"
2023-09-24,761,"Approved"
2023-09-25,764,"Approved"
2023-09-26,757,"Approved"
2023-09-27,758,"Approved"
2023-09-28,757,"Approved"
2023-09-29,781,"Approved"
2023-09-30,846,"Approved"
2023-10-01,885,"Approved"
2023-10-02,839,"Approved"
2023-10-03,830,"Approved"
2023-10-04,826,"Approved"
2023-10-05,817,"Approved"
2023-10-06,826,"Approved"
2023-10-07,828,"Approved"
2023-10-08,813,"Approved"
2023-10-09,791,"Approved"
2023-10-10,776,"Approved"
2023-10-11,774,"Approved"
2023-10-12,779,"Approved"
2023-10-13,801,"Approved"
2023-10-14,805,"Approved"
2023-10-15,800,"Approved"
2023-10-16,784,"Approved"
2023-10-17,784,"Approved"
2023-10-18,796,"Approved"
2023-10-19,785,"Approved"
2023-10-20,774,"Approved"
2023-10-21,761,"Approved"
2023-10-22,758,"Approved"
2023-10-23,749,"Approved"
2023-10-24,678,"Approved"
2023-10-25,618,"Approved"
2023-10-26,541,"Approved"
2023-10-27,538,"Approved"
2023-10-28,537,"Approved"
2023-10-29,535,"Approved"
2023-10-30,516,"Approved"
2023-10-31,423,"Approved"
2023-11-01,359,"Approved"
2023-11-02,253,"Approved"
2023-11-03,201,"Approved"
2023-11-04,189,"Approved"
2023-11-05,192,"Approved"
2023-11-06,207,"Approved"
2023-11-07,239,"Approved"
2023-11-08,263,"Approved"
2023-11-09,248,"Approved"
2023-11-10,218,"Approved"
2023-11-11,209,"Approved"
2023-11-12,213,"Approved"
2023-11-13,204,"Approved"
2023-11-14,188,"Approved"
2023-11-15,188,"Approved"
2023-11-16,196,"Approved"
2023-11-17,200,"Approved"
2023-11-18,189,"Approved"
2023-11-19,188,"Approved"
2023-11-20,182,"Approved"
2023-11-21,169,"Approved"
2023-11-22,175,"Approved"
2023-11-23,175,"Approved"
2023-11-24,185,"Approved"
2023-11-25,193,"Approved"
2023-11-26,194,"Approved"
2023-11-27,186,"Approved"
2023-11-28,169,"Approved"
2023-11-29,156,"Approved"
2023-11-30,155,"Approved"
2023-12-01,164,"Approved"
2023-12-02,186,"Approved"
2023-12-03,186,"Approved"
2023-12-04,191,"Approved"
2023-12-05,193,"Approved"
2023-12-06,195,"Approved"
2023-12-07,191,"Approved"
2023-12-08,191,"Approved"
2023-12-09,190,"Approved"
2023-12-10,189,"Approved"
2023-12-11,192,"Approved"
2023-12-12,184,"Approved"
2023-12-13,172,"Approved"
2023-12-14,174,"Approved"
2023-12-15,172,"Approved"
2023-12-16,174,"Approved"
2023-12-17,174,"Approved"
2023-12-18,174,"Approved"
2023-12-19,163,"Approved"
2023-12-20,149,"Approved"
2023-12-21,149,"Approved"
2023-12-22,160,"Approved"
2023-12-23,172,"Approved"
2023-12-24,172,"Approved"
2023-12-25,173,"Approved"
2023-12-26,174,"Approved"
2023-12-27,177,"Approved"
2023-12-28,171,"Approved"
2023-12-29,174,"Approved"
2023-12-30,172,"Approved"
2023-12-31,171,"Approved"
2024-01-01,172,"Approved"
2024-01-02,172,"Approved"
2024-01-03,176,"Approved"
2024-01-04,173,"Approved"
2024-01-05,175,"Approved"
2024-01-06,175,"Approved"
2024-01-07,173,"Approved"
2024-01-08,167,"Approved"
2024-01-09,162,"Approved"
2024-01-10,151,"Approved"
2024-01-11,151,"Approved"
2024-01-12,151,"Approved"
2024-01-13,153,"Approved"
2024-01-14,151,"Approved"
2024-01-15,152,"Approved"
2024-01-16,159,"Approved"
2024-01-17,177,"Approved"
2024-01-18,179,"Approved"
2024-01-19,184,"Approved"
2024-01-20,206,"Approved"
2024-01-21,207,"Approved"
2024-01-22,207,"Approved"
2024-01-23,215,"Approved"
2024-01-24,228,"Approved"
2024-01-25,226,"Approved"
2024-01-26,230,"Approved"
2024-01-27,231,"Approved"
2024-01-28,232,"Approved"
2024-01-29,232,"Approved"
2024-01-30,232,"Approved"
2024-01-31,228,"Approved"
2024-02-01,227,"Approved"
2024-02-02,228,"Approved"
2024-02-03,231,"Approved"
2024-02-04,234,"Approved"
2024-02-05,232,"Approved"
2024-02-06,232,"Approved"
2024-02-07,229,"Approved"
2024-02-08,231,"Approved"
2024-02-09,229,"Approved"
2024-02-10,231,"Approved"
2024-02-11,228,"Approved"
2024-02-12,229,"Approved"
2024-02-13,227,"Approved"
2024-02-14,226,"Approved"
2024-02-15,226,"Approved"
2024-02-16,229,"Approved"
2024-02-17,228,"Approved"
2024-02-18,228,"Approved"
2024-02-19,229,"Approved"
2024-02-20,229,"Approved"
2024-02-21,228,"Approved"
2024-02-22,227,"Approved"
2024-02-23,227,"Approved"
2024-02-24,227,"Approved"
2024-02-25,228,"Approved"
2024-02-26,236,"Approved"
2024-02-27,237,"Approved"
2024-02-28,234,"Approved"
2024-02-29,223,"Approved"
2024-03-01,206,"Approved"
2024-03-02,205,"Approved"
2024-03-03,201,"Approved"
2024-03-04,204,"Approved"
2024-03-05,202,"Approved"
2024-03-06,206,"Approved"
2024-03-07,207,"Approved"
2024-03-08,202,"Approved"
2024-03-09,202,"Approved"
2024-03-10,200,"Approved"
2024-03-11,207,"Approved"
2024-03-12,205,"Approved"
2024-03-13,213,"Approved"
2024-03-14,207,"Approved"
2024-03-15,209,"Approved"
2024-03-16,209,"Approved"
2024-03-17,208,"Approved"
2024-03-18,208,"Approved"
2024-03-19,207,"Approved"
2024-03-20,207,"Approved"
2024-03-21,206,"Approved"
2024-03-22,206,"Approved"
2024-03-23,208,"Approved"
2024-03-24,206,"Approved"
2024-03-25,212,"Approved"
2024-03-26,217,"Approved"
2024-03-27,220,"Approved"
2024-03-28,228,"Approved"
2024-03-29,228,"Approved"
2024-03-30,230,"Approved"
2024-03-31,227,"Approved"
2024-04-01,231,"Approved"
2024-04-02,228,"Approved"
2024-04-03,230,"Approved"
2024-04-04,229,"Approved"
2024-04-05,232,"Approved"
2024-04-06,244,"Approved"
2024-04-07,324,"Approved"
2024-04-08,389,"Approved"
2024-04-09,388,"Approved"
2024-04-10,297,"Approved"
2024-04-11,260,"Approved"
2024-04-12,259,"Approved"
2024-04-13,256,"Approved"
2024-04-14,258,"Approved"
2024-04-15,255,"Approved"
2024-04-16,252,"Approved"
2024-04-17,253,"Approved"
2024-04-18,255,"Approved"
2024-04-19,242,"Approved"
2024-04-20,182,"Approved"
2024-04-21,180,"Approved"
2024-04-22,182,"Approved"
2024-04-23,182,"Approved"
2024-04-24,178,"Approved"
2024-04-25,178,"Approved"
2024-04-26,177,"Approved"
2024-04-27,180,"Approved"
2024-04-28,185,"Approved"
2024-04-29,186,"Approved"
2024-04-30,187,"Approved"
2024-05-01,184,"Approved"
2024-05-02,183,"Approved"
2024-05-03,178,"Approved"
2024-05-04,180,"Approved"
2024-05-05,178,"Approved"
2024-05-06,186,"Approved"
2024-05-07,185,"Approved"
2024-05-08,187,"Approved"
2024-05-09,233,"Approved"
2024-05-10,257,"Approved"
2024-05-11,260,"Approved"
2024-05-12,263,"Approved"
2024-05-13,264,"Approved"
2024-05-14,264,"Approved"
2024-05-15,264,"Approved"
2024-05-16,257,"Approved"
2024-05-17,254,"Approved"
2024-05-18,253,"Approved"
2024-05-19,256,"Approved"
2024-05-20,268,"Approved"
2024-05-21,284,"Approved"
2024-05-22,363,"Approved"
2024-05-23,359,"Approved"
2024-05-24,399,"Approved"
2024-05-25,407,"Approved"
2024-05-26,412,"Approved"
2024-05-27,424,"Approved"
2024-05-28,409,"Approved"
2024-05-29,404,"Approved"
2024-05-30,409,"Approved"
2024-05-31,422,"Approved"
2024-06-01,431,"Approved"
2024-06-02,421,"Approved"
2024-06-03,431,"Approved"
2024-06-04,698,"Approved"
2024-06-05,957,"Approved"
2024-06-06,1530,"Approved"
2024-06-07,1570,"Approved"
2024-06-08,1580,"Approved"
2024-06-09,1590,"Approved"
2024-06-10,1590,"Approved"
2024-06-11,1580,"Approved"
2024-06-12,1580,"Approved"
2024-06-13,1580,"Approved"
2024-06-14,1570,"Approved"
2024-06-15,1580,"Approved"
2024-06-16,1580,"Approved"
2024-06-17,1530,"Approved"
2024-06-18,1160,"Approved"
2024-06-19,1050,"Approved"
2024-06-20,1000,"Approved"
2024-06-21,1010,"Approved"
2024-06-22,1100,"Approved"
2024-06-23,1370,"Approved"
2024-06-24,1500,"Approved"
2024-06-25,1500,"Approved"
2024-06-26,1460,"Approved"
2024-06-27,1200,"Approved"
2024-06-28,1190,"Approved"
2024-06-29,1280,"Approved"
2024-06-30,1470,"Approved"
2024-07-01,1600,"Approved"
2024-07-02,2000,"Approved"
2024-07-03,1870,"Approved"
2024-07-04,1370,"Approved"
2024-07-05,1140,"Approved"
2024-07-06,1100,"Approved"
2024-07-07,1090,"Approved"
2024-07-08,1020,"Approved"
2024-07-09,927,"Approved"
2024-07-10,842,"Approved"
2024-07-11,847,"Approved"
2024-07-12,833,"Approved"
2024-07-13,834,"Approved"
2024-07-14,833,"Approved"
2024-07-15,744,"Approved"
2024-07-16,731,"Approved"
2024-07-17,743,"Approved"
2024-07-18,773,"Approved"
2024-07-19,765,"Approved"
2024-07-20,703,"Approved"
2024-07-21,604,"Approved"
2024-07-22,501,"Approved"
2024-07-23,372,"Approved"
2024-07-24,289,"Approved"
2024-07-25,352,"Approved"
2024-07-26,411,"Approved"
2024-07-27,386,"Approved"
2024-07-28,389,"Approved"
2024-07-29,360,"Approved"
2024-07-30,347,"Approved"
2024-07-31,348,"Approved"
2024-08-01,372,"Approved"
2024-08-02,405,"Approved"
2024-08-03,424,"Approved"
2024-08-04,442,"Approved"
2024-08-05,441,"Approved"
2024-08-06,422,"Approved"
2024-08-07,358,"Approved"
2024-08-08,343,"Approved"
2024-08-09,277,"Approved"
2024-08-10,217,"Approved"
2024-08-11,216,"Approved"
2024-08-12,216,"Approved"
2024-08-13,218,"Approved"
2024-08-14,268,"Approved"
2024-08-15,315,"Approved"
2024-08-16,326,"Approved"
2024-08-17,325,"Approved"
2024-08-18,310,"Approved"
2024-08-19,343,"Approved"
2024-08-20,389,"Approved"
2024-08-21,367,"Approved"
2024-08-22,356,"Approved"
2024-08-23,372,"Approved"
2024-08-24,354,"Approved"
2024-08-25,337,"Approved"
2024-08-26,358,"Approved"
2024-08-27,356,"Approved"
2024-08-28,368,"Approved"
2024-08-29,406,"Approved"
2024-08-30,396,"Approved"
2024-08-31,396,"Approved"
2024-09-01,414,"Approved"
2024-09-02,398,"Approved"
2024-09-03,419,"Approved"
2024-09-04,512,"Approved"
2024-09-05,772,"Approved"
2024-09-06,899,"Approved"
2024-09-07,859,"Approved"
2024-09-08,879,"Approved"
2024-09-09,894,"Approved"
2024-09-10,890,"Approved"
2024-09-11,917,"Approved"
2024-09-12,941,"Approved"
2024-09-13,944,"Approved"
2024-09-14,909,"Approved"
2024-09-15,880,"Approved"
2024-09-16,860,"Approved"
2024-09-17,863,"Approved"
2024-09-18,941,"Approved"
2024-09-19,975,"Approved"
2024-09-20,869,"Approved"
2024-09-21,897,"Approved"
2024-09-22,982,"Approved"
2024-09-23,958,"Approved"
2024-09-24,983,"Approved"
2024-09-25,1010,"Approved"
2024-09-26,1060,"Approved"
2024-09-27,1060,"Approved"
2024-09-28,1060,"Approved"
2024-09-29,1060,"Approved"
2024-09-30,1060,"Approved"
2024-10-01,1080,"Approved"
2024-10-02,1020,"Approved"
2024-10-03,859,"Approved"
2024-10-04,865,"Approved"
2024-10-05,862,"Approved"
2024-10-06,885,"Approved"
2024-10-07,932,"Approved"
2024-10-08,956,"Approved"
2024-10-09,921,"Approved"
2024-10-10,823,"Approved"
2024-10-11,734,"Approved"
2024-10-12,704,"Approved"
2024-10-13,703,"Approved"
2024-10-14,684,"Approved"
2024-10-15,668,"Approved"
2024-10-16,662,"Approved"
2024-10-17,660,"Approved"
2024-10-18,653,"Approved"
2024-10-19,635,"Approved"
2024-10-20,644,"Approved"
2024-10-21,595,"Approved"
2024-10-22,640,"Approved"
2024-10-23,700,"Approved"
2024-10-24,680,"Approved"
2024-10-25,655,"Approved"
2024-10-26,644,"Approved"
2024-10-27,656,"Approved"
2024-10-28,653,"Approved"
2024-10-29,653,"Approved"
2024-10-30,655,"Approved"
2024-10-31,654,"Approved"
2024-11-01,442,"Approved"
2024-11-02,368,"Approved"
2024-11-03,311,"Approved"
2024-11-04,281,"Approved"
2024-11-05,281,"Approved"
2024-11-06,281,"Approved"
2024-11-07,262,"Approved"
2024-11-08,226,"Approved"
2024-11-09,231,"Approved"
2024-11-10,231,"Approved"
2024-11-11,229,"Approved"
2024-11-12,227,"Approved"
2024-11-13,228,"Approved"
2024-11-14,229,"Approved"
2024-11-15,224,"Approved"
2024-11-16,237,"Approved"
2024-11-17,243,"Approved"
2024-11-18,249,"Approved"
2024-11-19,242,"Approved"
2024-11-20,215,"Approved"
2024-11-21,209,"Approved"
2024-11-22,214,"Approved"
2024-11-23,209,"Approved"
2024-11-24,207,"Approved"
2024-11-25,201,"Approved"
2024-11-26,200,"Approved"
2024-11-27,198,"Approved"
2024-11-28,190,"Approved"
2024-11-29,209,"Approved"
2024-11-30,220,"Approved"
2024-12-01,220,"Approved"
2024-12-02,218,"Approved"
2024-12-03,220,"Approved"
2024-12-04,218,"Approved"
2024-12-05,218,"Approved"
2024-12-06,215,"Approved"
2024-12-07,197,"Approved"
2024-12-08,167,"Approved"
2024-12-09,149,"Approved"
2024-12-10,154,"Approved"
2024-12-11,149,"Approved"
2024-12-12,154,"Approved"
2024-12-13,154,"Approved"
2024-12-14,136,"Approved"
2024-12-15,129,"Approved"
2024-12-16,125,"Approved"
2024-12-17,127,"Approved"
2024-12-18,125,"Approved"
2024-12-19,124,"Approved"
2024-12-20,128,"Approved"
2024-12-21,144,"Approved"
2024-12-22,151,"Approved"
2024-12-23,152,"Approved"
2024-12-24,153,"Approved"
2024-12-25,154,"Approved"
2024-12-26,151,"Approved"
2024-12-27,149,"Approved"
2024-12-28,166,"Approved"
2024-12-29,175,"Approved"
2024-12-30,189,"Approved"
2024-12-31,193,"Approved"
2025-01-01,191,"Approved"
2025-01-02,191,"Approved"
2025-01-03,190,"Approved"
2025-01-04,198,"Approved"
2025-01-05,198,"Approved"
2025-01-06,204,"Approved"
2025-01-07,199,"Approved"
2025-01-08,195,"Approved"
2025-01-09,200,"Approved"
2025-01-10,197,"Approved"
2025-01-11,198,"Approved"
2025-01-12,195,"Approved"
2025-01-13,190,"Approved"
2025-01-14,195,"Approved"
2025-01-15,198,"Approved"
2025-01-16,198,"Approved"
2025-01-17,193,"Approved"
2025-01-18,176,"Approved"
2025-01-19,168,"Approved"
2025-01-20,159,"Approved"
2025-01-21,157,"Approved"
2025-01-22,135,"Approved"
2025-01-23,135,"Approved"
2025-01-24,138,"Approved"
2025-01-25,140,"Approved"
2025-01-26,134,"Approved"
2025-01-27,156,"Approved"
2025-01-28,164,"Approved"
2025-01-29,166,"Approved"
2025-01-30,165,"Approved"
2025-01-31,159,"Approved"
2025-02-01,153,"Approved"
2025-02-02,158,"Approved"
2025-02-03,162,"Approved"
2025-02-04,179,"Approved"
2025-02-05,188,"Approved"
2025-02-06,193,"Approved"
2025-02-07,192,"Approved"
2025-02-08,190,"Approved"
2025-02-09,187,"Approved"
2025-02-10,186,"Approved"
2025-02-11,193,"Approved"
2025-02-12,188,"Approved"
2025-02-13,187,"Approved"
2025-02-14,186,"Approved"
2025-02-15,188,"Approved"
2025-02-16,186,"Approved"
2025-02-17,207,"Approved"
2025-02-18,218,"Approved"
2025-02-19,215,"Approved"
2025-02-20,213,"Approved"
2025-02-21,213,"Approved"
2025-02-22,215,"Approved"
2025-02-23,215,"Approved"
2025-02-24,215,"Approved"
2025-02-25,217,"Approved"
2025-02-26,218,"Approved"
2025-02-27,200,"Approved"
2025-02-28,165,"Approved"
2025-03-01,168,"Approved"
2025-03-02,169,"Approved"
2025-03-03,170,"Approved"
2025-03-04,169,"Approved"
2025-03-05,171,"Approved"
2025-03-06,169,"Approved"
2025-03-07,184,"Approved"
2025-03-08,192,"Approved"
2025-03-09,189,"Approved"
2025-03-10,190,"Approved"
2025-03-11,187,"Approved"
2025-03-12,186,"Approved"
2025-03-13,184,"Approved"
2025-03-14,186,"Approved"
2025-03-15,185,"Approved"
2025-03-16,185,"Approved"
2025-03-17,183,"Approved"
2025-03-18,210,"Approved"
2025-03-19,224,"Approved"
2025-03-20,225,"Approved"
2025-03-21,222,"Approved"
2025-03-22,212,"Approved"
2025-03-23,210,"Approved"
2025-03-24,210,"Approved"
2025-03-25,211,"Approved"
2025-03-26,211,"Approved"
2025-03-27,213,"Approved"
2025-03-28,233,"Approved"
2025-03-29,264,"Approved"
2025-03-30,272,"Approved"
2025-03-31,303,"Approved"
2025-04-01,357,"Approved"
2025-04-02,402,"Approved"
2025-04-03,396,"Approved"
2025-04-04,452,"Approved"
2025-04-05,610,"Approved"
2025-04-06,726,"Approved"
2025-04-07,745,"Approved"
2025-04-08,747,"Approved"
2025-04-09,700,"Approved"
2025-04-10,570,"Approved"
2025-04-11,426,"Approved"
2025-04-12,319,"Approved"
2025-04-13,309,"Approved"
2025-04-14,385,"Approved"
2025-04-15,402,"Approved"
2025-04-16,397,"Approved"
2025-04-17,399,"Approved"
2025-04-18,400,"Approved"
2025-04-19,475,"Approved"
2025-04-20,542,"Approved"
2025-04-21,509,"Approved"
2025-04-22,338,"Approved"
2025-04-23,164,"Approved"
2025-04-24,147,"Approved"
2025-04-25,144,"Approved"
2025-04-26,148,"Approved"
2025-04-27,150,"Approved"
2025-04-28,145,"Approved"
2025-04-29,215,"Approved"
2025-04-30,296,"Approved"
2025-05-01,248,"Approved"
2025-05-02,123,"Approved"
2025-05-03,111,"Approved"
2025-05-04,105,"Approved"
2025-05-05,102,"Approved"
2025-05-06,99.4,"Approved"
2025-05-07,99.9,"Approved"
2025-05-08,101,"Approved"
2025-05-09,103,"Approved"
2025-05-10,101,"Approved"
2025-05-11,101,"Approved"
2025-05-12,102,"Approved"
2025-05-13,103,"Approved"
2025-05-14,102,"Approved"
2025-05-15,100,"Approved"
2025-05-16,102,"Approved"
2025-05-17,105,"Approved"
2025-05-18,106,"Approved"
2025-05-19,107,"Approved"
2025-05-20,107,"Approved"
2025-05-21,80.7,"Approved"
2025-05-22,61.3,"Approved"
2025-05-23,60.9,"Approved"
2025-05-24,60.9,"Approved"
2025-05-25,60.9,"Approved"
2025-05-26,61.1,"Approved"
2025-05-27,60.8,"Approved"
2025-05-28,61,"Approved"
2025-05-29,61.2,"Approved"
2025-05-30,61,"Approved"
2025-05-31,61.4,"Approved"
2025-06-01,61.4,"Approved"
2025-06-02,61.5,"Approved"
2025-06-03,61.5,"Approved"
2025-06-04,61.6,"Approved"
2025-06-05,61.9,"Approved"
2025-06-06,62.2,"Approved"
2025-06-07,62.2,"Approved"
2025-06-08,62.2,"Approved"
2025-06-09,62.1,"Approved"
2025-06-10,78.8,"Approved"
2025-06-11,85.3,"Approved"
2025-06-12,85.6,"Approved"
2025-06-13,85.9,"Approved"
2025-06-14,86.1,"Approved"
2025-06-15,86.1,"Approved"
2025-06-16,86.2,"Approved"
2025-06-17,86.4,"Approved"
2025-06-18,86.7,"Approved"
2025-06-19,86.7,"Approved"
2025-06-20,87,"Approved"
2025-06-21,87,"Approved"
2025-06-22,87.2,"Approved"
2025-06-23,87.6,"Approved"
2025-06-24,88,"Approved"
2025-06-25,88,"Approved"
2025-06-26,88.2,"Approved"
2025-06-27,88.5,"Approved"
2025-06-28,88.6,"Approved"
2025-06-29,88.8,"Approved"
2025-06-30,88.8,"Approved"
2025-07-01,99,"Approved"
2025-07-02,111,"Approved"
2025-07-03,146,"Approved"
2025-07-04,153,"Approved"
2025-07-05,158,"Approved"
2025-07-06,173,"Approved"
2025-07-07,185,"Approved"
2025-07-08,191,"Approved"
2025-07-09,191,"Approved"
2025-07-10,254,"Approved"
2025-07-11,357,"Approved"
2025-07-12,392,"Approved"
2025-07-13,443,"Approved"
2025-07-14,509,"Approved"
2025-07-15,547,"Approved"
2025-07-16,601,"Approved"
2025-07-17,628,"Approved"
2025-07-18,628,"Approved"
2025-07-19,625,"Approved"
2025-07-20,655,"Approved"
2025-07-21,701,"Approved"
2025-07-22,760,"Approved"
2025-07-23,794,"Approved"
2025-07-24,793,"Approved"
2025-07-25,823,"Approved"
2025-07-26,847,"Approved"
2025-07-27,852,"Approved"
2025-07-28,849,"Approved"
2025-07-29,843,"Approved"
2025-07-30,824,"Approved"
2025-07-31,775,"Approved"
2025-08-01,808,"Approved"
2025-08-02,767,"Approved"
2025-08-03,667,"Approved"
2025-08-04,658,"Approved"
2025-08-05,713,"Approved"
2025-08-06,768,"Approved"
2025-08-07,811,"Approved"
2025-08-08,838,"Approved"
2025-08-09,806,"Approved"
2025-08-10,770,"Approved"
2025-08-11,801,"Approved"
2025-08-12,853,"Approved"
2025-08-13,863,"Approved"
2025-08-14,833,"Approved"
2025-08-15,823,"Approved"
2025-08-16,801,"Approved"
2025-08-17,771,"Approved"
2025-08-18,773,"Approved"
2025-08-19,790,"Approved"
2025-08-20,776,"Approved"
2025-08-21,700,"Approved"
2025-08-22,672,"Approved"
2025-08-23,659,"Approved"
2025-08-24,559,"Approved"
2025-08-25,400,"Approved"
2025-08-26,284,"Approved"
2025-08-27,196,"Approved"
2025-08-28,124,"Approved"
2025-08-29,104,"Approved"
2025-08-30,106,"Approved"
2025-08-31,109,"Approved"
2025-09-01,110,"Approved"
2025-09-02,132,"Approved"
2025-09-03,202,"Approved"
2025-09-04,287,"Approved"
2025-09-05,347,"Approved"
2025-09-06,354,"Approved"
2025-09-07,360,"Approved"
2025-09-08,350,"Approved"
2025-09-09,352,"Approved"
2025-09-10,330,"Approved"
2025-09-11,342,"Approved"
2025-09-12,344,"Approved"
2025-09-13,340,"Approved"
2025-09-14,350,"Approved"
2025-09-15,309,"Approved"
2025-09-16,326,"Approved"
2025-09-17,385,"Approved"
2025-09-18,434,"Approved"
2025-09-19,503,"Approved"
2025-09-20,621,"Approved"
2025-09-21,621,"Approved"
2025-09-22,626,"Approved"
2025-09-23,624,"Approved"
2025-09-24,594,"Approved"
2025-09-25,614,"Approved"
2025-09-26,684,"Approved"
2025-09-27,726,"Approved"
2025-09-28,734,"Approved"
2025-09-29,720,"Approved"
2025-09-30,703,"Approved"
2025-10-01,701,"Approved"
2025-10-02,727,"Approved"
2025-10-03,746,"Approved"
2025-10-04,782,"Approved"
2025-10-05,789,"Approved"
2025-10-06,750,"Approved"
2025-10-07,695,"Approved"
2025-10-08,621,"Approved"
2025-10-09,473,"Approved"
2025-10-10,406,"Approved"
2025-10-11,389,"Approved"
2025-10-12,330,"Approved"
2025-10-13,330,"Approved"
2025-10-14,340,"Approved"
2025-10-15,358,"Approved"
2025-10-16,397,"Approved"
2025-10-17,393,"Approved"
2025-10-18,362,"Approved"
2025-10-19,364,"Approved"
2025-10-20,342,"Approved"
2025-10-21,297,"Approved"
2025-10-22,261,"Approved"
2025-10-23,433,"Approved"
2025-10-24,667,"Approved"
2025-10-25,633,"Approved"
2025-10-26,675,"Approved"
2025-10-27,699,"Approved"
2025-10-28,553,"Approved"
2025-10-29,287,"Approved"
2025-10-30,239,"Approved"
2025-10-31,197,"Approved"
2025-11-01,190,"Approved"
2025-11-02,180,"Approved"
2025-11-03,181,"Approved"
2025-11-04,172,"Approved"
2025-11-05,147,"Approved"
2025-11-06,146,"Approved"
2025-11-07,145,"Approved"
2025-11-08,146,"Approved"
2025-11-09,150,"Approved"
2025-11-10,145,"Approved"
2025-11-11,145,"Approved"
2025-11-12,144,"Approved"
2025-11-13,150,"Approved"
2025-11-14,161,"Approved"
2025-11-15,159,"Approved"
2025-11-16,177,"Approved"
2025-11-17,206,"Approved"
2025-11-18,226,"Approved"
2025-11-19,208,"Approved"
2025-11-20,185,"Approved"
2025-11-21,173,"Approved"
2025-11-22,156,"Approved"
2025-11-23,157,"Approved"
2025-11-24,156,"Approved"
2025-11-25,151,"Approved"
2025-11-26,144,"Approved"
2025-11-27,146,"Approved"
2025-11-28,146,"Approved"
2025-11-29,147,"Approved"
2025-11-30,145,"Approved"
2025-12-01,149,"Approved"
2025-12-02,145,"Approved"
2025-12-03,133,"Approved"
2025-12-04,121,"Approved"
2025-12-05,119,"Approved"
2025-12-06,122,"Approved"
2025-12-07,120,"Approved"
2025-12-08,119,"Approved"
2025-12-09,118,"Approved"
2025-12-10,128,"Approved"
2025-12-11,143,"Approved"
2025-12-12,141,"Approved"
2025-12-13,138,"Approved"
2025-12-14,138,"Approved"
2025-12-15,138,"Approved"
2025-12-16,139,"Approved"
2025-12-17,141,"Approved"
2025-12-18,146,"Approved"
2025-12-19,160,"Approved"
2025-12-20,161,"Approved"
2025-12-21,150,"Approved"
2025-12-22,140,"Approved"
2025-12-23,148,"Approved"
2025-12-24,145,"Approved"
2025-12-25,144,"Approved"
2025-12-26,145,"Approved"
2025-12-27,135,"Approved"
2025-12-28,124,"Approved"
2025-12-29,128,"Approved"
2025-12-30,120,"Approved"
2025-12-31,107,"Approved"
2026-01-01,113,"Approved"
2026-01-02,132,"Approved"
2026-01-03,154,"Approved"
2026-01-04,147,"Approved"
2026-01-05,148,"Approved"
2026-01-06,162,"Approved"
2026-01-07,182,"Provisional"
2026-01-08,181,"Provisional"
2026-01-09,183,"Provisional"
2026-01-10,184,"Provisional"
2026-01-11,187,"Provisional"
2026-01-12,162,"Provisional"
2026-01-13,132,"Provisional"
2026-01-14,134,"Provisional"
2026-01-15,134,"Provisional"
2026-01-16,135,"Provisional"
2026-01-17,133,"Provisional"
2026-01-18,134,"Provisional"
2026-01-19,128,"Provisional"
2026-01-20,130,"Provisional"
2026-01-21,128,"Provisional"
2026-01-22,128,"Provisional"
2026-01-23,129,"Provisional"
2026-01-24,129,"Provisional"
2026-01-25,130,"Provisional"
2026-01-26,129,"Provisional"
2026-01-27,130,"Provisional"
2026-01-28,128,"Provisional"
2026-01-29,136,"Provisional"
2026-01-30,145,"Provisional"
2026-01-31,150,"Provisional"
2026-02-01,151,"Provisional"
2026-02-02,154,"Provisional"
2026-02-03,154,"Provisional"
2026-02-04,163,"Provisional"
2026-02-05,167,"Provisional"
2026-02-06,171,"Provisional"
2026-02-07,174,"Provisional"
2026-02-08,175,"Provisional"
2026-02-09,156,"Provisional"
2026-02-10,140,"Provisional"
2026-02-11,136,"Provisional"
2026-02-12,139,"Provisional"
2026-02-13,143,"Provisional"
2026-02-14,144,"Provisional"
2026-02-15,143,"Provisional"
2026-02-16,145,"Provisional"
2026-02-17,143,"Provisional"
2026-02-18,141,"Provisional"
2026-02-19,140,"Provisional"
2026-02-20,139,"Provisional"
2026-02-21,137,"Provisional"
2026-02-22,135,"Provisional"
2026-02-23,143,"Provisional"
2026-02-24,143,"Provisional"
2026-02-25,136,"Provisional"
2026-02-26,152,"Provisional"
2026-02-27,155,"Provisional"
2026-02-28,160,"Provisional"
2026-03-01,156,"Provisional"
2026-03-02,154,"Provisional"
2026-03-03,155,"Provisional"
2026-03-04,159,"Provisional"
2026-03-05,158,"Provisional"
2026-03-06,163,"Provisional"
2026-03-07,182,"Provisional"
2026-03-08,187,"Provisional"
2026-03-09,181,"Provisional"
2026-03-10,182,"Provisional"
2026-03-11,185,"Provisional"
2026-03-12,186,"Provisional"
2026-03-13,184,"Provisional"
2026-03-14,185,"Provisional"
2026-03-15,186,"Provisional"
2026-03-16,185,"Provisional"
2026-03-17,186,"Provisional"
2026-03-18,143,"Provisional"
2026-03-19,71.1,"Provisional"
2026-03-20,60.6,"Provisional"
2026-03-21,60.7,"Provisional"
2026-03-22,60.6,"Provisional"
2026-03-23,60.6,"Provisional"
2026-03-24,60.6,"Provisional"
2026-03-25,206,"Provisional"
2026-03-26,392,"Provisional"
2026-03-27,403,"Provisional"
2026-03-28,400,"Provisional"
2026-03-29,403,"Provisional"
2026-03-30,378,"Provisional"
2026-03-31,188,"Provisional"
2026-04-01,62.5,"Provisional"
2026-04-02,62.2,"Provisional"
2026-04-03,62.2,"Provisional"
2026-04-04,62,"Provisional"
2026-04-05,61.9,"Provisional"
2026-04-06,61.5,"Provisional"
2026-04-07,73.7,"Provisional"
2026-04-08,115,"Provisional"
2026-04-09,222,"Provisional"
2026-04-10,336,"Provisional"
2026-04-11,371,"Provisional"
2026-04-12,375,"Provisional"
2026-04-13,396,"Provisional"
2026-04-14,471,"Provisional"
2026-04-15,495,"Provisional"
2026-04-16,497,"Provisional"
2026-04-17,371,"Provisional"
2026-04-18,99.2,"Provisional"
2026-04-19,127,"Provisional"
2026-04-20,147,"Provisional"
2026-04-21,157,"Provisional"
2026-04-22,249,"Provisional"
2026-04-23,436,"Provisional"
2026-04-24,497,"Provisional"
2026-04-25,508,"Provisional"
2026-04-26,511,"Provisional"
2026-04-27,487,"Provisional"
2026-04-28,472,"Provisional"
2026-04-29,485,"Provisional"
2026-04-30,495,"Provisional"
2026-05-01,482,"Provisional"
2026-05-02,465,"Provisional"
2026-05-03,444,"Provisional"
2026-05-04,444,"Provisional"
2026-05-05,445,"Provisional"
2026-05-06,391,"Provisional"
2026-05-07,207,"Provisional"
2026-05-08,59.8,"Provisional"
2026-05-09,59.7,"Provisional"
2026-05-10,60,"Provisional"
2026-05-11,60.2,"Provisional"
2026-05-12,60,"Provisional"
2026-05-13,59.5,"Provisional"
2026-05-14,58.3,"Provisional"
2026-05-15,58.5,"Provisional"
2026-05-16,58.7,"Provisional"
2026-05-17,58.7,"Provisional"
2026-05-18,58.7,"Provisional"
2026-05-19,58.7,"Provisional"
2026-05-20,58.7,"Provisional"
2026-05-21,140,"Provisional"
2026-05-22,284,"Provisional"
2026-05-23,379,"Provisional"
2026-05-24,370,"Provisional"
2026-05-25,324,"Provisional"
2026-05-26,289,"Provisional"
2026-05-27,181,"Provisional"
2026-05-28,57.6,"Provisional"
2026-05-29,56.9,"Provisional"
2026-05-30,57,"Provisional"
2026-05-31,57.3,"Provisional"
2026-06-01,57.4,"Provisional"
2026-06-02,57.5,"Provisional"
2026-06-03,57.8,"Provisional"
2026-06-04,57.8,"Provisional"
2026-06-05,57.8,"Provisional"
2026-06-06,71,"Provisional"
2026-06-07,102,"Provisional"
2026-06-08,195,"Provisional"
2026-06-09,320,"Provisional"
2026-06-10,407,"Provisional"
2026-06-11,445,"Provisional"
2026-06-12,500,"Provisional"
2026-06-13,564,"Provisional"
2026-06-14,594,"Provisional"
2026-06-15,567,"Provisional"
2026-06-16,561,"Provisional"
2026-06-17,561,"Provisional"
2026-06-18,563,"Provisional"
2026-06-19,562,"Provisional"
2026-06-20,561,"Provisional"
2026-06-21,592,"Provisional"
2026-06-22,626,"Provisional"
2026-06-23,637,"Provisional"
2026-06-24,645,"Provisional"
2026-06-25,631,"Provisional"
2026-06-26,607,"Provisional"
2026-06-27,598,"Provisional"
2026-06-28,596,"Provisional"
2026-06-29,590,"Provisional"
2026-06-30,567,"Provisional"
2026-07-01,637,"Provisional"
2026-07-02,739,"Provisional"
2026-07-03,787,"Provisional"
2026-07-04,819,"Provisional"
2026-07-05,802,"Provisional"
2026-07-06,675,"Provisional"
2026-07-07,535,"Provisional"
2026-07-08,654,"Provisional"
2026-07-09,763,"Provisional"
2026-07-10,665,"Provisional"
2026-07-11,620,"Provisional"
2026-07-12,603,"Provisional"
2026-07-13,595,"Provisional"
2026-07-14,505,"Provisional"
2026-07-15,387,"Provisional"
2026-07-16,348,"Provisional"
2026-07-17,332,"Provisional"
2026-07-18,307,"Provisional"
2026-07-19,311,"Provisional"
2026-07-20,321,"Provisional"
2026-07-21,320,"Provisional"
2026-07-22,322,"Provisional"
2026-07-23,335,"Provisional"
2026-07-24,347,"Provisional"
2026-07-25,356,"Provisional"
2026-07-26,345,"Provisional"
2026-07-27,318,"Provisional"
2026-07-28,314,"Provisional"
2026-07-29,320,"Provisional"
2026-07-30,331,"Provisional"
2026-07-31,335,"Provisional"
2026-08-01,324,"Provisional"
2026-08-02,320,"Provisional"
2026-08-03,307,"Provisional"
2026-08-04,287,"Provisional"
2026-08-05,276,"Provisional"
2026-08-06,274,"Provisional"
2026-08-07,281,"Provisional"
2026-08-08,282,"Provisional"
2026-08-09,277,"Provisional"
2026-08-10,272,"Provisional"
2026-08-11,267,"Provisional"
2026-08-12,257,"Provisional"
2026-08-13,273,"Provisional"
2026-08-14,291,"Provisional"
2026-08-15,287,"Provisional"
2026-08-16,286,"Provisional"
2026-08-17,276,"Provisional"
2026-08-18,259,"Provisional"
2026-08-19,262,"Provisional"
2026-08-20,257,"Provisional"
2026-08-21,259,"Provisional"
2026-08-22,257,"Provisional"
2026-08-23,253,"Provisional"
2026-08-24,251,"Provisional"
